0.003288934,0.354761748,0.009407751,0.452827927
0.004938347,0.540820323,0.014125778,0.684143028
0.009350509,1.066629869,0.026746439,1.420806338
0.00657829,0.686134536,0.018816709,0.866026732
0.001616608,0.177809385,0.004624184,0.230970459
0.00878409,0.895471603,0.025126232,1.129718258
0.000798839,0.05249752,0.002285018,0.070383657
0.33337613,0.394272618,0.337422221,0.460995849
0.001981139,0.239852157,0.005666894,0.324941873
0.000919066,0.112089663,0.002628915,0.147839219
0.001113722,0.089519939,0.003185715,0.148371485
0.002043509,0.263432844,0.005845302,0.427836387
0.000497424,0.018518563,0.001422841,0.030840052
0.000662618,0.04996122,0.001895368,0.075170774
0.000570469,0.029721475,0.00163178,0.053706209
0.000391026,0.020409664,0.001118496,0.038093353
0.02495705,0.388691118,0.056830048,0.705308039
0.002994842,0.357952196,0.007739157,0.449202894
0.00454964,0.395885337,0.011333564,0.506226711
0.005560643,0.490136088,0.013914278,0.612943025
0.002541475,0.316907512,0.006617122,0.396579651
0.002000542,0.211111382,0.005093364,0.267256722
0.003111009,0.833063262,0.007832424,1.248540206
0.006066599,0.242075459,0.014104144,0.309186116
0.002700425,0.381756347,0.006238402,0.586793097
0.005368844,0.252722471,0.012800847,0.326322841
0.00739151,0.160319296,0.01703546,0.24705068
0.005150801,0.152148267,0.011976483,0.232042779
0.025932826,0.680204958,0.039067639,1.0722013
0.003453214,0.384328076,0.007875775,0.630144894
0.136111852,0.369867927,0.252684069,0.591734136
0.005952087,0.080092037,0.013619218,0.134771369
0.2407518,0.573237392,0.513663272,1.02753701
0.001762909,0.238973017,0.005042667,0.304149758
0.001554395,0.148371889,0.004446225,0.180454949
0.000162922,0.115477119,0.000466027,0.184895233
0.000826402,0.169218633,0.002363861,0.239010282
0.17133822,0.243936746,0.174109267,0.309968742
0.001165906,0.194632973,0.00333498,0.3143332
0.00064576,0.049424774,0.001847143,0.081972627
0.000807107,0.078116449,0.002308666,0.126003412
0.000939782,0.079249733,0.00268817,0.129564552
0.000903302,0.041152928,0.002583821,0.068041596
0.000717628,0.049786207,0.002052716,0.082415258
0.000239752,0.024551474,0.000685791,0.038334096
0.000357403,0.033325524,0.001022324,0.050326114
0.000609842,0.066507735,0.001744403,0.111501717
0.000776315,0.060615636,0.002220585,0.095490171
0.001206767,0.69897731,0.003451858,1.142477189
0.00088455,0.039821355,0.002530184,0.063867373
0.000927385,0.070001257,0.002652713,0.114333695
0.000959991,0.346449894,0.002745977,0.52085457
0.000957396,0.058216256,0.002738553,0.097653973
0.000768539,0.048858324,0.002198345,0.084279815
0.000599187,0.069541468,0.001713928,0.093346717
0.001549669,0.160251628,0.004432711,0.202020088
0.000579965,0.247699968,0.001658945,0.390237478
0.000422874,0.069830255,0.001209598,0.105346409
0.001276216,1.838675044,0.003650512,3.046870392
0.00199425,0.359584251,0.005704392,0.575030714
0.00044247,1.225351975,0.001265649,2.004854076
0.000995307,0.069378621,0.002846995,0.120957323
0.000738655,1.578812139,0.002112861,2.597421529
0.000728147,0.622606111,0.002082804,1.016625411
0.001566519,0.118860611,0.004480901,0.196539928
0.001268289,0.700453821,0.003627837,1.129475616
0.00118238,2.703836547,0.003382102,4.33954393
0.000910861,1.180749803,0.002605444,1.917943046
0.001749464,0.350858772,0.005004206,0.500888677
0.136617715,0.351434165,0.251698203,0.557096233
0.000113846,0.014850393,0.000325645,0.020411662
0.232319302,0.401896901,0.49517257,0.827818775
0.000992314,0.051389,0.002838431,0.095326351
0.000882462,0.882163398,0.002524211,1.425100388
0.000519269,0.22599273,0.001485326,0.369287868
0.001308186,0.106819861,0.003741965,0.182951859
0.001447963,0.080252794,0.004141784,0.122234339
0.000941393,0.10517583,0.00269278,0.157441788
0.000939998,0.11835019,0.002688792,0.188841702
0.00064497,0.028879839,0.001844884,0.055000523
0.001267879,0.190944833,0.003626668,0.324864956
0.001087431,0.048851303,0.003110508,0.090096818
0.000625688,0.039097554,0.001789731,0.071220823
0.000978493,0.052059003,0.002798901,0.095225397
0.000799833,0.804538223,0.002287856,1.313393546
0.001130265,0.045640794,0.003233029,0.08698749
0.00036055,0.016769208,0.001031325,0.030309626
0.000378082,0.019351055,0.001081473,0.033769608
0.000320373,0.014100668,0.000916404,0.023481672
0.000499952,0.022060231,0.001430073,0.03935899
0.001199485,0.065579402,0.003431034,0.114472936
0.00053802,0.029450802,0.001538962,0.054426794
0.001686436,2.836280752,0.004823917,4.596347184
0.000510823,0.042188906,0.001461171,0.060159636
0.000748035,0.196250273,0.002139697,0.305583626
0.001323633,0.272376886,0.003786143,0.44699733
0.000576216,0.087114011,0.001648219,0.147316897
0.000476127,0.029162586,0.001361923,0.050285537
0.000306824,0.012927719,0.000877644,0.021876129
0.000737728,0.062583064,0.002110209,0.113101796
0.000461288,0.025111523,0.001319476,0.042150827
0.000530681,0.025469045,0.001517973,0.044739134
0.001216096,0.060900809,0.003478545,0.110590027
0.000566406,0.026146466,0.001620158,0.046321383
0.000236227,0.0104925,0.000675707,0.019358035
0.000405588,0.022260026,0.001160152,0.03975486
0.000487931,0.026933005,0.001395688,0.046444113
0.0007934,0.15202372,0.002269458,0.256257433
0.000545689,0.035197407,0.0015609,0.060564512
0.000557968,0.022570707,0.001596022,0.042856447
0.000712824,0.043145376,0.002038974,0.071703425
0.001022019,0.078151091,0.002923403,0.13739829
0.001245672,0.061287124,0.003563148,0.089733277
0.001376891,0.109434365,0.003938494,0.165876065
0.000686202,0.025060649,0.001962826,0.042527721
0.000785773,0.056595925,0.002247637,0.109432915
0.000975532,0.047368085,0.002790431,0.082058984
0.000570423,0.045549194,0.00163165,0.079383518
0.000594668,0.017618909,0.001700997,0.036692969
0.001071626,0.038027274,0.0030653,0.071275092
0.00093534,0.059627231,0.002675461,0.106590265
0.000546935,0.033701681,0.001564464,0.062543013
0.000356366,0.018472349,0.001019354,0.029637579
0.000552048,0.022919047,0.00157909,0.043550663
0.000392029,0.021394463,0.001121367,0.040266232
0.00061599,0.036154847,0.00176199,0.068825244
0.001116581,0.085126829,0.003193889,0.151196948
0.139888496,0.340417873,0.258287818,0.562055533
0.000729253,0.036324697,0.002085971,0.064191913
0.00051595,0.035924212,0.001475835,0.063145459
0.000503227,0.015220471,0.001439439,0.026270834
0.000547658,0.027070912,0.001566533,0.048275133
0.001311181,0.087799086,0.003750529,0.142864345
0.00179587,0.143268565,0.005136942,0.205433802
0.000505251,0.053287222,0.001445231,0.076556847
0.001040911,0.072726925,0.002977443,0.115498663
0.000583537,0.12900246,0.001669163,0.16557992
0.0004139,0.06234474,0.001183929,0.075408957
0.001259459,0.209578986,0.003602581,0.307410437
0.000209061,0.017926651,0.000598,0.024521799
0.00061134,0.017431096,0.001748686,0.028287835
0.000447739,0.016654454,0.00128072,0.033677503
0.000719386,0.039888559,0.002057742,0.071347975
0.000432877,0.021586427,0.001238208,0.040398716
0.000654922,0.027613902,0.00187335,0.055546353
0.000418095,0.021032555,0.001195926,0.039075247
0.000747699,0.059769821,0.00213873,0.100083074
0.00046364,0.024708022,0.001326206,0.044984894
0.000449786,0.024101688,0.001286575,0.044792758
0.001134689,0.05649365,0.003245686,0.110197825
0.000707059,0.052447786,0.002022485,0.090931825
0.001217777,0.047583697,0.003483349,0.098313823
0.000690631,0.084352112,0.001975496,0.112311689
0.000211282,0.457106246,0.000604356,0.738004958
8.34891E-05,0.263529904,0.000238815,0.426353505
0.000687695,0.053931068,0.001967096,0.095104058
0.000810812,0.08156421,0.00231926,0.141395379
0.000789837,0.037046093,0.002259264,0.070461124
0.000858665,0.05562631,0.002456141,0.09553719
0.129495355,0.327036483,0.239664325,0.552975523
0.000512031,0.049013974,0.001464622,0.083838845
0.001007276,0.043110342,0.00288123,0.08229505
0.000837264,0.075619649,0.002394925,0.114010968
0.193827543,0.181238055,0.194841287,0.192994454
0.000550121,0.041451157,0.00157358,0.054150323
0.001194356,0.06554884,0.003416359,0.123933534
0.000771853,0.038640276,0.002207821,0.071385913
0.000559705,0.02932091,0.001600992,0.053537905
0.000333285,0.015620246,0.000953336,0.029383499
0.000582128,0.02472509,0.00166513,0.044882486
0.000553199,0.027424057,0.001582382,0.047312248
0.138597494,0.307937708,0.255512939,0.505253236
0.000462481,0.021380673,0.00132289,0.039918854
0.000842419,0.042098005,0.002409668,0.07694194
0.000380762,0.016007848,0.001089141,0.028871766
0.470667989,0.774212708,1.002778307,1.631389241
0.167528564,0.230951878,0.170158971,0.276503954
0.000946409,0.806705465,0.002707124,1.341075852
0.001142004,0.07728516,0.003266612,0.122695591
0.000772319,0.05165477,0.002209155,0.096785725
0.001197344,0.111257395,0.003424905,0.165386323
0.001055232,0.048761067,0.003018405,0.088641511
0.001157672,0.042135889,0.003311426,0.083047808
0.000943166,0.059814753,0.002697848,0.107510309
0.000738283,0.03438957,0.002111798,0.063960329
0.00072982,0.04402087,0.00208759,0.078539827
0.000535744,0.012181712,0.001532454,0.020829619
0.001377729,0.05478687,0.003940883,0.102430886
0.001230319,0.101879515,0.003519228,0.183383701
0.000988081,0.071154307,0.002826327,0.108281186
0.000617489,0.027611509,0.001766279,0.051759942
0.000650509,0.034799847,0.00186073,0.062012869
0.000539449,0.025478308,0.001543047,0.048931304
0.000301757,0.015265496,0.000863153,0.026777286
0.000434754,0.024035398,0.001243578,0.043444539
0.000538926,0.038073706,0.001541555,0.064197716
0.000796626,0.042153403,0.002278685,0.070473089
0.000772296,0.039473501,0.002209091,0.073567489
0.000464415,0.02232677,0.001328421,0.041447641
0.07493383,0.162839566,0.13881736,0.268544188
0.001397798,0.332166521,0.003998294,0.473384137
0.000639666,0.192757538,0.001829714,0.250730904
0.001062046,0.295564551,0.003037905,0.393749192
0.000749839,0.71498814,0.002144856,1.139370321
0.00172192,0.327164168,0.00492542,0.438907014
0.306674125,0.525505973,0.653454042,1.078475105
0.000559245,0.171290114,0.001599674,0.275362323
0.000439451,0.072476983,0.001257014,0.124369651
0.000319055,0.017617009,0.000912629,0.032633809
0.000594392,0.085051925,0.001700212,0.134324479
0.000259013,0.119333605,0.000740886,0.196448108
0.001084031,0.230621282,0.003100789,0.314834073
0.0014332,0.301950256,0.00409956,0.435548304
0.000378982,0.034934542,0.001084044,0.060918176
0.00049139,0.031335742,0.001405581,0.053131336
0.000352741,0.024365173,0.001008987,0.042268946
0.000288157,0.033151263,0.000824252,0.056013853
0.000422969,0.032513268,0.001209866,0.054519753
0.000567137,0.057294035,0.001622248,0.089074516
0.000336865,0.02205939,0.000963575,0.036605897
0.001533855,0.139344945,0.004387466,0.257927218
0.00168127,0.109111313,0.004809132,0.207431724
0.000775465,0.122233494,0.002218157,0.18313083
0.068871887,0.176928596,0.12743439,0.281182684
0.000782319,0.06435717,0.002237756,0.107905999
0.001107446,0.590952984,0.003167767,0.881694825
0.246707072,0.572353569,0.454372557,0.926460543
0.315729436,0.531747964,0.672608115,1.106965475
0.000353177,0.207411008,0.001010234,0.325903972
0.472070973,0.73502974,0.868713141,1.187788611
0.000348613,0.026510964,0.000997181,0.046630855
0.000369999,0.097508613,0.001058355,0.155237123
0.000358567,0.113595898,0.001025654,0.179040676
0.000710377,0.071300689,0.002031978,0.101676894
0.000329603,0.042440333,0.000942801,0.070478934
0.00032151,0.021661852,0.000919656,0.036585286
0.000416338,0.02574594,0.001190899,0.043132124
0.327593348,0.641764521,0.698139532,1.276622915
0.000542151,0.038881123,0.001550778,0.062884987
0.000722423,0.073594666,0.002066431,0.121079637
0.567682878,1.063464219,1.136981347,1.983629757
0.25559355,0.934854414,0.470993615,1.526142412
0.000888384,0.102927462,0.002541148,0.150671695
0.000967784,0.182290952,0.002768268,0.264216608
0.000446788,0.039329305,0.001278,0.060180087
0.000430241,0.053316045,0.001230668,0.082564994
0.000458018,0.045850181,0.001310125,0.074605941
0.000306147,0.021324801,0.000875712,0.035646742
0.511459636,1.001938489,1.024521038,1.833095093
0.001186276,0.232336345,0.00339325,0.335540847
0.000467213,0.068211396,0.001336426,0.111213263
0.000382633,0.024233609,0.001094492,0.041864968
0.000392373,0.036296608,0.001122351,0.062089597
0.0003817,0.023339933,0.00109182,0.042505666
0.000550457,0.056898355,0.001574541,0.088920853
0.068205287,0.158172932,0.126106547,0.265661354
0.000426449,0.05388383,0.001219823,0.083375778
0.000835828,0.10782817,0.00239082,0.166142673
0.000443514,0.047205346,0.001268635,0.072546218
0.561250006,1.313337936,1.124111725,2.364152478
0.001106599,0.128785439,0.003165339,0.211059279
0.000815728,0.052807357,0.002333327,0.098324739
0.00068649,0.042445006,0.001963652,0.081522226
0.000700465,0.387699033,0.002003623,0.636099699
0.000487682,0.217559523,0.001394973,0.359539957
0.000484527,0.274771646,0.001385951,0.454251582
0.000388648,0.032139438,0.001111694,0.059658428
0.000330249,0.025023634,0.000944652,0.046071216
0.000449268,0.036045457,0.001285095,0.066458035
0.000425461,0.029658832,0.001216996,0.056198237
0.00069967,0.063321871,0.002001352,0.109622309
0.000618413,0.042220365,0.001768924,0.078766679
0.00055187,0.384937172,0.001578579,0.612148933
0.001121367,0.088067668,0.00320758,0.151759648
0.000366451,0.022132168,0.001048204,0.043161478
0.000556908,0.04303962,0.001592991,0.079131618
0.000456527,0.050289847,0.001305859,0.089140739
0.000400688,0.024760335,0.001146137,0.046772581
0.000378309,0.020929412,0.001082122,0.038695803
0.000445589,0.025915708,0.00127457,0.049507593
0.000249034,0.016024792,0.000712344,0.027798438
0.000262157,0.013833895,0.000749879,0.02609141
0.000234644,0.036078328,0.000671181,0.063604624
0.000183691,0.028985675,0.000525433,0.048708043
0.000196061,0.039489276,0.000560819,0.067954776
0.000234113,0.012811112,0.000669661,0.024631238
0.233837878,0.756826322,0.4311448,1.236721448
0.001571901,0.145332014,0.0044963,0.248087219
0.00037962,0.516567494,0.001085873,0.841209055
0.000431547,0.132897675,0.001234404,0.225475453
0.000637187,0.347159185,0.00182262,0.569617599
0.000971007,0.102221181,0.00277749,0.181012662
0.000255673,0.011129006,0.000731331,0.022283432
0.000224945,0.014210295,0.000643435,0.029093082
0.00024265,0.016862428,0.000694079,0.031389062
0.000271309,0.010402494,0.000776056,0.02116349
0.000479628,0.02384447,0.001371935,0.048700858
0.000130631,0.006695579,0.000373661,0.013499245
0.000227556,0.010859383,0.000650904,0.022022537
0.000140141,0.007344358,0.000400863,0.015028037
0.000254364,0.012013812,0.000727589,0.023987136
0.000258199,0.014499903,0.000738558,0.028599029
0.000398983,0.255666995,0.001141261,0.410505031
0.000443714,0.049724262,0.00126921,0.076721866
0.000454609,0.062569877,0.001300372,0.105593532
0.000891159,0.347379729,0.00254909,0.566431534
0.000578219,0.048739279,0.001653948,0.083011222
0.00051128,0.026858919,0.001462477,0.050733514
0.000813549,0.047537424,0.00232709,0.088365765
0.000473139,0.082106645,0.001353374,0.138539997
0.000238589,0.012709816,0.000682466,0.025450576
0.000390631,0.019835207,0.001117369,0.038304536
0.000244899,0.015434188,0.000700514,0.031710463
0.000296563,0.265625793,0.000848293,0.435243074
0.000239722,0.0131522,0.000685705,0.023177986
0.000811913,0.124762299,0.002322415,0.177273953
0.000733132,0.083143103,0.002097067,0.114957063
0.000954353,0.225973044,0.002729857,0.25690094
0.000860143,0.219873652,0.002460373,0.244201573
0.000787473,0.157864137,0.002252506,0.193261101
0.877368621,1.811676149,1.482615394,2.818982885
0.069714526,0.159854122,0.149214073,0.305470719
0.00045234,0.0464649,0.001293883,0.068602165
0.000500723,0.038295174,0.001432278,0.066111672
0.000318524,0.077055682,0.00091111,0.131370112
0.000459877,0.084077614,0.001315443,0.137616358
0.000862639,0.159203525,0.002467516,0.198641339
0.001818582,1.416374963,0.005201911,2.169536088
0.000896023,0.201552293,0.002563009,0.237902679
5.55382E-05,0.192762598,0.000158862,0.312507971
3.19924E-05,0.008396163,9.15125E-05,0.010117849
0.997786395,2.056471958,1.836050316,3.309243372
0.000667391,0.049110107,0.001909018,0.079089833
0.000557303,0.170092362,0.001594122,0.277874996
0.000506234,0.094782268,0.001448042,0.153818496
0.000256929,0.308742242,0.000734925,0.445690735
0.68507606,1.512954529,1.260267708,2.439814835
8.96226E-05,0.046814514,0.000256359,0.054907478
0.000744072,0.244556092,0.002128359,0.360487332
0.000560043,0.040403131,0.001601959,0.056815017
0.001455304,0.091372739,0.004162783,0.138088576
0.000729491,0.076044841,0.002086651,0.133021184
0.000561943,0.038405342,0.001607391,0.067087101
0.000538126,0.041090904,0.001539265,0.067142964
0.000349736,0.024106708,0.001000393,0.037989261
1.345790884,2.089797482,2.476077674,3.396319902
0.001041941,0.056190581,0.00298039,0.103876704
0.000573827,0.072987215,0.001641387,0.126451365
0.001144933,0.206554506,0.003274989,0.342924691
0.001110344,0.062733536,0.003176047,0.118972751
0.151365616,0.492318506,0.298468426,0.806925888
0.00117306,0.076920833,0.003355442,0.130191623
0.0011937,0.092166623,0.003414481,0.156788228
0.000677011,0.065427112,0.001936537,0.104205467
0.000439758,0.066739846,0.001257892,0.116551375
0.000855261,0.075504574,0.002446404,0.13146677
0.000768395,0.042825103,0.00219793,0.078821563
7.95635E-05,0.04467952,0.000227584,0.048050208
0.000982156,0.21033234,0.002809381,0.250780639
4.43351E-05,0.040160979,0.000126819,0.042158396
0.124910248,0.300402582,0.23084823,0.479288442
3.382497142,5.244233895,6.222619658,8.48366041
0.000396751,0.025899356,0.001134874,0.048363639
0.000747972,0.133813027,0.002139511,0.208972233
1.16687949,2.276735568,2.164670379,3.749906011
0.000515405,0.033762139,0.001474271,0.05665825
2.35021216,4.093985832,4.343305112,6.683483274
0.000453527,0.074143497,0.001297278,0.103427118
9.22745E-05,0.009776659,0.000263943,0.014563224
0.000884866,0.088957755,0.002531088,0.157404449
0.0009346,0.039638837,0.002673347,0.078698039
0.000994546,0.081172884,0.002844816,0.138349661
0.00044818,0.027736942,0.001281981,0.056969113
0.00033873,0.011572506,0.000968908,0.023095811
0.000143143,0.00810181,0.000409449,0.016812112
0.000120327,0.005361831,0.000344185,0.010801828
0.000183203,0.080227995,0.000524039,0.087975427
0.000889599,0.082413055,0.002544628,0.124493657
0.001054788,0.09375207,0.003017136,0.157224329
0.000254628,0.024208332,0.000728344,0.03649198
0.000313108,0.02217509,0.000895618,0.035717335
0.000975105,0.112807479,0.002789212,0.149551932
0.000498646,0.039306366,0.001426339,0.058787851
0.000295444,0.017760265,0.000845095,0.026114294
0.000776146,0.072268675,0.0022201,0.128211366
0.000567792,0.036693828,0.001624124,0.062913174
0.000302205,0.014175909,0.000864433,0.025903938
0.000405001,0.033701749,0.001158471,0.04969548
0.000576226,0.093176949,0.001648252,0.115748502
0.000435798,0.050015638,0.001246563,0.076325136
0.000227692,0.015277328,0.000651297,0.025520981
0.000532462,0.044746238,0.001523062,0.075801017
0.000558092,0.035958138,0.001596376,0.063181229
0.000631717,0.061593665,0.001806975,0.089807696
0.000550273,0.062085844,0.00157401,0.088981654
0.000409296,0.049920783,0.001170756,0.083102816
0.000424458,0.07825233,0.001214127,0.126376557
0.000781121,0.046346512,0.002234331,0.086527596
0.000558904,0.062288522,0.0015987,0.087142557
0.000525793,0.219923579,0.001503991,0.29158492
0.065685069,0.121162077,0.139951339,0.24749603
0.000973937,0.039884813,0.002785866,0.085072298
0.000690035,0.029490013,0.001973787,0.062530384
0.001234732,0.066944302,0.003531848,0.133086824
0.000529609,0.021972045,0.001514905,0.046084784
0.064276727,0.135788132,0.136881226,0.255486744
0.000454753,0.146278436,0.001300784,0.181022267
0.000193724,0.022757626,0.000554131,0.039190186
0.000186667,0.010937656,0.000533945,0.019639177
0.000373762,0.01964379,0.001069115,0.038930285
0.000298413,0.015460327,0.000853585,0.029810737
0.000257197,0.025384283,0.00073569,0.045353351
0.000280987,0.014427089,0.00080374,0.027715573
0.000128942,0.00844235,0.000368828,0.014539011
0.000171649,0.010362701,0.000490989,0.018610563
0.000252961,0.014112305,0.000723573,0.026893166
0.203519744,0.332115649,0.374608201,0.540845233
0.00103319,0.071968985,0.002955354,0.125939659
0.000145279,0.016216759,0.00041556,0.023068873
4.61817E-05,0.012459048,0.0001321,0.014818946
0,0,0,0
0.001480886,0.238066118,0.00423596,0.30411914
0.005655019,0.472165099,0.01617572,0.837175737
0.000736245,0.158973414,0.002105976,0.188807462
0.001049312,0.203190736,0.00300148,0.242013519
0.00283571,0.485154169,0.008111333,0.551482458
0.001267133,0.145511975,0.003624531,0.195247897
0.001353904,0.384763515,0.003872738,0.556977443
0.000728359,0.069203429,0.002083411,0.099597319
0.003444658,0.542977132,0.009853181,0.646621206
0.001107384,0.078144027,0.00316758,0.121337687
0.000708089,0.047946679,0.002025432,0.079523839
0.001063328,0.06191033,0.003041562,0.103373541
0.001461005,0.096932944,0.004179087,0.165363621
0.000292933,0.043288659,0.00083791,0.074314982
0.002116429,0.177880352,0.006053869,0.333724696
0.001560747,0.341635326,0.004464402,0.398786618
0.558546551,0.944354879,0.564811778,1.055630432
0.00042575,0.069063505,0.001217825,0.093339607
0.316765433,0.73764442,0.320743005,0.966422177
0.001442096,0.19415625,0.004125,0.323689971
0.00373237,0.274893367,0.010676134,0.569826594
0.001899588,0.274129408,0.005433618,0.438997824
0.001584204,0.155192544,0.004531487,0.25378923
0.001217055,0.145451318,0.003481292,0.190057045
0.000763624,1.273588331,0.00218429,2.048711401
0.00080247,0.073174484,0.002295399,0.117901431
0.001221391,0.317278564,0.003493695,0.474547613
0.000671167,0.045038095,0.001919821,0.075393716
0.001423647,0.080094684,0.004072227,0.142257078
0.002361285,0.367494332,0.00675427,0.583888502
0.32820631,0.378998373,0.331636558,0.474447404
0.000468215,0.080423835,0.001339294,0.119184582
0.00057034,0.429353458,0.001631411,0.685836817
0.00180882,0.175485976,0.00517399,0.214468854
0.000674882,0.081681455,0.001930446,0.153716383
0.000775476,0.047620235,0.002218185,0.085767595
0.000719975,0.044727853,0.002059433,0.078199272
0.001193464,1.129995995,0.003413812,1.817483098
0.000540156,0.112175918,0.001545073,0.168984239
0.000584921,0.074800831,0.001673123,0.11006293
0.000264106,0.022507083,0.000755453,0.034429723
0.000933897,0.132649975,0.002671337,0.22826741
0.000738784,0.047323544,0.002113231,0.08037423
0.00093406,0.108996117,0.00267181,0.141699955
0.000353763,0.043622679,0.001011913,0.06022999
0.000722188,0.02823233,0.002065761,0.039371954
0.001342187,0.096770707,0.003839217,0.183386983
0.001198933,0.102946212,0.00342945,0.165162998
0.001745984,0.124121133,0.004994247,0.224720562
0.227842823,0.217943171,0.228972491,0.236983004
0.000728421,0.115355608,0.002083595,0.148436254
0.000672753,0.270176892,0.00192436,0.311498202
0.000923863,0.07296469,0.002642633,0.113933767
0.000773919,0.070277402,0.002213734,0.106819234
0.001078715,0.140869143,0.003085578,0.222483356
0.000800668,0.060321666,0.002290246,0.090036078
0.000496364,0.066978679,0.001419814,0.093913133
0.000253478,0.027958301,0.000725052,0.03930118
0.000595384,0.488222482,0.001703051,0.772180843
0.000419513,0.594435905,0.001199985,0.953523035
0.001195744,0.08290442,0.00342033,0.147046313
0.001164821,0.138141859,0.003331878,0.245883322
0.000318179,0.051329517,0.000910126,0.062426428
1.670750772,2.589247719,3.102417638,4.271608168
0.000239743,0.035449204,0.000685766,0.044376053
6.79955E-05,0.006152915,0.000194495,0.009711514
0.000517059,0.058785356,0.001479006,0.074486998
0.001501909,0.147266338,0.004296088,0.238908214
0.000760272,0.050961179,0.002174695,0.082319536
0.000452454,0.053806545,0.00129421,0.073508474
0.00055138,0.055286741,0.001577178,0.083802767
0.338747758,0.312740343,0.340304741,0.334982735
0.000185967,0.021199957,0.000531944,0.034548007
0.00050763,0.101147642,0.001452036,0.153335124
0.001674118,0.280861512,0.004788679,0.46668771
0.001059864,0.230957309,0.003031655,0.383794652
0.160573853,0.180622761,0.161587136,0.188273531
0.000996299,0.169390279,0.002849838,0.200873889
0.000971404,0.142452586,0.002778624,0.232886535
0.160643397,0.173954323,0.16178606,0.203546076
0.000453137,0.047044636,0.001296166,0.064545378
0.000194258,0.01646842,0.000555658,0.027552053
0.00119428,0.164369106,0.003416143,0.273805833
0.107839313,0.204976606,0.230052447,0.424609394
0.001606334,0.133640867,0.004594787,0.227585521
0.000426115,0.064927791,0.001218868,0.085897921
0.001190539,0.092087277,0.003405442,0.147015342
0.000384416,0.076325819,0.001099594,0.126571502
0.000634661,0.182806519,0.001815398,0.277345287
0.001047005,0.061221661,0.002994872,0.108414241
0.000855275,0.052998579,0.002446445,0.094225805
0.00052949,0.05806542,0.001514563,0.097910903
0.001109071,0.069863631,0.00317241,0.115919041
0.000969377,0.424845728,0.002772825,0.677749915
0.587999658,0.537465877,0.59184883,0.597423993
8.07533E-05,0.011058309,0.00023099,0.019605327
0.000181107,0.011345265,0.000518042,0.021062671
0.103964935,0.222735985,0.221956757,0.46598951
0.000824194,0.039105667,0.002357541,0.077160655
0.000836662,0.071653454,0.002393207,0.111511661
0.000882929,0.173798326,0.00252555,0.217850884
0.000586527,0.116782776,0.001677717,0.138118952
0.000803685,0.18503346,0.002298879,0.218009754
0.56822464,0.726257994,0.571077827,0.797364552
0.001961954,0.384840968,0.005612021,0.435606622
0.00048999,0.109025495,0.001401576,0.161368791
0.000809592,0.142310114,0.002315776,0.215924578
0.001161002,0.129509116,0.003320958,0.174644515
0.001572566,0.111687287,0.0044982,0.174269119
0.000924496,0.082054928,0.00264445,0.117858783
0.001320814,0.149398885,0.003778086,0.189646425
0.348070815,0.484895239,0.349436545,0.61037957
0.00092698,0.098984367,0.002651553,0.126609456
0.000578636,0.088469772,0.001655146,0.117073929
0.000582089,0.074752087,0.00166502,0.117034743
0.000755812,0.063144888,0.002161942,0.095129749
0.000725744,0.054591803,0.002075933,0.084934276
0.175804849,0.345758052,0.373453379,0.692432793
0.00080728,0.228345598,0.002309159,0.363793668
0.000132735,0.106242516,0.00037968,0.168137935
0.00062146,0.057547442,0.00177764,0.080760608
0.00083732,0.073579564,0.00239509,0.117733376
0.000644071,0.040106716,0.001842313,0.069908991
0.00135016,0.091020978,0.003862028,0.14359334
0.000445631,0.040994815,0.001274693,0.057978107
0.000377419,0.051098231,0.001079578,0.06273937
0.000232775,0.030301636,0.000665836,0.036513872
0.000541382,0.322137756,0.001548582,0.519023307
0.000428183,0.080860225,0.001224786,0.129274063
0.000485787,0.043162869,0.001389558,0.059958847
0.000197886,0.299092088,0.000566036,0.483798669
0.000449606,0.022838374,0.001286061,0.0381705
0.000443226,0.031629122,0.001267813,0.051443507
0.000496313,0.031576427,0.001419665,0.052435798
0.000792887,0.107142869,0.002267991,0.136696453
0.000332239,0.029517266,0.000950344,0.041083402
0.000592034,0.075485235,0.001693469,0.104951851
0.00026685,0.052716678,0.000763303,0.081986743
0.000422814,0.033413728,0.001209425,0.051890251
0.000261403,0.016822207,0.000747723,0.026438538
0.000171162,0.027447582,0.000489594,0.032994941
0.000296747,0.022126323,0.00084882,0.032198786
0.000700551,0.076965879,0.002003873,0.10258542
0.000657916,0.059685649,0.001881914,0.101761379
0.000712727,0.047976494,0.0020387,0.073721091
0.000317342,0.023065332,0.00090773,0.036115081
0.000861933,0.051869989,0.002465492,0.086407769
0.000592433,0.070056702,0.001694611,0.105140416
0.000390495,0.026259349,0.001116978,0.043335202
0.000441811,0.029100357,0.001263765,0.047760206
0.000485977,0.050851456,0.001390102,0.071177101
0.000549244,0.047486815,0.001571069,0.068562426
0.000763446,0.078063115,0.002183777,0.101191862
0.000211341,0.17878956,0.000604526,0.184879986
0.000734115,0.078955275,0.002099881,0.106590406
0.000332607,0.053041897,0.000951399,0.065225496
0.000351521,0.033791054,0.001005498,0.049317206
0.000309986,0.027494795,0.000886691,0.039219104
0.000444506,0.050492506,0.001271475,0.079890581
0.000383508,0.026519147,0.001096994,0.04152162
0.001236022,0.286158847,0.003535551,0.354336875
0.001580277,0.346733541,0.004520268,0.395429312
1.341746892,1.373895916,1.347164104,1.421480551
0.000140833,0.041413177,0.000402841,0.04832457
0.000579599,0.109329019,0.0016579,0.127343578
0.001426184,0.31665455,0.00407949,0.381992175
0.000729572,0.116617115,0.002086883,0.149640232
0.000721699,0.261804033,0.002064365,0.384753874
0.000773281,0.113743783,0.002211907,0.150364037
0.000336846,0.04588145,0.000963523,0.060534461
0.000176323,0.027473826,0.000504358,0.036014978
0.000553928,0.123629823,0.001584469,0.184587936
0.000556248,0.083210613,0.001591104,0.116435632
0.000278856,0.032748431,0.000797646,0.044400308
0.000222976,0.027629807,0.000637807,0.035366054
0.000247414,0.033158065,0.000707709,0.044792489
0.000616686,0.063132878,0.001763982,0.091857614
0.000969468,0.094044661,0.002773087,0.142707771
0.000309202,0.035197683,0.000884451,0.045306869
0.00056278,0.061915204,0.001609791,0.078311564
0.000487892,0.059210721,0.001395578,0.079075161
8.23954E-05,0.023899082,0.000235687,0.039117149
0.000336628,0.152985118,0.000962901,0.236941674
6.98711E-05,0.008005909,0.00019986,0.011053534
0.000211407,0.013800275,0.000604715,0.021046147
0.000504071,0.041873567,0.001441855,0.065053043
0.000402732,0.033181363,0.001151983,0.050815213
0.000305265,0.028483324,0.000873186,0.043404654
0.000326699,0.027079065,0.000934497,0.04315362
0.072317486,0.13940914,0.154187251,0.283187996
0.000328167,0.026794287,0.000938695,0.040648997
0.000193016,0.017988404,0.000552107,0.028138539
0.000406972,0.036915531,0.001164111,0.055899681
0.000549723,0.047907103,0.001572442,0.071770578
0.000457641,0.049692013,0.001309048,0.062386439
0.000197938,0.023013313,0.000566188,0.033976771
0.000120226,0.011326496,0.000343897,0.014039681
5.63792E-05,0.006180657,0.000161268,0.008968382
0.000214523,0.037535914,0.000613626,0.052946198
3.94234E-05,0.004062468,0.000112769,0.006011726
0.000243845,0.023774984,0.000697499,0.036186165
0.000275084,0.03280728,0.000786854,0.044605354
0.000415985,0.044529795,0.001189894,0.063425065
8.54732E-05,0.011393677,0.000244491,0.017406895
0.000146465,0.022292227,0.000418951,0.02827787
0.000776958,0.086734238,0.002222423,0.1374354
9.98086E-05,0.018903459,0.000285496,0.024769728
0.000413349,0.069675451,0.001182352,0.092661446
0.07743819,0.121231691,0.164883371,0.256820761
0.077052475,0.142501071,0.16421823,0.288046266
0.000164488,0.015120677,0.000470506,0.021562138
0.00017129,0.028555034,0.000489962,0.034079274
0.000220073,0.242969135,0.000629503,0.38507823
3.27593E-05,0.003553801,9.3705E-05,0.004808019
0.000134949,0.016690839,0.000386013,0.021241734
0.000255223,0.025756401,0.000730045,0.036502304
9.70578E-05,0.009028657,0.000277625,0.013336035
0.000345816,0.039818593,0.000989182,0.058609332
0.000135734,0.01375629,0.000388257,0.019935068
0.000271892,0.07733486,0.000777727,0.089593955
0.367332721,0.406260132,0.36873093,0.419781571
0.000561671,0.152638465,0.001606618,0.171736667
0.000163887,0.041477518,0.000468787,0.051411526
0.000249664,0.041350791,0.000714145,0.051715516
0.000368231,0.059731477,0.001053296,0.074929202
0.000326744,0.048257138,0.000934626,0.064565965
0.000248086,0.035750848,0.000709628,0.048385074
0.000257192,0.037296768,0.000735678,0.051004194
0.00030333,0.036547112,0.000867653,0.049143122
3.01302E-05,0.001897031,8.61865E-05,0.003004808
9.39137E-05,0.008653624,0.000268632,0.012340144
8.58357E-05,0.008830056,0.000245525,0.013317228
6.34078E-05,0.006200742,0.000181372,0.008602053
0.000127127,0.014096092,0.000363637,0.019941952
0.000109035,0.010795158,0.000311885,0.015223518
0.000159873,0.03781734,0.000457305,0.056723152
8.51743E-05,0.236852681,0.000243633,0.383531356
0.000259615,0.044649893,0.000742608,0.055664574
0.000296828,0.033660415,0.000849053,0.043011808
0.00148331,0.137214232,0.004242887,0.249390377
0.000252846,0.02979503,0.000723247,0.039501285
0.000370605,0.032141802,0.001060085,0.048059952
0.000419371,0.063786249,0.001199579,0.100316148
0.000185426,0.01755429,0.000530397,0.028006313
0.000275949,0.020655734,0.000789328,0.031358
0.000152442,0.023790595,0.000436047,0.030086408
0.000390749,0.051923217,0.001117705,0.073561932
0.000130286,0.016659467,0.00037267,0.023394241
0.000646021,0.078745449,0.001847893,0.097654382
3.43523E-05,0.009783374,9.82633E-05,0.011954909
0.00014719,0.014639036,0.000421026,0.022259156
0.000251373,0.027075235,0.000719032,0.041315975
0.000210861,0.030746124,0.000603154,0.041556379
0.000157286,0.018568026,0.000449903,0.026632435
0.000487869,0.055657932,0.001395512,0.069032033
0.000494666,0.06606786,0.001414953,0.08929538
0.000377159,0.033552877,0.001078836,0.049827736
0.000143759,0.017350798,0.000411212,0.022187161
0.00041273,0.038113646,0.00118058,0.051673131
0.000456962,0.045844488,0.001307106,0.070837464
0.000317437,0.030129749,0.000908003,0.04440676
0.000226694,0.031139183,0.00064844,0.04147047
0.000308443,0.029716276,0.000882276,0.044065967
0.000125446,0.00981905,0.000358829,0.016800571
0.11613717,0.252866888,0.213727103,0.409303821
0.000429694,0.048974819,0.001229105,0.065304445
0.000291257,0.030194149,0.000833115,0.043531909
0.000469988,0.069099488,0.001344364,0.097944751
0.000849441,0.054421577,0.002429763,0.087676296
0.000428035,0.027514865,0.001224363,0.04664071
0.000412651,0.025343505,0.001180355,0.04458176
0.000384421,0.025309535,0.001099607,0.043359561
0.000401325,0.026000475,0.001147959,0.044689795
0.108248142,0.243479427,0.199386466,0.3966135
0.000362717,0.022646637,0.001037523,0.038271461
0.000583647,0.066212379,0.001669478,0.090123196
0.000936222,0.097493899,0.002677991,0.14102032
0.000673508,0.067672618,0.001926516,0.094068282
6.31359E-05,0.01086778,0.000180594,0.013771449
0.000120809,0.006167798,0.000345567,0.01208892
7.21151E-05,0.003136187,0.00020628,0.005882701
0.001791389,0.106623785,0.005124132,0.212037727
0.002519893,0.112284307,0.007207963,0.222261945
0.001963814,0.149568868,0.005617342,0.313622397
0.010494225,1.040500468,0.030017877,2.018020586
0.00305839,0.118427898,0.008748296,0.238419347
0.002167655,0.100722293,0.00620041,0.203383559
0.003061373,0.110900644,0.008756831,0.228448075
0.003298241,0.220541937,0.009434363,0.398541822
0.003007073,1.294672067,0.008601502,2.115180028
0.577699732,1.448906115,1.064323886,2.342677224
0.00793024,0.61061419,0.022683845,1.166178059
0.928380589,0.879612018,0.931783844,0.932757496
0.002252131,0.178410196,0.006442046,0.302733571
0.001211612,0.133618395,0.003465719,0.222217012
0.001568175,0.139644213,0.004485641,0.251807899
0.001418895,0.123012319,0.004058635,0.228117838
0.001886543,0.072174778,0.005396315,0.149016776
0.00284496,0.080636617,0.008137792,0.180003865
0.001665694,0.067071253,0.004764592,0.136004142
0.002379842,0.076872576,0.00680736,0.162467839
0.001619611,0.134166665,0.00463277,0.236860015
0.507562998,0.511485173,0.511822239,0.584775755
0.000702109,0.55147721,0.002008331,0.90185668
0.002580584,0.333159461,0.007381552,0.605457061
0.348709892,1.02957011,0.353075465,1.537914645
0.000847727,0.103724258,0.002424853,0.199281203
0.000735216,0.049868915,0.002103029,0.100952652
0.001926032,0.066192507,0.005509265,0.116184249
0.001403541,0.199878328,0.004014722,0.340092367
0.001598542,0.134494269,0.004572509,0.258208105
0.002170014,0.101868662,0.006207161,0.183170705
0.001387392,0.098411121,0.003968527,0.174875523
0.003407067,0.916997485,0.009745645,1.544459822
0.002829846,0.321655474,0.008094549,0.56146781
0.001296996,0.053199465,0.003709955,0.087411438
0.000573552,0.059533757,0.0016406,0.108918537
0.000729998,0.215513961,0.002088101,0.355330722
0.001797562,0.104405136,0.005141794,0.176571801
0.002129584,0.37409572,0.006091503,0.634313613
0.001523308,0.092662065,0.0043573,0.171828607
0.001766986,0.166792606,0.005054328,0.292788155
0.001863489,0.115165212,0.005330364,0.208301645
0.00128295,0.428683782,0.003669773,0.714506044
0.002433079,0.142037789,0.00695963,0.264948286
0.001549989,0.086288159,0.004433625,0.168935556
0.001471325,0.048649264,0.004208611,0.093513683
0.001522851,0.171886238,0.004355997,0.261240062
0.002624376,0.895182186,0.007506819,1.494395625
0.001150076,0.105881826,0.003289703,0.189873992
0.001469244,0.52193741,0.004202655,0.868263577
0.001007711,0.068561212,0.002882478,0.125355917
0.0026123,0.195912263,0.007472282,0.364441474
0.00163203,0.092470899,0.004668294,0.162563014
0.00161566,0.098137966,0.004621464,0.163018843
0.00304686,0.281085025,0.008715298,0.42919569
0.004355465,0.44510293,0.012458463,0.855650417
0.00282883,2.873611294,0.008091647,4.739993842
0.004018867,0.270735149,0.01149565,0.483385481
0.001939419,0.19925872,0.00554755,0.317356386
0.002350179,0.1488145,0.006722509,0.301236323
0.000674587,0.055320243,0.001929603,0.078271047
0.002641382,0.211019899,0.007555464,0.396224012
0.002072427,0.103813855,0.005928013,0.213047328
0.002175465,0.11417817,0.006222744,0.232497566
0.002508612,0.15728337,0.007175685,0.319996649
0.002205468,0.527169399,0.006308564,0.90148904
0.001628759,0.08483766,0.004658935,0.167542368
0.000435978,0.074377725,0.001247083,0.124912679
0.001512161,0.071638082,0.004325423,0.143616635
0.426101448,0.605781163,0.429723436,0.826778556
0.001500312,0.077296853,0.004291522,0.151686126
0.001151734,0.07638107,0.003294444,0.163750209
0.000793629,0.414495826,0.002270113,0.681554961
0.001591784,0.081735329,0.004553175,0.16591365
0.001627592,0.079555708,0.004655599,0.145900751
0.001707142,0.430228612,0.004883153,0.731798116
0.000449689,0.027426637,0.001286299,0.052212797
0.001283005,0.084913399,0.003669934,0.171799483
0.001058693,0.060628101,0.003028306,0.122985946
0.000738071,0.04221166,0.002111191,0.084733436
0.001656582,0.074739801,0.004738523,0.142595517
0.001194097,0.079740595,0.003415619,0.153179342
0.001398751,0.321777441,0.004001017,0.552931479
0.000870883,0.110133363,0.002491088,0.187222487
0.001504673,0.083904263,0.004303999,0.168301545
0.001285759,0.07420361,0.003677813,0.137817994
0.001511727,0.085590446,0.004324172,0.172820044
0.001186185,0.057135196,0.003392992,0.113360803
0.002120801,0.122808438,0.006066383,0.237059064
0.001322789,0.287746565,0.003783734,0.488516398
0.001722983,0.112903784,0.004928461,0.178780297
0.002136019,0.125229442,0.006109915,0.264711579
0.001365361,0.058942218,0.003905509,0.121284897
0.001253637,0.068543544,0.003585932,0.138371308
0.001318331,0.247830133,0.003770981,0.439597472
0.001393162,0.105516,0.003985031,0.216379885
0.000708227,0.039334368,0.002025829,0.079602196
0.000681828,0.166614179,0.001950311,0.280741167
1.396155552,2.464161331,2.974034505,5.134093966
0.000834591,0.06556608,0.002387281,0.120831377
0.001619184,0.155512051,0.004631546,0.27597202
0.001295674,0.062709809,0.003706175,0.116072
0.195089948,0.233461004,0.196752912,0.301119861
0.001432273,0.069039221,0.004096902,0.13530453
0.002375494,0.113871734,0.006794911,0.22367664
0.001713497,0.229374627,0.004901324,0.417790252
0.002261373,0.177726712,0.006468478,0.350742322
0.463125135,1.024817886,0.853097248,1.673975547
0.001207373,0.062560467,0.003453595,0.120442518
0.002353791,0.136003919,0.006732835,0.259591966
0.00115546,0.066261288,0.003305103,0.12447211
0.001566485,0.071779001,0.004480803,0.149236293
0.001571376,0.081199009,0.004170329,0.169294425
0.003363108,0.105452894,0.008636278,0.219009616
0.004658438,0.128791331,0.011773358,0.215423422
0.00197451,0.075511209,0.005311843,0.139932822
0.003015992,0.087135792,0.007807489,0.172768093
0.000948747,0.045987006,0.002439748,0.077826006
0.008031804,0.410366431,0.019709676,0.816205249
0.005483178,0.175070343,0.013628411,0.316346335
0.004693301,0.178198743,0.011405491,0.333099149
0.003536051,0.123040829,0.008510903,0.238306959
0.002435687,0.152790383,0.005847776,0.277624443
0.0023916,0.057894329,0.0057313,0.118486312
0.002613394,0.184402459,0.006294498,0.325434404
0.003140546,0.155816744,0.00823093,0.302534522
0.001518175,0.049701024,0.003848886,0.083104892
0.001901634,0.575566597,0.00470129,1.081324362
1.179788245,1.033725611,1.183945624,1.054351148
0.005054001,0.182421769,0.012624734,0.341583603
0.002953907,0.087193936,0.007227836,0.162721243
0.001995203,0.074235963,0.004803551,0.135149619
0.003335548,0.090300238,0.008025627,0.171062371
0.004919958,0.194570017,0.01209498,0.344742868
0.00568978,0.18710408,0.014286,0.350001378
0.003662516,0.18694359,0.01014449,0.380832454
0.003276412,0.120908966,0.008185206,0.244748189
0.003487523,0.102230953,0.008966388,0.206605039
0.000309379,0.012491299,0.000748425,0.025210281
0.006422595,0.086998235,0.015679923,0.179606402
0.003356304,0.109691973,0.008334509,0.220840917
0.003498912,0.105841454,0.008745911,0.213621919
0.001668691,0.038821245,0.004032581,0.079891869
0.001728077,0.041057141,0.004140691,0.083626732
0.006166703,0.190821115,0.015626257,0.387134951
0.006097741,0.183566141,0.015332125,0.373014906
0.001712723,0.039840643,0.004443613,0.079714233
0.003212283,0.154511484,0.008020949,0.27935345
0.003417878,0.105538456,0.008259155,0.196154521
0.004136392,0.148941105,0.010014091,0.269698894
0.002746798,0.123266717,0.006663071,0.260289001
0.003958985,0.147248699,0.009712457,0.275491511
0.00347552,0.186233258,0.008346635,0.382992312
0.00374139,0.168538644,0.009238395,0.295728624
0.004609941,0.173349815,0.011362945,0.333918081
0.002560233,0.09281362,0.006268116,0.177514104
0.002800274,0.106492395,0.006788623,0.184805538
0.0073877,0.382859847,0.017738626,0.698844886
0.002858647,0.136053802,0.006887903,0.255201561
0.004431601,0.19088522,0.011317321,0.35873724
0.005777557,0.146621155,0.01417681,0.284973053
0.004836654,0.142065781,0.011772801,0.267528487
0.002389688,0.083967158,0.005844898,0.162869698
0.007353404,0.247860382,0.017945951,0.472059558
0.004024564,0.113670023,0.009822981,0.213515624
0.003539241,0.177404214,0.008911786,0.328610946
0.00149439,0.04952252,0.003605407,0.08707085
0.001863995,0.056929571,0.004486531,0.107865188
0.001955305,0.058459505,0.004779591,0.113793004
0.001362587,0.029381058,0.003267016,0.058302638
0.003035507,0.187457595,0.00744662,0.335571088
0.004836142,0.182784631,0.012158856,0.350688599
0.004669117,0.134438327,0.011403403,0.248939136
0.003229586,0.09637793,0.007873478,0.183310229
0.001261553,0.677530802,0.003195218,1.103189541
0.001899003,0.096636643,0.00456491,0.172282003
0.001073087,0.146289526,0.002600828,0.242719484
0.001342103,0.036677746,0.003225955,0.07349112
0.00166192,0.083826264,0.004005381,0.142206948
0.002193906,0.178243949,0.005327378,0.309353814
0.001639974,0.097122153,0.004035845,0.20489969
0.00039674,0.048987178,0.001022781,0.106551641
0.000215829,0.016835278,0.000536109,0.036177213
0.001521344,0.1259107,0.003612563,0.286309765
0.002765662,0.085648977,0.00698018,0.162105755
0.002476064,0.072050727,0.006257694,0.148834162
0.002192996,0.07690268,0.00547066,0.149622002
0.001832641,0.050428667,0.004401015,0.096781145
0.002235999,0.067844212,0.005373483,0.132971299
0.002332154,0.061663704,0.005592865,0.122862808
0.00406165,0.16041371,0.010196407,0.325115119
0.005728813,0.157554343,0.014058006,0.3126555
0.001846785,0.064647771,0.004662469,0.133167437
0.002170021,0.050793553,0.005230292,0.093872617
0.002731625,0.095498627,0.006539492,0.187466506
0.002221946,0.155138771,0.005375209,0.277270671
0.001355419,0.031388624,0.003249001,0.06394327
0.001003552,0.030431383,0.002414644,0.059805102
0.000674715,0.075224956,0.0016213,0.125351049
0.000975862,0.023181294,0.002340207,0.047725757
0.371323848,0.609757706,0.790845264,1.293963998
0.001494285,0.038039991,0.003586495,0.075842592
0.003319446,0.082503305,0.009495011,0.136405742
0.000788412,0.043498418,0.002255194,0.075217459
0.003176718,0.16415073,0.009086756,0.311356897
0.001737,0.141585779,0.004968556,0.275702348
0.002026024,0.104987901,0.005795277,0.192163504
0.118993561,0.291549658,0.221361817,0.533347177
0.002036805,0.082952258,0.005826113,0.158927309
0.002679934,0.150577325,0.007665732,0.293267522
0.002333707,0.298974871,0.006675379,0.527654277
0.001023471,0.061554357,0.002927566,0.124412787
0.000918153,0.068102955,0.002626305,0.126729629
0.00181878,0.075278201,0.005202472,0.140195891
0.000535182,0.301972706,0.001530846,0.493886779
0.000845399,0.040433677,0.002418197,0.081958963
0.000493055,0.629967496,0.001410345,1.034077973
0.001184923,0.062360198,0.003389374,0.130795579
0.002638531,0.202296431,0.007547304,0.397122978
0.000864556,0.030444286,0.002472994,0.06489772
0.000547434,0.016700413,0.001565893,0.035275282
0.148215413,0.389814967,0.273453725,0.645831738
0.000787379,0.022051792,0.002252233,0.044786093
0.002767815,0.106882343,0.007917108,0.235671694
0.001597075,0.050091295,0.004568303,0.108308962
0.227846128,0.407768122,0.48626781,0.872188822
0.00091558,0.037467123,0.002618944,0.08235386
0.001323431,0.050927836,0.003785573,0.107678221
0.000962381,0.050688426,0.002752814,0.102389939
0.000166576,0.035303423,0.000476476,0.06040372
0.420643332,0.660013831,0.775096253,1.085176207
0.001699109,0.053208376,0.004860162,0.118398964
0.002664213,0.109236698,0.007620762,0.2254797
0.001258862,0.027122706,0.003600876,0.047020649
0.000670858,1.798996132,0.001918938,2.927594901
0.000674325,0.025878432,0.001928853,0.054954511
0.001129039,0.358715991,0.003229526,0.616108517
0.154059407,0.484095925,0.284526144,0.798208139
0.001615796,0.152878624,0.004621851,0.286587771
0.000909003,0.096259557,0.00260013,0.17270244
0.220792388,0.38744596,0.470954004,0.825829969
0.00092445,0.038256148,0.002644314,0.079094086
0.03942271,0.155683946,0.07523326,0.304239812
0.000675362,0.033619844,0.001931822,0.069644267
0.001347138,0.381884623,0.003853381,0.64135694
0.000431187,0.37898636,0.001233376,0.616568963
0.247424237,0.685531167,0.52838358,1.362136121
0.00061777,0.048522874,0.001767083,0.102890653
0.216124039,0.187412666,0.217191014,0.198003852
0.001159226,0.037382026,0.003315875,0.071944686
0.001482173,0.17053037,0.004239635,0.305851325
0.001303691,0.046546277,0.003729104,0.102236747
0.001590829,0.067277128,0.004550438,0.147899888
0.001223671,0.049015603,0.003500212,0.107829627
0.001102897,0.031181359,0.003154747,0.069590913
0.001600424,0.062354709,0.004577887,0.126044772
0.001142638,0.03937941,0.003268422,0.085176211
0.000613018,0.024834845,0.00175349,0.05026815
0.000609575,0.023706694,0.001743638,0.05174425
0.266564305,0.427279609,0.567669006,0.905833354
0.001226067,0.049238073,0.003507064,0.106961754
0.000766132,0.033291603,0.002191458,0.070813089
0.000266266,0.011432254,0.00076163,0.024662306
0.000767386,0.025877848,0.002195043,0.056633745
0.001018195,0.023832936,0.002912466,0.045825234
0.000922774,0.073692727,0.002639519,0.14694067
0.001880777,0.060712243,0.005379808,0.128069881
0.152220449,0.426257548,0.281389795,0.718209414
0.233894119,0.478199479,0.499960096,1.005045204
0.001761251,0.219641083,0.005037913,0.402258641
0.001877908,0.066871377,0.005371602,0.145256699
0.001443448,0.067917958,0.004128865,0.134413768
0.001895932,0.076480991,0.005423162,0.163037363
0.001789747,0.05769886,0.005119428,0.121249638
0.001293779,0.056720869,0.003700749,0.120890115
0.00359285,0.129396924,0.010277058,0.280229542
0.003544831,0.111302525,0.010139701,0.240374172
0.002695106,0.119770938,0.007709133,0.262736299
0.003088766,0.107120066,0.008835164,0.237469941
0.001471024,0.056898248,0.004207744,0.121546738
0.004619693,0.227644556,0.01321426,0.454452718
0.002086418,0.066070129,0.005968028,0.144566771
0.003373222,0.138335155,0.009648827,0.292036049
0.002894274,0.101912861,0.008278834,0.221193074
0.002048115,0.077557633,0.005858469,0.168685302
0.001740619,0.083574085,0.004978902,0.172972495
0.002506233,0.08526924,0.007168878,0.183189101
0.000655491,0.018169215,0.001874978,0.039529012
0.00300344,0.45842565,0.008591092,0.811755271
0.001911753,0.081626723,0.005468417,0.177894619
0.238155792,0.449064129,0.508221296,0.952292007
0.000932916,0.031964676,0.002668532,0.070657464
0.003524655,0.13397222,0.010081991,0.280553403
0.00304247,0.101592205,0.008702737,0.227491166
0.002781425,0.096316341,0.007956039,0.212781777
0.002759207,0.120089799,0.007892488,0.26746408
0.002016865,0.633971154,0.005769078,1.074345232
0.00174375,0.077961124,0.004987852,0.171880076
0.000406839,0.0154754,0.001163731,0.033898341
0.000813921,0.043000621,0.002328155,0.088983981
0.002509031,0.172832429,0.007176879,0.325772094
0.000991908,0.097284349,0.002837272,0.176903205
0.001246093,0.08975646,0.003564349,0.172143986
0.000548335,0.019108428,0.001568469,0.039336234
0.000422244,0.013043804,0.001207794,0.028075085
0.0013495,0.122133144,0.003860137,0.217493229
0.001532585,0.180335482,0.004383836,0.320987622
0.578139795,1.384250318,0.606434896,2.376376128
0.004665889,0.332514848,0.013346394,0.697743609
0.001467223,0.093420221,0.004196877,0.173613914
0.000343843,0.023002937,0.000983535,0.045285816
0.002113072,0.081263614,0.006044279,0.151528215
0.001163648,0.630537194,0.003328526,1.053651629
0.001250248,0.082585187,0.003576234,0.146579219
0.000889064,0.064365768,0.002543097,0.11189416
0.00045803,0.975222626,0.001310158,1.583765594
0.000466035,0.028272845,0.00133306,0.047442624
0.00053471,0.03073909,0.001529496,0.060081321
0.000129302,0.012076886,0.000369858,0.022236043
0.002040366,0.117208821,0.005836309,0.206556795
0.001944065,0.075942947,0.005560854,0.15312527
0.000393189,0.031694324,0.001124687,0.048777294
0.000949097,0.087674039,0.00271482,0.188181171
0.000832902,0.052453014,0.002382454,0.085400726
0.000711637,0.045127217,0.002035585,0.075199424
0.55443326,1.016695421,1.124851713,1.94033667
0.000403328,0.022364421,0.001153692,0.039564174
0.001029732,0.031529787,0.002945469,0.055840676
0.000912772,0.050616554,0.002610913,0.094054267
0.000307244,0.031631443,0.000878847,0.062207198
0.001129576,0.062185463,0.003231061,0.114223671
0.000237938,0.899113675,0.000680604,1.455566337
0.000483545,0.06030371,0.001383146,0.099564228
0.000230855,0.032060182,0.000660339,0.056210969
0.000297912,0.052531286,0.00085215,0.089210539
0.000469384,0.031727925,0.001342634,0.055170521
0.000590543,0.119107204,0.001689203,0.201629709
0.000719804,0.04017462,0.002058941,0.077889762
0.000427674,0.031100837,0.001223323,0.056756654
0.000343028,0.093936525,0.000981205,0.157993191
0.000219451,0.011768917,0.000627723,0.021685763
0.000235265,0.015514558,0.000672957,0.027658405
0.000702127,0.288221869,0.00200838,0.474462353
0.004102929,0.255576847,0.011736092,0.525039471
0.001202076,0.050097255,0.003438446,0.097269473
0.000374075,0.010966863,0.001070009,0.019410228
0.000376828,0.019993455,0.001077888,0.038426177
0.395843704,0.391887527,0.39856404,0.42987869
0.001553162,0.460256521,0.004442693,0.766519901
0.000693052,0.070496213,0.001982421,0.125214981
0.000563412,0.072194769,0.001611591,0.116484144
8.7596E-05,0.006148558,0.000250561,0.012846485
0.000540644,0.03513985,0.001546473,0.069501995
0.002580933,0.189102134,0.007382559,0.354770586
0.00181911,0.118018459,0.00520342,0.206421398
0.000942908,0.396665823,0.002697116,0.656110764
0.000243732,0.031426588,0.00069718,0.041692536
0.000548329,0.031561458,0.001568452,0.064599499
0.001021847,0.068377644,0.00292291,0.133041854
0.000783616,0.036573928,0.002241469,0.075836363
0.000391844,0.027888461,0.001120835,0.049555121
0.000151442,0.012218513,0.000433188,0.025571142
0.000507961,0.023883765,0.001452983,0.046253216
0.000686188,0.033266913,0.001962786,0.067904887
0.000315406,0.019018901,0.000902193,0.033199293
0.001234351,0.114800415,0.003530762,0.211284355
0.000933754,0.048972937,0.002670927,0.094517631
0.000570514,0.031172734,0.001631906,0.058389078
0.000388505,0.074226142,0.001111288,0.126369214
0.00053084,0.028922223,0.001518424,0.055854552
0.000262975,0.012870932,0.000752217,0.024566863
0.00020009,0.010345212,0.00057234,0.019586213
0.000333362,0.018751872,0.000953553,0.034647551
0.000470592,0.029566443,0.001346093,0.053116061
0.000419604,0.022423631,0.001200243,0.042880309
0.000812284,0.050634611,0.002323472,0.094370171
0.001151692,0.344172242,0.003294326,0.567697444
0.00054516,0.133404317,0.001559384,0.224999173
0.000666442,0.034137,0.001906305,0.064919084
0.000593388,0.040165164,0.001697339,0.069211127
0.000438523,0.088408282,0.001254357,0.149722308
0.00043655,0.026795466,0.001248715,0.051872425
0.000497882,0.252351687,0.001424149,0.415774711
0.000633441,0.047318596,0.001811905,0.085352768
0.000536073,0.032382421,0.001533393,0.057264983
0.000721529,0.041423272,0.002063872,0.076920994
0.000286357,0.023523566,0.000819101,0.039108449
0.000307506,0.018685001,0.000879599,0.033548993
0.000194907,0.013732461,0.000557513,0.025392484
0.000153261,0.014633549,0.00043839,0.022071773
0.000766142,0.310521666,0.002191488,0.503141455
0.000770328,0.183254968,0.002203458,0.306742698
0.001253135,0.028754021,0.003584496,0.05922088
0.001268452,0.055057066,0.00362831,0.114662173
0.000912547,0.044785683,0.002610268,0.089992082
0.001509552,0.32953529,0.004317953,0.537462959
0.001742272,0.099387894,0.004983627,0.206938558
0.000510267,0.03105388,0.001459578,0.056699854
0.002225315,0.179097489,0.006365331,0.354739676
0.000633634,0.025201137,0.001812457,0.052756121
0.001749928,0.080055864,0.005005526,0.168768272
0.00070646,0.03524409,0.002020774,0.067078933
0.002602158,0.140924042,0.007443259,0.302719364
0.000877796,0.044436029,0.002510861,0.089709571
0.001805911,0.123095594,0.005165663,0.233725386
0.00115356,0.264321293,0.003299669,0.43948215
0.000950826,0.048354972,0.002719757,0.093734118
0.000587176,0.039998731,0.001679572,0.073306828
0.001060581,0.160114429,0.003033707,0.27699509
0.000820003,0.069111427,0.00234555,0.137713569
0.209554131,0.214714285,0.211324429,0.260222565
0.000664906,0.03383348,0.001901913,0.065609457
0.000924688,0.083756508,0.002644997,0.157409401
0.001123204,0.048509312,0.003212834,0.099528425
0.001814037,0.074363271,0.005188903,0.157064508
0.001077283,0.043488895,0.003081479,0.087835863
0.000364427,0.066605417,0.001042412,0.115856478
0.00137279,0.061672934,0.003926751,0.132601038
0.000637271,0.370048277,0.001822864,0.608434464
0.000794558,0.063191554,0.002272768,0.128875568
0.001081574,0.258211974,0.003093756,0.445890305
0.000468829,0.019038087,0.001341048,0.036202605
0.000496496,0.023620658,0.001420187,0.049489616
0.00192389,1.147348305,0.005503129,1.882087797
0.000851155,0.088313432,0.00243466,0.156296149
0.000547296,0.019657009,0.001565497,0.037040237
0.000865028,0.032235245,0.002474345,0.06934125
0.001249994,0.073747928,0.003575504,0.142332803
0.001571855,0.07462559,0.00449617,0.142913684
0.001530127,0.074434373,0.004376803,0.146318002
0.001400651,0.059756277,0.004006446,0.12419879
0.001576561,0.160147189,0.004509626,0.291630717
0.000591983,0.027438956,0.001693322,0.056291067
0.000558012,0.024568443,0.001596146,0.052187869
0.000634662,0.022987494,0.001815401,0.047471353
0.000865777,0.037977043,0.002476486,0.079062845
0.000742477,0.132000072,0.002123796,0.229744336
0.000481513,0.020302677,0.001377325,0.040588766
0.000455324,0.018819671,0.001302418,0.038437162
0.001907756,0.07485228,0.005456981,0.159113469
0.001928867,0.133609659,0.005517366,0.255099455
0.0016455,0.092523375,0.004706821,0.183154744
0.001147241,0.084979641,0.003281588,0.163845517
0.000721582,0.032598127,0.002064023,0.06800367
0.000644834,0.030920225,0.001844493,0.063058525
0.001392734,0.12331518,0.003983803,0.227485169
0.00067739,0.025000574,0.001937619,0.047567096
0.000578216,0.032667285,0.001653939,0.063305313
0.001189517,0.057168699,0.003402519,0.117196256
0.001369594,0.055383564,0.00391761,0.118308315
0.000579742,0.023600916,0.001658305,0.051430709
0.000832339,0.037081732,0.002380839,0.078358838
0.001066551,0.116710151,0.003050784,0.212004275
0.001275678,0.07499358,0.003648973,0.147267871
0.001319979,0.049011367,0.00377569,0.104820122
0.000786249,0.039057998,0.002249,0.083415705
0.001192402,0.089989266,0.003410767,0.166842961
0.00108117,0.056149401,0.003092598,0.118256545
0.000379382,0.017216923,0.00108519,0.033724145
0.002587302,0.158460991,0.007400766,0.301146137
0.000750176,0.036448048,0.002145821,0.075196009
0.001135681,0.044813222,0.003248524,0.092011167
0.001014195,0.078578789,0.002901023,0.140115386
0.000701129,0.0342807,0.00200552,0.067967027
0.000502975,0.013057243,0.00143872,0.026997233
0.000424999,0.017823971,0.001215675,0.037958499
0.003368893,0.185758438,0.009636446,0.366565717
0.001450403,0.063255792,0.004148759,0.127483962
0.001877466,0.150671783,0.005370337,0.283322711
0.002540481,0.105788951,0.007266841,0.21574771
0.001190723,0.053727208,0.003405967,0.106029767
0.00078739,0.091136766,0.002252267,0.165834763
0.000616616,0.027695565,0.001763783,0.057517715
0.000722266,0.030377696,0.002065982,0.06374575
0.000965218,0.038030489,0.002760929,0.081606568
0.001068379,0.04453077,0.003056011,0.094474446
0.000568507,0.027339852,0.001626167,0.057704528
0.000784813,0.038306936,0.002244894,0.081169586
0.000373447,0.01759095,0.001068215,0.036907165
0.000591935,0.023419637,0.001693179,0.049970137
0.000715812,0.033807077,0.002047526,0.068412159
0.001567867,0.105321786,0.004484757,0.202830177
0.001555781,0.073664163,0.004450186,0.146884488
0.043057369,0.202241311,0.092547403,0.382170534
0.001054559,0.044926776,0.003016478,0.09521338
0.014779716,0.0481239,0.027549153,0.083550672
0.000933323,0.138788746,0.002669695,0.246175868
0.001644338,0.084929628,0.004703493,0.163571828
0.002683408,0.108096432,0.00767567,0.230687959
0.000873924,0.10856763,0.002499787,0.194442157
0.001015022,0.042196777,0.002903387,0.087425568
0.000821491,0.036318515,0.002349809,0.076293081
0.001623749,0.338999093,0.004644614,0.421298113
0.002150391,0.367954229,0.006151028,0.490271113
0.001682854,0.135397157,0.00481367,0.161380266
0.001610187,0.215290563,0.004605818,0.256316549
0.175691625,0.464251493,0.180203035,0.587465623
0.001319854,0.128327026,0.003775338,0.195211987
0.002325624,0.211706983,0.006652262,0.309574141
0.001156892,0.074386101,0.003309194,0.117987992
0.002475978,0.627872062,0.007082337,0.975912444
0.000869621,0.632045964,0.002487482,1.023177877
0.000628008,0.141991066,0.001796366,0.221766927
0.000886387,0.070037105,0.00253544,0.107052715
0.001325047,0.181038466,0.003790197,0.237424909
0.002594352,0.443804613,0.00742095,0.538942169
0.003035929,0.496362525,0.008684033,0.798318329
0.000470705,0.077347082,0.001346418,0.101298648
0.326063798,0.378458416,0.328098053,0.412664555
0.001699952,0.235600233,0.004862579,0.313370288
0.002857397,0.349356773,0.008173359,0.595938767
0.00220227,0.213831781,0.006299418,0.336772053
0.438804294,1.107902694,0.810618275,1.831094663
0.002095423,0.134170386,0.005993791,0.211956522
0.001687092,0.324849053,0.004825793,0.512208742
0.002227879,0.265511621,0.006372676,0.363469204
0.001213386,0.096570102,0.003470795,0.143468273
0.365434615,0.40930823,0.368665678,0.476821167
0.000894451,0.082409244,0.002558507,0.118897983
0.632928663,1.114032243,0.997056823,1.702507124
0.441068881,0.72872563,0.939653257,1.531237136
0.001310563,0.082948703,0.003748758,0.13554043
0.001295114,0.173967535,0.003704575,0.26921893
0.001058674,0.085377999,0.003028252,0.134054638
0.000733706,0.100217352,0.002098707,0.173841242
0.000641421,0.139049006,0.001834732,0.228981177
0.000839584,0.076158287,0.002401563,0.135274886
0.0033546,0.344373211,0.009595567,0.516635369
0.001345553,0.293071923,0.003848851,0.368514017
1.112089996,0.941753747,1.115226136,0.954021926
0.197653498,0.229687238,0.199418386,0.265688908
0.529840179,0.507784733,0.587315305,0.589500696
0.001191371,0.111778782,0.003407821,0.157839207
0.001565585,0.238580969,0.004478238,0.298880158
0.001536473,0.324141392,0.004394959,0.489629634
0.441954862,0.782756137,0.941806831,1.634754275
0.000706318,0.143101501,0.002020368,0.190946029
0.35811602,0.863229588,0.659035321,1.406844472
0.001525251,0.201149226,0.00436286,0.33684245
0.002283408,0.144342253,0.006531504,0.244144262
0.001875142,0.188710099,0.005363693,0.322973434
0.000896207,0.138391479,0.00256353,0.252762163
0.001672891,0.12258313,0.00478517,0.189869862
0.451634091,0.854617081,0.962842025,1.767179304
0.001530234,0.080442383,0.004377108,0.149812974
0.001312611,0.107761841,0.003754619,0.141881601
0.000924818,0.066802997,0.002645369,0.104508222
0.001191372,0.105494988,0.003407826,0.191373288
0.001661183,0.302518877,0.004751688,0.450474432
0.001873253,0.169738532,0.00535829,0.288497464
0.001537994,0.097137211,0.004399309,0.162791445
0.43543354,1.125718716,0.803332413,1.823798014
0.002309717,0.170342031,0.00660676,0.283696673
0.876149176,1.990809921,1.742786503,3.567518914
0.002189601,0.169944822,0.006263177,0.278640618
0.002083637,0.128460044,0.005960078,0.21879982
0.00144377,0.10248278,0.004129788,0.161621026
0.002900241,0.173171014,0.008295914,0.27114155
0.001462103,0.085398345,0.004182233,0.141125379
0.001948046,0.12404534,0.005572228,0.237076892
0.000774704,0.052861017,0.002215978,0.093307061
0.001122655,0.054336695,0.003211264,0.097992845
0.001360629,0.086702487,0.003891971,0.150962835
0.001117696,0.056806967,0.003197077,0.106270678
0.001201888,0.128221497,0.003437906,0.226875355
0.001252478,0.062561772,0.003582613,0.10748589
0.001364021,0.128550076,0.003901673,0.194470723
0.002518195,0.181564164,0.007203098,0.285218369
0.437389018,1.019471752,0.806704083,1.649759966
0.002369338,0.160074022,0.0067773,0.282824411
0.001602587,0.135321397,0.004584072,0.236112737
0.001376344,0.088203585,0.003936922,0.151955478
0.002625071,0.18718441,0.007508806,0.321204961
0.002038215,0.462767246,0.005830152,0.744149342
0.001187221,0.161449229,0.00339595,0.21489891
0.001491869,0.185652197,0.004267373,0.254507069
0.001010632,0.126898177,0.002890834,0.195468268
0.00149605,0.09178459,0.004279329,0.154770402
0.439837824,1.136345343,0.810954857,1.90306679
0.000699905,2.23609043,0.002002021,3.648055396
0.001135559,0.05531382,0.003248175,0.099588064
0.001788435,0.178707697,0.005115676,0.297582465
0.002871986,0.223514258,0.008215095,0.314938463
0.001348602,0.10756479,0.003857572,0.164245967
0.001144464,0.084884074,0.003273648,0.153438864
0.001522814,0.10894201,0.004355885,0.190505382
0.001574027,0.092665999,0.00450238,0.168618849
0.002006359,0.126960522,0.005739033,0.219718101
0.002440991,0.154012436,0.006982258,0.26931547
0.001801339,0.133315862,0.005152585,0.227672786
0.001944881,0.130128569,0.005563174,0.228469624
0.001719726,0.669048304,0.004919141,1.099623516
0.001158526,0.115132794,0.003313872,0.198616906
0.001084504,0.059285795,0.003102139,0.105762446
0.186907307,0.409758011,0.345135447,0.637299981
0.001068973,0.06086047,0.003057713,0.109673609
0.00076362,0.040329057,0.002184273,0.072536849
0.000488393,0.025996797,0.001397007,0.04630056
0.223826928,0.222580229,0.226229052,0.262728253
0.001657896,0.084613532,0.004742278,0.157111673
0.00078718,0.043498958,0.002251665,0.081748517
0.000833946,0.041800385,0.002385434,0.07463097
0.436048112,0.714793375,0.928810188,1.514028632
0.00109005,0.061357236,0.003118002,0.111548748
0.001038174,0.083770183,0.002969615,0.117703098
0.874215923,1.71673683,1.738610236,3.133599805
0.001069483,0.083828957,0.003059169,0.13072487
0.001181642,0.0686281,0.003379992,0.11602425
0.001550331,0.086026137,0.004434599,0.144608619
0.000620578,0.037518808,0.001775114,0.064651395
0.001181561,0.074991129,0.003379762,0.131184594
0.000855375,0.053743357,0.002446733,0.090275702
0.001326846,0.08307429,0.003795338,0.130667002
0.001573141,0.211945505,0.004499844,0.267976092
0.000699389,0.075847634,0.002000545,0.10446166
0.000983985,0.079518606,0.002814607,0.119851368
0.000650306,0.059821929,0.001860148,0.09122638
0.000769866,0.09127125,0.002202139,0.126553545
0.001065807,0.126455199,0.003048655,0.175670553
0.001823358,0.177252875,0.005215568,0.238950444
0.002325257,0.122114057,0.006651213,0.224117528
0.000912865,0.045751386,0.002611178,0.091089511
0.002705294,0.112950272,0.007738279,0.21714424
0.001936165,0.097756094,0.005538245,0.182313058
0.001017752,0.045173766,0.002911199,0.089500072
0.001457741,0.062004907,0.004169752,0.121752057
0.001668,0.07581555,0.004771181,0.149474836
0.001110986,0.044827565,0.003177885,0.089656742
0.428131275,0.391930634,0.431489395,0.450440959
0.001405604,0.192288175,0.004020622,0.238557208
0.001332725,0.164748174,0.003812156,0.195159361
0.000788741,0.199518416,0.002256137,0.299553607
0.002551701,0.434491516,0.007298947,0.514470598
0.00018058,0.030955963,0.000516533,0.037937866
0.000573187,0.068124959,0.001639557,0.081614719
0.0011222,0.103488933,0.003209961,0.158819036
0.001199263,0.126755249,0.003430395,0.209960219
0.001466069,0.130412777,0.004193571,0.206984327
0.001359973,0.10186893,0.003890097,0.178105597
0.00129995,0.117810702,0.003718406,0.222962629
0.000996945,0.174559758,0.00285168,0.291086276
0.000799139,0.065184614,0.002285875,0.082395305
0.000272684,0.028646506,0.000779994,0.038771949
0.009938554,0.605265776,0.02842841,1.268631848
0.000143296,0.030261586,0.000409887,0.052316587
0.000868555,0.045749883,0.002484432,0.081276168
0.001233303,0.075025431,0.003527766,0.128205748
0.000650068,0.040290387,0.001859467,0.069945466
0.001028117,0.068561517,0.002940843,0.121375512
0.000873139,0.052451504,0.002497541,0.085399637
0.000420303,0.075477218,0.001202243,0.133917097
0.295532477,0.274249181,0.296880753,0.291278606
0.000147235,0.017155318,0.000421157,0.024436713
0.001168293,0.156013235,0.003341815,0.191993015
0.00010256,0.01039006,0.000293364,0.012893827
0.075082609,0.242641386,0.139344917,0.374742027
0.000573557,0.049885415,0.001640613,0.076417916
0.000736484,0.101865515,0.002106654,0.159478495
0.000478366,0.028270648,0.001368327,0.049464764
0.000913857,0.051616981,0.002614016,0.08725931
0.000593955,0.130270984,0.001698958,0.218012256
0.503570456,0.839365831,1.072844953,1.765181385
0.000628101,0.036545603,0.001796634,0.064276346
0.000982297,0.085135399,0.002809782,0.134138677
0.00089928,0.072696461,0.002572316,0.106513453
0.000383829,0.03451698,0.001097911,0.047924384
0.000601937,0.03965152,0.001721794,0.067838628
0.503939154,0.844828296,1.072998501,1.766798332
0.000614962,0.024414749,0.001759054,0.039964917
0.000570933,0.090663468,0.001633109,0.154748431
0.001273834,0.074657827,0.0036437,0.140822789
0.001079685,0.063016362,0.00308835,0.115058013
0.000833741,0.063830742,0.002384851,0.114540665
0.000477427,0.323702184,0.001365641,0.533492749
0.439070437,1.063677219,0.808961747,1.726864759
0.000503614,0.057419596,0.001440552,0.090805085
0.471631795,0.758420514,1.00442962,1.594471609
0.000596326,0.59148054,0.001705741,0.966680592
0.070792611,0.138917364,0.130558602,0.23115704
0.001075646,0.454444725,0.0030768,0.743740913
0.415027144,1.112608417,0.763972519,1.8063212
0.001432011,0.087499382,0.004096153,0.152429597
0.000980746,0.053484069,0.002805344,0.092935648
0.001347945,0.258425598,0.003855689,0.414492919
0.000320048,0.011986154,0.000915472,0.017108451
0.000319721,0.085916698,0.000914539,0.135200138
0.018161099,0.062467799,0.033885349,0.094766109
0.000771377,0.04689241,0.002206461,0.082988687
0.000524396,0.026083315,0.001499991,0.043271626
0.423061124,0.910549647,0.77852526,1.478972972
0.000449447,0.030733718,0.001285606,0.053996675
0.000356581,0.039683774,0.00101997,0.063116372
0.000777018,0.053994984,0.002222601,0.084519695
0.000310067,0.028891593,0.000886922,0.049772165
0.000654179,0.026361875,0.001871228,0.045824425
0.000904183,0.064274611,0.002586344,0.116538344
0.000615347,0.034104313,0.00176015,0.062385586
0.000890758,0.057546823,0.002547944,0.105781518
0.000672564,0.167003674,0.001923813,0.273891928
0.00105576,0.205830386,0.003019916,0.336669981
0.000969142,0.078584775,0.002772153,0.125522249
0.000470979,0.045441511,0.0013472,0.063438909
0.487963286,0.772153367,1.039192196,1.633312993
0.000174366,0.071939339,0.000498758,0.113902625
0.000488755,0.084061791,0.001398045,0.133129055
0.000394774,0.033301168,0.001129219,0.048560093
0.000517229,0.059766984,0.001479493,0.09557706
0.000891638,0.061779117,0.002550458,0.106584494
0.430443174,0.932679151,0.792314396,1.509843892
0.000760814,0.048419191,0.002176247,0.082873576
0.000549263,0.04056731,0.001571123,0.065468729
0.071051523,0.165668183,0.131557149,0.253820303
0.000759539,0.04741052,0.002172602,0.084296807
0.000525167,0.03273792,0.001502201,0.052763856
0.000467239,0.036330011,0.001336501,0.061373023
0.000360496,0.022892298,0.00103117,0.038038811
0.001552447,0.103093081,0.004440648,0.180419068
0.000852818,0.049655199,0.002439422,0.084494292
0.001084525,0.072548684,0.003102195,0.139219218
0.000744355,0.038143633,0.002129168,0.071435896
0.001009663,0.04521316,0.00288806,0.084420906
0.001728936,0.234883471,0.004945481,0.386267456
0.000889689,0.140520629,0.002544885,0.233170203
0.000421876,0.0288894,0.001206744,0.051525719
0.000822136,0.032080006,0.002351655,0.057679744
0.000649535,0.033168415,0.001857946,0.063280309
0.000744543,0.039664033,0.002129705,0.075835045
0.000868685,0.051917557,0.002484805,0.0981473
0.0005116,0.039655512,0.001463396,0.058777821
0.000458244,0.087121991,0.001310769,0.146765076
0.000524823,0.05908128,0.001501213,0.097774075
0.000573675,0.032016869,0.001640948,0.060404965
0.000205964,0.035223041,0.000589141,0.041637974
0.001037033,0.053646297,0.00296635,0.105378561
0.001868988,0.13940074,0.005346087,0.276829222
0.002262715,0.121394751,0.006472316,0.228760371
0.001239125,0.070811327,0.003544416,0.128268647
0.00165303,0.11345302,0.004728358,0.208679448
0.000665226,0.190958119,0.001902822,0.319597807
0.001391735,0.111297982,0.003980947,0.198778461
0.525229531,0.883455871,1.118914567,1.857487189
0.001008636,0.06672074,0.00288512,0.124854676
0.001075763,0.046903376,0.003077134,0.094755585
0.001882711,0.126008638,0.005385341,0.243139247
0.000994731,0.040797551,0.002845347,0.079379251
0.451461276,0.978136643,0.831091265,1.596428229
0.00221824,0.131169841,0.0063451,0.245554695
0.000930295,0.044090797,0.002661035,0.074119024
0.001155163,0.062668917,0.003304249,0.117362122
0.00087742,0.043864336,0.002509789,0.081839208
0.000881674,0.040208939,0.002521957,0.076929384
0.000575822,0.032358825,0.001647095,0.061678563
0.001014747,0.048879281,0.002902604,0.093351016
0.001190796,0.053171322,0.003406178,0.103834536
0.001036797,0.054058335,0.002965674,0.104212589
0.074319397,0.415166006,0.138281133,0.683370819
0.000933322,0.068048371,0.002669694,0.127098226
0.001042704,0.341508888,0.002982575,0.566352336
0.00089083,0.035219347,0.002548148,0.074000721
0.000813353,0.062938531,0.00232653,0.117864505
0.000495789,0.028002565,0.001418163,0.056647392
0.00069486,0.028911142,0.001987591,0.059789228
0.001331059,0.06151559,0.003807388,0.123781588
0.000767604,0.035530133,0.002195671,0.073574981
0.000746484,0.03093906,0.002135257,0.063994638
0.000994278,0.04717024,0.002844054,0.092869936
0.000945362,0.036887747,0.002704137,0.075435236
0.001371929,0.048359257,0.003924292,0.101075962
0.000827209,0.032706881,0.002366165,0.067812583
0.001011076,0.037391464,0.002892101,0.077799019
0.001090933,0.04864976,0.003120524,0.100145522
0.001139094,0.26677435,0.003258288,0.454749111
0.00130205,0.049621689,0.003724411,0.103151606
0.001327868,0.062430474,0.00379826,0.127520285
0.0010406,0.044303352,0.002976552,0.093030596
0.001309281,0.051367884,0.003745095,0.107114457
0.001266696,0.070268359,0.003623284,0.125809643
0.000949397,0.052183595,0.002715676,0.099936921
0.001359499,0.067735059,0.003888738,0.126695267
0.001066775,0.052689864,0.003051423,0.099696058
0.000943366,0.049137415,0.002698421,0.088873436
0.000542159,0.08652642,0.001550802,0.152604562
0.001077949,0.048610834,0.003083386,0.093402857
0.000943364,0.043840121,0.002698418,0.085095472
0.00066844,0.032757746,0.001912022,0.062156578
0.001117579,0.058379731,0.003196746,0.112202808
0.001270114,0.367482623,0.00363306,0.585589214
0.001507414,0.043443878,0.004311844,0.08175442
0.001481671,0.067364835,0.00423821,0.135290128
0.001388546,0.062523263,0.003971829,0.129224046
0.001316922,0.069271947,0.003766956,0.132216725
0.002400868,0.093587927,0.006867501,0.184313992
0.262486528,1.741701386,0.269760829,2.806604946
0.003072655,0.209372219,0.008789092,0.399329051
0.000789305,0.052624367,0.002257747,0.095775524
0.000193981,0.015213195,0.00055487,0.025708352
0.001057737,0.08563269,0.003025573,0.15726807
0.002338416,0.228705794,0.006688852,0.409085803
0.001866393,0.145342202,0.005338667,0.287068309
0.081091495,0.214277195,0.150838825,0.378242932
0.001470161,0.182227041,0.004205276,0.344845807
0.000608504,0.240093328,0.001740576,0.391548237
0.000396418,0.022056231,0.001133924,0.041042673
0.000131749,0.008286068,0.000376859,0.016834861
0.001461482,0.327775468,0.004180453,0.557902515
0.43375272,1.133947957,0.924641841,2.210176493
0.000494678,0.054733072,0.001414986,0.08604054
0.000631435,0.054556051,0.00180617,0.085867475
0.000898001,0.131079298,0.002568663,0.220129505
0.000650659,0.053671426,0.001861158,0.096751029
0.000610272,0.036063309,0.001745637,0.067548536
0.000485921,0.044951925,0.00138994,0.079212773
0.000661252,0.053440996,0.001891456,0.094277488
0.000718432,0.054100302,0.00205502,0.09487711
0.578169058,1.016097167,1.189043298,1.982564036
0.000433355,0.034026255,0.001239577,0.06257039
0.000157296,0.011036122,0.000449933,0.01925512
5.5432E-05,0.046192871,0.000158557,0.084896277
0.000971349,0.054479703,0.002778466,0.097702527
0.000312716,0.034980379,0.000894498,0.061500767
0.000303331,0.032623199,0.000867652,0.059980093
0.000565839,0.057319571,0.001618537,0.105819508
0.000710487,0.064505613,0.002032289,0.120898877
0.000321408,0.034148658,0.000919364,0.06182633
0.000607509,0.077547057,0.001737729,0.135220721
0.000862803,0.095988286,0.002467979,0.169206802
0.000765105,0.05239642,0.002188523,0.097173238
0.000670846,0.044945747,0.001918906,0.08556994
0.001053733,0.03824926,0.003014124,0.073138847
0.001684735,0.13990065,0.004819051,0.260973626
0.000849429,0.042642869,0.002429724,0.084022243
0.409442469,0.709752522,0.872296369,1.485717577
0.000464504,0.025269077,0.001328678,0.049484506
0.000747617,0.069778756,0.002138502,0.126157156
0.001530773,0.14747411,0.004378654,0.268174431
0.000900971,0.079417409,0.002577157,0.146607139
0.424766464,0.682467174,0.904601527,1.446671297
0.000513418,0.107529709,0.001468588,0.177084604
0.001262649,0.442960188,0.003611709,0.739444022
0.000534083,0.063065302,0.0015277,0.112072632
0.232519541,0.218587431,0.233805565,0.233800247
0.0009789,0.052372643,0.002800063,0.102168539
0.001801839,0.153217704,0.005154015,0.281367549
0.001225672,0.138515588,0.003505936,0.248427221
0.001921009,0.080311916,0.005494893,0.162023854
0.001083679,0.066351752,0.003099777,0.135058246
0.001228205,0.060686114,0.00351318,0.12235814
0.000909646,0.065228742,0.002601971,0.125424333
0.001149811,0.059280789,0.003288943,0.118888734
0.001148773,0.069564791,0.003285973,0.1350842
0.001951523,0.116058504,0.005582177,0.208069106
0.001143974,0.095347942,0.003272252,0.176967601
0.000921316,0.049650492,0.002635355,0.093285041
0.001423901,0.072946327,0.004072956,0.142329018
0.001814211,0.092104805,0.005189404,0.187075722
0.000496463,0.035065094,0.001420092,0.069203679
0.00075863,0.040207328,0.00217,0.078904557
0.001534318,0.078667382,0.004388792,0.157104075
0.001110418,0.107440817,0.00317626,0.196659791
0.000703207,0.045024636,0.002011468,0.084483833
0.000673995,0.020067372,0.001927907,0.040717263
0.001222427,0.066623725,0.003496655,0.132151403
0.000770241,0.032139849,0.002203211,0.06670621
0.000450965,0.022173559,0.00128995,0.045032886
0.001379297,0.077870658,0.00394537,0.153578506
0.001167801,0.059328413,0.003340404,0.117923369
0.001230341,0.048898325,0.003519292,0.100723977
0.00139647,0.078685233,0.00399449,0.147904851
0.000951993,0.140743839,0.0027231,0.243064646
0.001177667,0.071237006,0.003368621,0.134168847
0.000749352,0.481816447,0.00214346,0.796248864
0.000654945,0.033327787,0.00187342,0.066512913
0.000711683,0.050926797,0.002035711,0.094871281
0.000650433,0.03898672,0.001860512,0.079459562
0.001075953,0.091598711,0.003077679,0.164710603
0.000912188,0.048844037,0.002609243,0.09297763
0.52628187,0.96345517,1.082802414,1.897084528
0.001238712,0.108821877,0.003543236,0.197816932
0.001224692,0.077470783,0.003503134,0.153039456
0.001017663,0.049840672,0.002910941,0.101724075
0.000686458,0.053665384,0.00196356,0.100773948
0.000677074,0.034719884,0.001936712,0.069384842
0.000562394,0.026341978,0.001608684,0.052161961
0.00054537,0.02693006,0.00155999,0.053276347
0.000392896,0.040370345,0.001123846,0.071249516
0.000355019,0.020298109,0.001015504,0.039424891
0.002297603,0.123496433,0.006572109,0.24326001
0.001572809,0.087371774,0.004498894,0.165299589
0.002300264,0.103965927,0.006579722,0.211033229
0.000184326,0.010277986,0.000527252,0.020343043
0.003604645,0.063650503,0.00850299,0.127153785
0.0040434,0.049378492,0.009603827,0.087062925
0.003942802,0.088338079,0.009546651,0.16410973
0.007583336,0.049950766,0.017410517,0.095080092
0.004591109,0.191072203,0.011258004,0.37139446
0.004993762,0.07871926,0.011334893,0.151362337
0.010543972,0.243219179,0.023884659,0.487824464
0.018653968,0.225732053,0.042203218,0.454116494
0.014007887,0.183387915,0.031718869,0.360021282
0.002166433,0.085017034,0.005224574,0.160648058
0.003362636,0.035046897,0.007847532,0.074743485
0.004133448,0.029592541,0.009586687,0.05955687
0.001648706,0.044378054,0.003727809,0.070584661
0.004159637,0.106659309,0.009409261,0.209673105
0.007960456,0.118520038,0.018048335,0.233297538
0.005517438,0.061644344,0.012558305,0.129109116
0.002608489,0.027303103,0.005888217,0.057210963
0.010749287,0.125311442,0.024519941,0.259709861
0.00610018,0.067098939,0.014121132,0.126897973
0.002270109,0.964489813,0.00545867,1.584389235
0.011125725,0.12895515,0.025168799,0.263676939
0.009541975,0.200660919,0.021650098,0.369704466
0.001082075,0.010864064,0.002437942,0.021827835
0.004193608,0.062195678,0.009693106,0.125219372
0.000550544,0.10739906,0.001356046,0.179266794
0.001829512,0.052887155,0.004415603,0.093520648
0.001585203,0.040709367,0.0039444,0.073490971
0.000756028,0.009712928,0.001709769,0.01797698
0.010600315,0.121125636,0.024138193,0.255761995
0.011727095,0.119179832,0.026485331,0.248594735
0.003459251,0.03863747,0.007847645,0.078213645
0.006441686,0.104700764,0.014571374,0.20353673
0.009056678,0.109048334,0.020684585,0.227832804
0.012698743,0.180488455,0.028961213,0.357758581
0.008829036,0.099593024,0.020076186,0.20678179
0.00099743,0.041200385,0.002567381,0.078930177
0.003511547,0.076742661,0.008147044,0.145150089
0.001385155,0.010869936,0.003205888,0.023045
0.007406478,0.076227177,0.016843683,0.160783061
0.009975512,0.132058595,0.022562158,0.260308079
0.010417146,0.12411704,0.02367982,0.251463527
0.007614199,0.105381493,0.017364353,0.20735389
0.005300723,0.050155434,0.011939803,0.105603299
0.007392239,0.07116263,0.016724915,0.150633973
0.003926017,0.043031514,0.008840543,0.088299923
0.00696267,0.143354358,0.015923971,0.273930658
0.009467517,0.103192029,0.021612684,0.216744862
0.35304427,0.363681686,0.361990327,0.448956738
0.001794508,0.019475467,0.004057209,0.034723481
0.002901904,0.040359889,0.006580397,0.084202622
0.007739896,0.108276811,0.017618964,0.22570956
0.006145026,0.078842769,0.013963829,0.165286977
0.007654698,0.079355667,0.017449054,0.164878472
0.010750229,0.126276112,0.02435281,0.261836869
0.0081162,0.095917682,0.018368335,0.199362474
0.006326373,0.120786765,0.014352135,0.238001806
0.004806543,0.066941614,0.011439071,0.132391688
0.007507578,0.13240539,0.01695122,0.25989639
0.003967906,0.048664295,0.009053731,0.101785956
0.008574022,0.094832494,0.019428071,0.19736669
0.007231188,0.088338885,0.016507997,0.182579291
0.004004053,0.073391205,0.009059716,0.136753026
0.009720059,0.124344614,0.021979025,0.250057794
0.006873988,0.163417224,0.015579574,0.292668987
0.002310913,0.028315299,0.005283928,0.056483098
0.004339075,0.059964908,0.00990687,0.122206443
0.000665284,0.007280309,0.001498408,0.01436673
0.006453533,0.06643547,0.014587221,0.137488489
0.004775192,0.060141154,0.01078047,0.117476225
0.004785796,0.041383811,0.010936694,0.083939497
0.006544079,0.097920957,0.015064332,0.196308697
0.006227716,0.068394873,0.014196943,0.142768935
0.008189655,0.195363975,0.018633716,0.358403302
0.012081923,0.13966387,0.027285676,0.277955295
0.007114708,0.078412911,0.016176428,0.165987679
0.001588619,0.068831057,0.00373162,0.11759037
0.006084284,0.117048552,0.013980176,0.223445505
0.008658238,0.087974408,0.019610914,0.176686635
0.005381058,0.079533051,0.012194679,0.14951943
0.006612764,0.068598947,0.015007468,0.140421026
0.002531955,0.07109463,0.005774854,0.131022547
0.003189343,0.0386901,0.00724361,0.078698689
0.004166347,0.042078379,0.009411495,0.087744154
0.002652425,0.024495537,0.005990093,0.050526016
0.0044931,0.06532817,0.010181786,0.126299827
0.003763062,0.055025579,0.008591572,0.111308409
0.005873828,0.081568964,0.013353667,0.166726462
0.004830473,0.079151864,0.011094678,0.150350411
0.009061713,0.173831648,0.020632318,0.332284543
0.006322045,0.111957227,0.014266293,0.210329157
0.00234558,0.025878913,0.005298119,0.054164651
0.007026387,0.105768074,0.015908542,0.20485043
0.002704817,0.026434891,0.006103767,0.055277292
0.006540811,0.118667614,0.01485388,0.224137101
0.00374464,0.041526878,0.008478821,0.086127277
0.003419504,0.045873819,0.007791625,0.088428318
0.005982251,0.095391742,0.013484645,0.179815305
0.004206181,0.066401999,0.009917851,0.123790063
0.003492167,0.074523242,0.007865088,0.135763916
0.008369436,0.081601864,0.018901225,0.169348156
0.004831281,0.057294463,0.0109607,0.120257129
0.007639712,0.0900025,0.017352657,0.183954436
0.004278227,0.046349048,0.009643791,0.094784705
0.003439094,0.03358533,0.007772696,0.069803656
0.002984618,0.03465323,0.006768118,0.073122916
0.003907104,0.054842786,0.008830785,0.114661378
0.003157763,0.060707162,0.007118124,0.115721219
0.003146773,0.032502535,0.007087776,0.067315934
0.005681677,0.062067923,0.01292085,0.130252389
0.004164449,0.682673571,0.009767822,1.119811711
0.00881096,0.160143396,0.020006249,0.305062972
0.011483718,0.196190988,0.026111263,0.372971758
0.003394066,0.325601997,0.007820256,0.536178893
0.010084494,0.147165854,0.022979469,0.291061285
0.003032305,0.037702683,0.006977205,0.077579114
0.003551042,0.030493091,0.00801958,0.061061224
0.003586335,0.045757892,0.008107237,0.093256867
0.002890187,0.029571959,0.006549273,0.059182098
0.003676103,0.033798422,0.008285531,0.06787361
0.001825612,0.039768423,0.004112272,0.071178644
0.005442733,0.054621096,0.01227022,0.112170392
0.005332135,0.083784677,0.012118073,0.165505841
0.003354989,0.187641795,0.009573403,0.408206919
0.592427974,1.851161798,0.637147703,3.487748931
0.005189526,0.261120856,0.014795408,0.566416291
0.004767935,0.208576642,0.01358018,0.438345572
0.007146325,0.367362866,0.020380306,0.774141175
0.002203057,0.245032626,0.006274434,0.460226396
0.003832207,0.282699739,0.010905768,0.57119369
0.002949294,0.297882359,0.008390464,0.603117068
0.001657792,0.137693665,0.004701102,0.226418346
0.001665205,0.082844585,0.004722405,0.168756184
0.002932393,0.164795258,0.008336533,0.314227561
0.000812996,0.04858641,0.002319339,0.101788027
0.000762891,0.052823241,0.002175504,0.103810154
0.000578324,0.68774447,0.001642049,1.121145171
0.000389085,0.019042596,0.001104259,0.039003358
0.000501258,0.024672379,0.001421796,0.050309335
0.000603319,0.059130286,0.001712333,0.106638816
0.000346814,0.018972251,0.00098417,0.037424479
0.000471108,0.084688876,0.001336391,0.146777057
0.000840942,0.062852745,0.002390901,0.124384807
0.000506013,0.060999557,0.001436824,0.10964354
0.002535461,0.143702487,0.007232499,0.312329385
0.003121541,0.181866687,0.008911508,0.393851385
0.002678218,0.158199149,0.007630803,0.329505007
0.00609844,0.492954513,0.017405324,1.020723826
0.005904556,0.311160236,0.016814297,0.603200279
0.000320328,0.034350818,0.000912716,0.073358072
0.002386993,0.181351431,0.006810045,0.344147745
0.000406474,0.054454892,0.001155915,0.101094313
0.001624196,0.066844437,0.004611146,0.121750134
0.001800072,0.160761196,0.005134845,0.317470608
0.000968554,0.057035743,0.002746216,0.117253357
0.000200252,0.209121413,0.000568359,0.360285076
0.001378337,0.080151148,0.003925379,0.16902955
0.001918713,0.116659137,0.005484251,0.261938644
0.000449569,0.028354849,0.00127956,0.059920972
0.002881332,0.150658316,0.00821672,0.323667445
0.002411408,0.127477669,0.006870237,0.275424629
0.001580283,0.09755126,0.004507817,0.208459048
6.16739E-05,0.003531992,0.000175124,0.007212603
0.003078896,0.191277395,0.008768484,0.381068586
0.011464765,0.496476542,0.032596429,0.97903102
0.005354668,0.283374129,0.0152406,0.556989011
0.001957961,0.158553547,0.005563243,0.263578828
0.001328533,0.064258936,0.003775992,0.142388956
0.002245691,0.103122791,0.006391687,0.210099596
0.000453033,0.050736365,0.001288945,0.102703418
0.002567331,0.127426023,0.007294137,0.25965108
0.001908702,0.107710589,0.005418076,0.212490075
0.001552657,0.081297326,0.004409798,0.161632096
0.001914543,0.111492912,0.005439201,0.238025709
0.00083378,0.066676368,0.002366627,0.119993237
0.000725189,0.049995314,0.00206977,0.108877573
0.001058423,0.058026367,0.003021396,0.127261746
0.000391153,0.03294044,0.001111712,0.068481971
0.000633488,1.224532497,0.001801791,1.998962121
0.001210704,0.079486842,0.003441648,0.171322912
0.00093685,0.055055059,0.002664894,0.122658366
0.002537111,0.187536855,0.007209113,0.376581258
0.001867814,0.102851657,0.005306973,0.221961619
0.001226937,0.083602264,0.003491528,0.171240163
0.92126304,0.81605006,0.926478408,0.924669694
0.001876227,0.099722833,0.005333045,0.205372174
0.002185914,0.096132258,0.00621291,0.207373301
0.001890981,0.082465537,0.005373879,0.172647978
0.00151385,0.062910694,0.004296946,0.133679837
0.001174767,0.080911073,0.003358834,0.173143961
0.000373927,0.026962514,0.001060542,0.046156183
0.003076406,0.1682443,0.008725814,0.334421509
0.000917887,0.04068765,0.002604211,0.081448431
0.001251153,0.057610506,0.003553222,0.120671286
0.00082515,0.225289007,0.002343281,0.384665393
0.000680372,0.073346829,0.001930678,0.132880149
0.001444854,0.11729349,0.004107507,0.212067858
0.004062369,0.202592857,0.011557861,0.411174772
0.863534725,0.826005607,0.868211263,0.914212356
0.00300414,0.134196494,0.008521818,0.277104153
0.001654716,0.087575115,0.004695014,0.177520705
0.000827025,0.246323637,0.002345162,0.413080865
0.00072916,0.046393905,0.002079269,0.097304387
0.000963737,0.05189729,0.002736581,0.097633953
0.000624416,0.027377509,0.001772498,0.056965118
0.001010876,0.046485775,0.002872794,0.099453666
0.001368929,0.063026248,0.003888745,0.132521472
0.000389411,0.016621196,0.001105419,0.035425565
0.000282302,0.325600528,0.000801939,0.533477122
0.00148774,0.069325801,0.004231962,0.147694973
0.000515393,0.03168448,0.001471522,0.068866886
0.001215399,0.061346288,0.003457018,0.130555972
0.000354826,0.01612871,0.001008065,0.034397085
0.002006514,0.093863609,0.005713725,0.201948282
0.000250105,0.035731652,0.000713403,0.049530072
0.001098172,0.10448831,0.003116911,0.193763527
0.001021952,0.04316165,0.002902065,0.09319767
0.00050432,0.021646544,0.001432093,0.046440693
0.000595142,0.08583533,0.001689806,0.150833106
0.000850498,0.042290119,0.002413644,0.087698421
0.001086532,0.130511011,0.003096537,0.236320509
0.000606679,0.051034378,0.001723064,0.093161393
0.00075468,0.03409837,0.002143396,0.067081145
0.001560366,0.446716776,0.004433182,0.760616749
0.001875023,0.128062358,0.005324494,0.228954517
0.001493002,0.223208274,0.004237552,0.385282333
0.000908977,0.044862085,0.002577287,0.083946022
0.000657032,0.030568585,0.001864805,0.063853737
0.000194092,0.009814142,0.000550727,0.01953664
0.000191803,0.010944179,0.000544805,0.022181063
0.001913763,0.617666215,0.005430342,1.029602136
0.000607126,0.029604347,0.001723786,0.05810269
0.01869486,1.081837823,0.053221004,1.943897281
0.006904359,0.409564714,0.019634748,0.769193624
0.001121044,0.062034924,0.003196632,0.128722154
0.002430565,0.119637858,0.00692257,0.253185739
0.001206167,0.060193356,0.003432527,0.127490695
0.002327157,0.231237694,0.006631417,0.443700168
0.00136086,0.067477093,0.003875437,0.142908087
0.001298124,0.055482158,0.003693724,0.122769372
0.001526399,0.0788284,0.004343574,0.162836072
0.003175226,0.160328771,0.009048494,0.343005947
0.000466821,0.277953142,0.001326126,0.456280976
0.000461066,0.14738914,0.001308222,0.247071485
0.000770899,0.038639559,0.002187885,0.072957306
0.000667239,0.048407975,0.001894181,0.09481027
0.001316017,0.119902408,0.003738651,0.223063289
0.001848559,0.057137602,0.004553598,0.116399672
0.005593259,0.073558269,0.013254768,0.141095548
0.00731026,0.080961286,0.016782046,0.162678507
0.00890087,0.103686006,0.021155998,0.213307602
0.004079113,0.097323657,0.00925791,0.200054606
0.004197941,0.036520551,0.009508287,0.074043722
0.009552276,0.151039868,0.02156553,0.282517321
0.005143877,0.108107123,0.011607757,0.197208388
0.005586489,0.073568149,0.012624786,0.149061285
0.00505128,0.098740291,0.01141624,0.180960858
0.010151713,0.139517288,0.023100375,0.273788702
0.012292917,0.384899791,0.027843392,0.67983984
0.000722261,0.036594328,0.001790037,0.06700819
0.003601837,0.07410097,0.008488652,0.141124422
0.004263529,0.108757081,0.00996706,0.185991449
0.003287887,0.903486925,0.007642223,1.467150862
0.007237316,0.098067875,0.016489282,0.201153044
0.005119303,0.053881729,0.011563823,0.114739451
0.006836973,0.103830066,0.015419266,0.199923249
0.005961064,0.088851463,0.013469847,0.171192603
0.007652376,0.093579523,0.017275955,0.185148028
0.004245918,0.035664151,0.009594455,0.074203048
0.00108416,0.021666118,0.002747272,0.046374781
0.000561708,0.009910387,0.001306255,0.018331485
0.000623794,0.018046697,0.001606468,0.033049901
0.003318139,0.044494164,0.00771808,0.089420619
0.001954786,0.018570476,0.004412448,0.038126424
0.005909798,0.06547285,0.013412515,0.130799126
0.003755857,0.038697154,0.008518657,0.081447155
0.005199492,0.057243136,0.011818709,0.11297691
0.009464385,0.08206461,0.021422318,0.174433963
0.004864864,0.104660153,0.011077182,0.191246011
0.004761502,0.043644988,0.01073591,0.090459929
0.003516455,0.027494554,0.007941945,0.057753664
0.003438038,0.028834412,0.00774939,0.061626505
0.003031865,0.02635624,0.006838168,0.05483011
0.004646058,0.098639307,0.010525397,0.183410373
0.004006472,0.063160387,0.009065926,0.119492642
0.005069186,0.038978972,0.011503826,0.081891379
0.007041394,0.015271563,0.015878078,0.029311526
0.001919023,0.189708756,0.004669465,0.319280412
0.002729161,0.088005461,0.006234257,0.180985737
0.00478946,0.042874562,0.010810193,0.092945837
0.01100492,0.542488375,0.024933205,0.953782007
0.002854846,0.044786923,0.006480011,0.087324696
0.009562962,0.088144648,0.02172867,0.186298416
0.000575876,0.02021207,0.001574956,0.038445009
0.002817772,0.049193669,0.006460161,0.089977746
0.17217903,0.375532761,0.174235652,0.522835911
0.008361638,0.096533866,0.018946195,0.191498935
0.088144875,1.771688272,0.162682052,2.86896601
0.004413118,0.064048999,0.010025676,0.135395694
0.003975467,0.099250471,0.008976046,0.179322335
0.000973898,0.021257473,0.002234686,0.041754798
0.395061391,0.45739568,0.406486518,0.600652498
0.005457857,0.051760955,0.012385007,0.109625916
0.013814607,0.160694316,0.031353095,0.328129492
0.008433637,0.075317496,0.019122133,0.159974656
0.005453164,0.335293279,0.012603486,0.561483616
0.005878458,0.07956552,0.013330959,0.166790106
0.004968196,0.275337621,0.011268971,0.464468405
0.011523909,0.262992976,0.026281823,0.48432366
0.018473178,0.194795763,0.041952953,0.408858677
0.005802927,0.063548409,0.013567765,0.128584265
0.003714806,0.03519305,0.008471361,0.075277153
0.008133053,0.071046648,0.018423087,0.151272113
0.00922956,0.119513786,0.020974886,0.241387897
0.01525712,0.367783095,0.034612324,0.667329672
0.005652481,0.15650632,0.012862736,0.282664263
0.011100183,0.22316304,0.02526758,0.410637186
0.004055569,0.073821342,0.009250216,0.115172566
0.003377247,0.110302326,0.007663627,0.168901039
0.004881772,0.123322933,0.011073387,0.211296844
0.003562115,0.041686279,0.008053,0.076374136
0.002327082,0.023470541,0.005253628,0.047906308
0.002303137,0.039647994,0.005205696,0.075340657
0.002566675,0.019954665,0.005789604,0.042213922
0.004523349,0.035891734,0.010196566,0.076753312
0.002698738,0.023908783,0.006083949,0.047928109
0.004916831,0.048438991,0.011099352,0.100704782
0.005614319,0.062897287,0.012720544,0.120448585
0.005673685,0.07032309,0.012897371,0.123139063
0.006522753,0.378770145,0.014846483,0.646926173
0.006210431,0.052903815,0.014081062,0.104697682
0.005151485,0.049889346,0.011649225,0.10195662
0.003641799,0.04848696,0.008275447,0.09086181
0.003700368,0.072015882,0.008381061,0.133703547
0.003845577,0.062364379,0.008784483,0.117334905
0.009829098,0.104039045,0.022223442,0.209413344
0.005431163,0.054519785,0.012245026,0.102320455
0.002794757,0.026218459,0.006304026,0.055893714
0.002181618,0.017678403,0.00492878,0.037143098
0.003519539,0.029095859,0.007948539,0.06197385
0.004629404,0.039670562,0.010455345,0.084524816
0.00534216,0.048078998,0.01205096,0.101677186
0.003072315,0.029462752,0.006956861,0.061191204
0.007731169,0.142080762,0.017477794,0.261953068
0.004984029,0.03726692,0.011279312,0.079168399
0.012360015,0.187026491,0.02798476,0.344323209
0.005580219,0.056835936,0.012596988,0.121524147
0.005680342,0.135829641,0.012814628,0.241837723
0.005586018,0.225937189,0.012639875,0.385935975
0.002972904,0.034679972,0.00669696,0.07395114
0.001555345,0.095959049,0.003530046,0.160422366
0.005574204,0.165985002,0.012570304,0.286867886
0.00671019,0.152507524,0.015144411,0.271589589
0.006715469,0.060070527,0.015160414,0.127544529
0.003461485,0.052366869,0.00782776,0.099707021
0.0046149,0.038214323,0.01043678,0.081805674
0.004120788,0.097663493,0.009333457,0.175223821
0.001479447,0.016241079,0.003353251,0.031756485
0.00099084,0.070382793,0.002834224,0.158087116
0.001484821,0.054456455,0.00424722,0.109096019
0.001147292,0.038884032,0.003281742,0.080505912
0.000725058,0.062455628,0.002073975,0.131503306
7.60163E-05,0.004162196,0.00021744,0.006961776
0.000441266,0.019341091,0.001262209,0.03390836
0.000529534,0.039203411,0.001514695,0.087134209
7.73256E-05,0.00438716,0.000221182,0.007410884
0,0.00010052,0,0.000240564
0.912247672,1.991710512,1.679428084,3.251136995
0.000108874,0.006018876,0.000311428,0.011730157
0.000674547,0.039277693,0.001929491,0.076461048
0.000564681,0.030519432,0.001615226,0.061719552
0.000699471,0.025605232,0.002000786,0.05397129
0.265952246,0.439635917,0.566572338,0.927174795
0.000337671,0.023223186,0.000965882,0.043723528
0.000345469,0.016918948,0.000988189,0.033192381
0.000508677,0.03644096,0.001455031,0.06633131
0.000468625,0.029735319,0.001340467,0.053105642
0.000244514,0.013995793,0.000699417,0.027737966
0.000259125,0.237326298,0.000741204,0.383769075
0.000464443,0.025822648,0.001328503,0.047533973
0.000453783,0.019092723,0.001298011,0.036014904
0.000154258,0.009245922,0.000441245,0.01739639
0.000242256,0.019622224,0.000692956,0.03365488
0.002821228,0.158758595,0.008069903,0.307472326
0.003158303,0.147493482,0.009034071,0.308962339
0.014346578,0.737477685,0.041037206,1.615294784
0.001107183,0.076770589,0.003167011,0.142911928
0.001906167,0.074051845,0.005452449,0.137886756
0.002176968,0.100696577,0.006227055,0.191032068
0.00372054,0.127289738,0.010642317,0.245944645
0.002952773,0.139932738,0.008446175,0.279246455
0.002191621,0.119208909,0.006268956,0.21843765
1.621432578,3.565159995,2.985937912,5.841473285
0.001722805,0.149863379,0.004927947,0.266587753
0.004487959,0.30251393,0.012837455,0.596824813
0.003705862,0.162566056,0.010600319,0.323768751
0.000768352,0.059877937,0.00219781,0.107556058
0.00278889,0.934475926,0.007977398,1.553775404
0.004412992,0.321013347,0.012623008,0.60471855
0.004311646,0.321652791,0.012333112,0.605244441
0.003002819,0.150451726,0.008589322,0.292227698
0.002046144,0.08329067,0.005852829,0.176301879
0.001883853,0.112761574,0.005388609,0.214613126
0.001826309,0.140285562,0.00522401,0.262324724
0.001723827,0.064284794,0.004930866,0.130730051
0.001598113,0.063689117,0.004571275,0.127468087
0.001796868,0.090228328,0.005139801,0.174901483
0.001544764,0.094699907,0.004418674,0.18074747
0.001257883,0.070000179,0.003598069,0.140965905
0.000438969,0.016935963,0.001255636,0.034779556
0.002021966,0.260237171,0.005783671,0.466089742
0.002134575,0.07145987,0.006105781,0.1510995
0.001661477,0.16566817,0.004752522,0.296806619
0.001493621,0.055199458,0.004272383,0.113819593
0.001294507,0.054355281,0.003702833,0.11391593
0.000918215,0.033941065,0.002626482,0.067837525
0.948637043,1.516799001,2.020321542,3.221148877
0.00083325,0.071634269,0.002383445,0.129055604
0.001004656,0.058643978,0.002873738,0.111925761
0.001280275,0.07012377,0.00366212,0.139138023
0.001322826,0.084263867,0.003783838,0.16080291
0.005127555,0.109665496,0.011677589,0.22920135
0.001972869,0.054257596,0.005020427,0.109767063
0.006463319,0.09312353,0.015381522,0.186570628
0.006195326,0.1545917,0.014829579,0.310776541
0.003516555,0.090359072,0.008868904,0.187736638
0.004741514,0.122921816,0.01055027,0.241335852
0.001855298,0.039928121,0.004096749,0.070983614
0.003364251,0.086842853,0.007614853,0.166733009
0.002195746,0.038874089,0.005016502,0.074208883
0.00656815,0.216408605,0.015060829,0.435329369
0.003269831,0.076141642,0.007644812,0.141496581
0.004050052,0.072157268,0.008946667,0.140447945
0.002887929,0.051158674,0.006398948,0.086256504
0.001955348,0.034223551,0.004283812,0.06828017
0.001523043,0.040949548,0.003434852,0.081036288
0.003478268,0.22138763,0.007805471,0.378135996
0.004411126,0.150776527,0.009745806,0.255310193
0.003634273,0.076172997,0.008056586,0.129737317
0.003139574,0.063696094,0.007010626,0.123116422
0.00670102,0.205804417,0.014855455,0.443207797
0.000620588,0.023842445,0.001580233,0.048060257
0.000957658,0.017755235,0.002213311,0.037556089
0.001986936,0.023400565,0.004540059,0.049567023
0.001261164,0.042214936,0.002819715,0.084774564
0.326470115,0.610884625,0.695378234,1.269427379
0.004123314,0.07205169,0.009247594,0.148031465
0.000413935,0.633422006,0.001067977,1.025264526
0.000296114,0.033098013,0.000717081,0.04903255
0.001333732,0.036463266,0.003022809,0.064143698
0.000793053,0.034180875,0.001742314,0.056822092
0.001142131,0.01542449,0.002481843,0.032161029
0.002299862,0.051698426,0.005225524,0.097112292
0.002243633,0.039232689,0.004985353,0.076585858
0.001552305,0.050738999,0.003845252,0.100862912
0.004145401,0.078451207,0.009214269,0.160448978
0.004863954,0.170360399,0.010691781,0.313681955
0.354836662,0.629212909,0.755688123,1.321154535
0.003647191,0.057838596,0.008019651,0.119637565
0.003508046,0.081723735,0.008108258,0.157028894
0.315116352,0.518852533,0.670990536,1.098440064
0.006161435,0.103702247,0.013676117,0.214398679
0.003006316,0.071674373,0.006774706,0.135525201
0.002400385,0.088088536,0.005371039,0.154621759
0.002749147,0.144161447,0.006106376,0.248075654
0.003310786,0.116706382,0.007835743,0.24518861
0.002849578,0.054314627,0.006421035,0.10831755
0.001739068,0.082089257,0.00382464,0.143210807
0.005226612,0.096998485,0.011527298,0.200070639
0.002435049,0.036545472,0.005344686,0.074188776
0.001839413,0.03278612,0.004038553,0.065921933
0.002231881,0.081650816,0.004828064,0.143860337
0.001596773,0.021071366,0.003452945,0.043924145
0.004045423,0.171582043,0.009036237,0.303104731
0.001805605,0.09082937,0.00419803,0.172663002
0.001332396,0.020614059,0.002893653,0.042671705
0.001049076,0.07942091,0.002289244,0.134465927
0.001974404,0.070548189,0.004356658,0.128108975
0.001699819,0.022852872,0.003693214,0.047203895
0.002998798,0.046584054,0.006537503,0.095232839
0.002776052,0.044649319,0.006138224,0.090139132
0.002402262,0.055938935,0.005729897,0.112346862
0.003182265,0.041026196,0.006994024,0.085139331
0.002830765,0.055266757,0.006288611,0.113908978
0.001495624,0.032897138,0.003437413,0.067780048
0.003936998,0.084946816,0.009006628,0.166729743
0.001598085,0.033092827,0.003775941,0.065295479
0.00446697,0.080069919,0.010083724,0.160954175
0.003758343,0.709145042,0.00835453,1.165062172
0.005334256,0.169002418,0.011931433,0.313558828
0.002754441,0.05119052,0.006242095,0.104700698
0.002998324,0.061768023,0.006965074,0.107326161
0.000942134,0.32137588,0.002077782,0.522720269
0.0012684,0.049746755,0.002848119,0.091035376
0.000313409,0.009399941,0.000683187,0.013429057
0.002528501,0.068585419,0.005594828,0.121978522
0.001465639,0.030457136,0.003235891,0.056218794
0.001711643,0.046561647,0.003806195,0.079708428
0.001480166,0.025521016,0.003229521,0.049185374
0.001129923,0.037923745,0.002454306,0.067581827
0.001242388,0.020427034,0.002706584,0.040536538
0.001878851,0.324430196,0.004306672,0.53112644
0.002748901,0.049526278,0.006633733,0.101626908
0.324830194,0.569785589,0.691954251,1.208499008
0.002438194,0.039494971,0.005422252,0.079530053
0.004058805,0.070980685,0.009112264,0.148734382
0.003421688,0.053095831,0.007678273,0.108836371
0.002449386,0.044180101,0.005462892,0.091695383
0.004061131,0.059938758,0.009050757,0.125846946
0.002436909,0.041848886,0.005407111,0.085303004
0.003154494,0.054709335,0.007091078,0.113751312
0.328841456,0.604474588,0.700690133,1.264537219
0.0016927,0.057839952,0.003772207,0.102822888
0.007595456,0.174872334,0.016749964,0.337977067
0.002010017,0.037560266,0.004429032,0.077758846
0.000744366,0.013895418,0.001648988,0.027807994
0.000598514,0.017299472,0.001324288,0.034903483
0.004147538,0.070433388,0.009302661,0.137743069
0.001458805,0.032584009,0.003258417,0.065270932
0.004350735,0.093785873,0.009816657,0.185756494
0.002003062,0.058216002,0.004433769,0.110362284
0.001828043,0.072029089,0.004026732,0.132919423
0.002295919,0.040078369,0.005100153,0.082524219
0.002061151,0.106013843,0.004586156,0.18232134
0.00170851,0.063488268,0.003800541,0.116067737
0.0016549,0.061759497,0.003648577,0.11200665
0.001678911,0.027921303,0.003668926,0.057918718
0.334539831,0.571130852,0.712676868,1.209864524
0.001392223,0.08895837,0.00308472,0.152208579
0.003765194,0.069194552,0.008464449,0.145521947
0.003035937,0.05236148,0.006809113,0.105376645
0.005582919,0.168014137,0.012315483,0.31508354
0.001675198,0.108218721,0.00370357,0.18697379
0.002273859,0.371739318,0.005388129,0.618700153
0.003636856,0.275038305,0.008193603,0.47531045
0.004307278,0.115174643,0.009645023,0.218325615
0.001531327,0.028356001,0.003455789,0.057131218
0.00421096,0.100530517,0.009452492,0.190126352
0.004626909,0.13738182,0.010535629,0.264589288
0.002142941,0.054483406,0.004691365,0.101891634
0.001896985,0.061318828,0.004294999,0.098579616
0.001354013,0.031319508,0.002963699,0.056602876
0.000988588,0.016140598,0.002166293,0.031394723
0.001269332,0.035477247,0.002792814,0.065753251
0.000523718,0.008050009,0.001145597,0.015040254
0.000802088,0.099257607,0.001745134,0.164357766
0.000987475,0.012038676,0.002137272,0.02212492
0.000785381,0.014332057,0.001692052,0.026500526
0.002797019,0.052424399,0.006368628,0.106202508
0.001703701,0.04341275,0.003776041,0.094171624
0.0029903,0.040296586,0.006602926,0.083852409
0.003158337,0.085513242,0.006910157,0.158665686
0.003185829,0.057717562,0.007118982,0.117658671
0.004404469,0.102612763,0.009928194,0.201051456
0.005665378,0.092203568,0.012523734,0.193617766
0.002804593,0.042470093,0.00620997,0.088241892
0.000591235,0.010858567,0.001273925,0.019533772
0.001363253,0.034726967,0.002934716,0.062449461
0.00071236,0.011937583,0.001530841,0.022088571
0.001347319,0.019160455,0.002904294,0.036446097
0.000933984,0.016895652,0.002009713,0.032502078
0.000520876,0.01016619,0.001129392,0.018148925
0.000540661,0.00987589,0.001166855,0.017966554
0.000862059,0.014002802,0.0018559,0.026548938
0.000644564,0.011651476,0.00138825,0.021580994
0.000267068,0.006393256,0.00057755,0.010704887
0.000397392,0.008169777,0.000862021,0.014380623
0.00048516,0.010742465,0.001050405,0.01969204
0.000512668,0.010101091,0.001103183,0.018400928
0.000967173,0.026330088,0.00208991,0.049071354
0.000428865,0.006196478,0.000932326,0.012514853
0.000492202,0.007320887,0.001062461,0.014858036
0.000506665,0.006940848,0.001094566,0.014033422
0.000311651,0.004672482,0.000674351,0.009340475
0.000425907,0.006763503,0.000919618,0.013707679
0.000213648,0.003386668,0.000464432,0.006648451
0.000168454,0.00269178,0.000371197,0.005232033
0.000255089,0.004036592,0.000553375,0.008029447
0.000178828,0.003104426,0.000395624,0.006147839
0.000166287,0.002681723,0.000364443,0.005206641
0.00022401,0.003503203,0.000491393,0.006959481
0.000223855,0.003694686,0.00048838,0.007311796
0.000357099,0.005343891,0.000774364,0.010785855
0.000145838,0.002296294,0.000319741,0.004384917
0.000153409,0.002710088,0.000333483,0.005220013
0.000190797,0.003420649,0.000413102,0.006775876
0.000109912,0.00193978,0.000239436,0.003599261
0.001754804,0.3192273,0.004081491,0.53382723
0.00091786,0.014210547,0.001986737,0.027945841
0.001437485,0.037335622,0.003162992,0.070021436
0.000832637,0.012804549,0.001826459,0.024894535
0.001822874,0.028697603,0.004002574,0.058767514
0.001511262,0.036169336,0.003305874,0.067675088
0.000623715,0.025081473,0.001371406,0.043665278
0.000746696,0.012047349,0.00163004,0.023214792
0.000684476,0.012875246,0.001499744,0.024935294
0.000679752,0.012730293,0.001492791,0.024509274
0.00114011,0.031508289,0.002493312,0.056874816
0.000937061,0.015591213,0.002041034,0.030581328
0.001155923,0.04803963,0.002547076,0.084948668
0.0009106,0.027716455,0.002023399,0.050496796
0.000958767,0.017156449,0.002111517,0.033793424
0.001063119,0.017253991,0.00232294,0.034076949
0.00126329,0.023343082,0.002765199,0.046479411
0.002351435,0.148855014,0.006726103,0.312079687
0.001841056,0.067256777,0.005266201,0.136251962
0.001381959,0.102543889,0.003952985,0.192761358
0.000457303,0.022352017,0.00130808,0.043242763
0.000612074,0.033124358,0.001750792,0.060569542
0.000462544,0.078843721,0.001323069,0.099625167
0.001010127,0.074149044,0.002889386,0.143369698
0.000558316,0.030046435,0.00159702,0.059627157
0.000582617,0.092894893,0.001666532,0.161200345
0.00108453,0.197123061,0.003102212,0.337454907
0.001002984,0.356125884,0.002868961,0.586116591
0.000920571,0.094951163,0.002633222,0.168718679
0.00142086,0.123974198,0.004064254,0.226618062
0.001832308,0.145647059,0.005241173,0.261209541
0.001811563,0.314178626,0.005181834,0.531102589
0.001719025,0.142308967,0.004917137,0.255059015
0.001636032,0.40542283,0.004679741,0.687564275
0.001619928,0.128472514,0.004633672,0.243876208
0.001020538,0.071405311,0.002919164,0.136718323
0.001130569,0.081902697,0.003233902,0.155732873
0.000878063,0.061343775,0.002511629,0.119168425
0.000833291,0.051417093,0.00238356,0.098281384
0.000726454,0.048338791,0.002077962,0.092747398
0.000869181,0.058505013,0.002486227,0.108723827
0.00056251,0.031339694,0.001609012,0.062895901
0.00144034,0.083376721,0.004119977,0.158918162
0.000608489,0.039160491,0.001740535,0.07925281
0.001211295,0.082672751,0.003464816,0.15000323
0.001633047,0.122301416,0.004671204,0.230781872
0.00063353,0.097187408,0.001812159,0.167105734
0.000701212,0.057696965,0.002005759,0.104127965
0.000622211,0.028155863,0.001779785,0.056271592
0.000565173,0.052102541,0.001616635,0.098164065
0.000614285,0.053623399,0.001757111,0.099170093
0.002405958,0.155954504,0.006882053,0.294877625
0.001661709,0.108734606,0.004753183,0.204781548
0.151582048,0.29093351,0.280289378,0.50189951
0.001368488,0.099079411,0.003914447,0.187440554
0.001737245,0.096714687,0.004969249,0.190055702
0.001306957,0.08161993,0.003738444,0.157541599
0.002133078,0.117605295,0.006101496,0.234322398
0.001306109,0.102809618,0.003736017,0.197580344
0.000642327,0.104362131,0.001837326,0.178416362
0.000220287,0.011868557,0.00063011,0.023329284
0.000405516,0.021359532,0.001159946,0.041868067
0.000240218,0.044685305,0.000687125,0.074483248
0.000715599,0.060719184,0.002046913,0.113662766
0.000931839,0.058985685,0.002665448,0.114382883
0.00060906,0.047008186,0.001742171,0.087055886
0.000782828,0.057829626,0.002239218,0.10777942
0.00088643,0.074452532,0.002535561,0.130168149
0.000966835,0.05377217,0.002765557,0.109877958
0.001369035,0.187293376,0.003916013,0.334109652
0.000770805,0.038265685,0.002204828,0.075148608
0.000513278,0.029129139,0.001468187,0.055145129
0.000480572,0.044642355,0.001374637,0.078870316
0.000611065,0.031980344,0.001747905,0.061347148
0.00052043,0.048308051,0.001488644,0.086631295
0.000418888,0.046087326,0.001198195,0.080442898
0.000766065,0.054452032,0.002191264,0.101992275
0.001044463,0.088572868,0.002987606,0.169442198
0.627496568,1.046338686,1.336497696,2.204136968
0.000342307,0.01853612,0.000979144,0.038558044
0.000344635,0.015068187,0.000985801,0.031600065
0.000421268,0.039899273,0.001205003,0.073978425
0.000340728,0.076621731,0.000974624,0.132006168
0.00061475,0.028305408,0.00175844,0.059451901
0.000383561,0.034213426,0.001097144,0.062284341
0.000502126,0.022512387,0.001436293,0.047202201
0.000293792,0.015358185,0.000840367,0.032125689
0.613676384,1.03306597,1.307209153,2.183812056
0.000727593,0.035208017,0.002081218,0.073819092
0.000657227,0.065555482,0.001879946,0.119002106
0.000269014,0.012867978,0.000769493,0.026846827
0.000419145,0.077356298,0.001198931,0.131522699
0.00029051,0.013823505,0.000830978,0.028727598
0.001163399,0.085387422,0.003327807,0.162262708
0.000762844,0.065404704,0.002182051,0.121286702
0.000386134,0.025054057,0.001104506,0.048388898
0.000664955,0.108985672,0.001902049,0.191345394
0.17562701,0.449512916,0.324059738,0.749775745
0.000594129,0.090673038,0.00169946,0.161137
0.000697149,0.036285878,0.001994133,0.072140868
0.000699289,0.035886099,0.002000261,0.071437057
0.000546664,0.051676458,0.001563686,0.095920866
0.000669409,0.104919348,0.001914786,0.186255805
0.152869811,0.441823985,0.281997124,0.735204474
0.000627314,0.053705994,0.001794383,0.099336695
0.001332475,0.045159994,0.003811445,0.091261985
0.001192297,0.049013668,0.003410477,0.103888039
0.001937222,0.178365894,0.005541268,0.358278183
0.214244971,0.379341487,0.456934709,0.798673937
0.000433537,0.030108718,0.001240097,0.057704048
0.50837471,0.999439791,0.999050859,1.76839218
0.000528637,0.034928696,0.001512122,0.067843426
0.000315693,0.035565143,0.000903014,0.064519629
0.000893177,0.135101795,0.00255486,0.239205984
0.000611635,0.045300521,0.001749533,0.085457664
0.000581938,0.032814237,0.001664588,0.063310743
0.000873182,0.060315622,0.002497668,0.115699568
0.00106088,0.08034095,0.003034559,0.1540313
0.000666537,0.206221605,0.001906577,0.342909323
0.001281948,0.239590844,0.003666912,0.400004299
0.000885444,0.054085941,0.00253274,0.098170919
0.00048541,0.198268342,0.001388475,0.327646662
0.001076036,0.122066975,0.003077915,0.21515298
0.000829033,0.127321809,0.002371381,0.218922158
0.001087689,0.07016959,0.003111245,0.133339988
0.00119484,0.078711071,0.003417742,0.152386204
0.001521027,0.107120001,0.004350775,0.203888559
0.002254842,0.200668098,0.006449796,0.366603894
0.000886876,0.404306803,0.00253684,0.658452943
0.000454939,0.041289999,0.001301316,0.075380574
0.000546745,0.031939581,0.001563919,0.059683543
0.00038548,0.06618856,0.001102632,0.114675061
0.000357235,0.062511698,0.001021843,0.10944955
0.000370049,0.371419334,0.001058497,0.609447391
0.000479061,0.188557315,0.001370313,0.313754031
0.216465461,0.370319225,0.461126816,0.774152901
0.000329391,0.048543214,0.000942196,0.086986167
0.001254082,0.09064554,0.0035872,0.165732241
0.00040791,0.070138698,0.001166795,0.121823343
0.000408604,0.034345411,0.001168778,0.063274922
0.000493569,0.025810449,0.001411813,0.052398912
0.000866694,0.057666496,0.002479108,0.108617963
0.001378153,0.070559087,0.0039421,0.138050685
0.000539851,0.043488158,0.001544197,0.077563886
0.000718335,0.052156229,0.002054737,0.096823219
0.000828219,0.044448685,0.002369057,0.088444289
0.000525084,0.043519244,0.001501958,0.080068714
0.000714727,0.032103943,0.002044419,0.062339059
0.000354701,0.032464338,0.001014592,0.056099936
0.002364079,0.186591718,0.006762256,0.34838828
0.001113192,0.051178192,0.003184197,0.105313555
0.000728912,0.060714187,0.002084997,0.109496597
0.000219943,0.015235324,0.000629128,0.031424559
0.000344451,0.052777432,0.000985276,0.094159144
0.00033377,0.021042489,0.000954722,0.041047776
0.000616219,0.044658221,0.001762644,0.085641905
0.000273194,0.038691451,0.00078145,0.068526526
0.000466436,0.035551348,0.001334201,0.067331046
0.00043597,0.055452872,0.001247055,0.094686807
0.000315168,0.038105262,0.000901512,0.06797261
0.000548742,0.023387892,0.001569635,0.0478137
0.000573181,0.025772664,0.001639539,0.054101504
0.000491308,0.039466104,0.001405346,0.074360018
0.000369953,0.039760784,0.001058222,0.072919211
0.000269541,0.012142505,0.000770999,0.025341621
0.000191823,0.007426565,0.000548693,0.015416942
0.000792915,0.053213826,0.002268069,0.104016098
0.000114763,0.005279247,0.00032827,0.010831964
0.000451674,0.034745036,0.001291977,0.064683834
0.000641576,0.047550088,0.001835175,0.089638469
0.000604857,0.029021193,0.001730143,0.060129182
0.000478676,0.022264759,0.001369213,0.046586549
0.000243705,0.021633143,0.000697101,0.039833214
0.000261038,0.011722577,0.000746678,0.024345126
0.000463363,0.021914401,0.001325411,0.045117681
0.000253219,0.023747293,0.00072431,0.043021078
0.000891232,0.039045461,0.0025493,0.082793774
0.000437288,0.020560974,0.001250826,0.04235504
0.000319538,0.014175764,0.000914011,0.029107682
0.000355147,0.017289948,0.001015868,0.035756894
0.000316334,0.028324062,0.000904847,0.052580086
0.000522265,0.024005885,0.001493898,0.049993289
0.000210596,0.010726703,0.000602393,0.021669117
0.209419983,0.341819178,0.446182831,0.724841921
0.000563892,0.027289772,0.001612964,0.056732505
0.000892796,0.14106523,0.002553769,0.250177839
0.000835313,0.036479991,0.002389347,0.07212233
0.000563653,0.054517388,0.001612285,0.097396878
0.000789082,0.157688239,0.002257103,0.270786372
0.001253122,0.077781324,0.003584452,0.151803604
0.00030735,0.023419181,0.000879151,0.041710309
0.000987702,0.065974892,0.00282524,0.127607192
0.000560603,0.031982458,0.001603559,0.061230222
0.000690612,0.052755381,0.001975439,0.097709782
0.000577894,0.033006297,0.001653019,0.0628438
0.00040567,0.024654827,0.001160387,0.045717276
0.00065776,0.035624139,0.001881467,0.06797597
0.000389869,0.035677724,0.001115189,0.063068981
0.000233618,0.016053897,0.000668242,0.026197407
0.000863092,0.069119752,0.002468805,0.129404866
0.000948906,0.131713367,0.002714267,0.235128753
0.000463892,0.023200325,0.001326927,0.044773456
0.000540452,0.033047771,0.001545921,0.065202027
0.000648439,0.032688573,0.001854808,0.064929912
0.000951359,0.051612506,0.002721283,0.104679407
0.001633764,0.095639498,0.004673249,0.190867854
0.000885522,0.057710674,0.002532965,0.110384152
0.000756439,0.058706362,0.002163731,0.115656749
0.000531544,0.027768413,0.001520437,0.052943776
0.000483077,0.027519774,0.001381801,0.052156653
0.000869627,0.0383925,0.002487501,0.082064901
0.000227796,0.012430536,0.00065159,0.023938303
0.0006389,0.078332877,0.00182752,0.140955161
0.000540024,0.054788947,0.001544695,0.098537139
0.000361248,0.05206158,0.001033321,0.091891436
0.000298024,0.015483784,0.000852475,0.03051172
0.000432025,0.020505881,0.00123577,0.041451799
0.000322201,0.03833533,0.000921629,0.068047134
0.000406055,0.032361585,0.001161487,0.060575093
0.000357946,0.017348346,0.001023879,0.034512442
0.000248611,0.025960127,0.000711133,0.047445003
0.000338682,0.042767584,0.000968773,0.07525726
0.000211571,0.00851872,0.00060518,0.013839252
0.000444565,0.040393837,0.001271642,0.075267073
0.000207589,0.012379675,0.000593793,0.021243193
0.000450982,0.057817117,0.001289996,0.100437674
0.000249988,0.016834875,0.00071507,0.030698487
0.000289069,0.024638722,0.000826856,0.045596097
0.000176345,0.007032639,0.000504417,0.01483194
8.02001E-05,0.003282671,0.000229406,0.00691207
0.000348636,0.013119247,0.000997246,0.027672198
0.000327441,0.042222032,0.000936616,0.072301536
0.000124044,0.007246207,0.000354816,0.012995562
0.000227395,0.012739373,0.000650443,0.024381194
0.000445726,0.013345759,0.001274966,0.028858484
4.21374E-05,0.034119007,0.000120532,0.054633389
1.69267E-05,0.018563456,4.84182E-05,0.028976607
3.31652E-05,0.0027953,9.48672E-05,0.003675883
3.30143E-05,0.002716529,9.44343E-05,0.003633048
2.1896E-05,0.002568123,6.26309E-05,0.003203599
2.40421E-05,0.002578835,6.87713E-05,0.003195626
3.30296E-05,0.002792742,9.44786E-05,0.003740818
0.000138938,0.005151564,0.000397422,0.00997809
5.42321E-05,0.002770912,0.000155127,0.004295327
5.61235E-05,0.002981237,0.000160537,0.004791228
7.6754E-05,0.003794727,0.000219548,0.006748445
4.11721E-05,0.019664801,0.00011777,0.031542646
4.4317E-05,0.018168829,0.000126764,0.029204925
7.03948E-05,0.00335936,0.000201358,0.005825755
4.00815E-05,0.002531062,0.000114649,0.003822293
3.65333E-05,0.002553714,0.0001045,0.003738973
1.91044E-05,0.002106951,5.46463E-05,0.002681566
2.38993E-05,0.002359814,6.83611E-05,0.003301207
3.15285E-05,0.002631097,9.01851E-05,0.003816964
4.04515E-05,0.002709957,0.000115709,0.004264875
2.85719E-05,0.002880463,8.17276E-05,0.003995612
3.95433E-05,0.002885603,0.000113111,0.004437239
4.11725E-05,0.002768736,0.000117771,0.00426512
3.16188E-05,0.002410733,9.04422E-05,0.00352232
1.93485E-05,0.002301539,5.5344E-05,0.002970959
8.13653E-05,0.018996507,0.00023274,0.031863322
5.10135E-05,0.001313339,0.000145919,0.00270425
2.626E-05,0.000856577,7.51158E-05,0.001615582
3.20408E-05,0.000945331,9.16513E-05,0.001835442
4.22987E-05,0.001127212,0.000120993,0.002294087
3.72582E-05,0.001067769,0.000106574,0.002122791
2.88671E-05,0.011915707,8.25727E-05,0.020013928
3.43092E-05,0.001021595,9.81391E-05,0.002016964
5.38807E-05,0.010193421,0.000154122,0.017153044
3.28134E-05,0.000989275,9.38608E-05,0.001946009
2.36149E-05,0.000788673,6.75486E-05,0.001467582
5.21375E-05,0.001398595,0.000149137,0.002981478
2.59384E-05,0.000816477,7.41959E-05,0.001631528
2.76855E-05,0.002119847,7.91918E-05,0.004686499
0.000219805,0.005374497,0.000628737,0.012354525
3.56513E-05,0.001097515,0.000101978,0.002199093
6.15E-05,0.0017905,0.000175916,0.003886329
1.7593E-05,0.000655821,5.03241E-05,0.001213338
6.90992E-05,0.001833363,0.000197655,0.004167909
2.77784E-05,0.000740596,7.94587E-05,0.001554318
3.47058E-05,0.022518678,9.92725E-05,0.041134006
1.46153E-05,0.024608301,4.18055E-05,0.039974451
1.1571E-05,0.000383712,3.30991E-05,0.000703934
1.27256E-05,0.000459797,3.64005E-05,0.000876102
1.57006E-05,0.000507154,4.49097E-05,0.001001124
1.88954E-05,0.00060307,5.405E-05,0.001225488
2.01363E-05,0.000588675,5.75996E-05,0.001182884
4.967E-05,0.001433589,0.000142076,0.003163541
0.000691721,0.015547646,0.001978616,0.036836547
3.05654E-05,0.000849586,8.74307E-05,0.001822784
8.05283E-05,0.004085749,0.000230345,0.006295878
2.31698E-05,0.000886695,6.62766E-05,0.001508457
3.42872E-05,0.001441323,9.8075E-05,0.002298875
1.83026E-05,0.000753095,5.23532E-05,0.001212141
2.72333E-05,0.001032588,7.7898E-05,0.001730844
2.35314E-05,0.000822453,6.73095E-05,0.001508
2.73456E-05,0.001288432,7.82207E-05,0.001969469
2.69893E-05,0.000995463,7.72017E-05,0.001730428
2.57903E-05,0.001061422,7.3771E-05,0.001657501
3.54197E-05,0.001158277,0.000101315,0.002223936
1.64851E-05,0.000528439,4.7153E-05,0.001013967
1.6643E-05,0.000539172,4.76071E-05,0.001166478
2.1833E-05,0.000637471,6.24514E-05,0.001400993
1.72366E-05,0.000724063,4.93023E-05,0.001615813
1.31328E-05,0.000437112,3.75654E-05,0.000931519
1.8947E-05,0.000599431,5.41973E-05,0.001316761
2.75645E-05,0.000698165,7.88451E-05,0.001553194
2.34833E-05,0.000693149,6.71712E-05,0.001545617
0.37803137,0.877628653,0.806337899,1.582628756
0.002722269,0.323788615,0.00778684,0.436336878
0.002546002,0.338627028,0.007282642,0.43855752
0.001154215,0.141361672,0.003301543,0.18763419
0.001908454,0.248103926,0.005458984,0.300447805
0.001929391,0.275249534,0.005518875,0.320269857
0.000422059,0.063247715,0.001207267,0.081553368
0.001558641,0.127781236,0.004458367,0.205663774
0.002759754,0.289924315,0.007894055,0.447725637
0.000870944,0.079731278,0.002491265,0.113074588
0.389556574,0.897597714,0.71813562,1.454951657
0.001202365,0.099786533,0.003439266,0.175998698
0.001082857,0.081115227,0.003097427,0.125313453
0.000286346,0.102925196,0.000819071,0.165794698
0.000472021,0.023560594,0.001350175,0.043093685
0.000909167,0.227181972,0.0026006,0.370970885
0.000275186,0.00957794,0.000787147,0.020302708
0.000455883,0.058446089,0.001304016,0.095974963
0.001462029,0.08267149,0.004182018,0.110019482
0.001173078,0.091134508,0.003355495,0.154562138
0.000931856,0.038146501,0.002665497,0.065458781
0.000862839,0.08186764,0.00246808,0.139883727
0.000705764,0.091488352,0.002018783,0.150749043
0.387928389,0.840214157,0.714178472,1.368385631
0.000597835,0.02411268,0.001710058,0.048085132
0.000335286,0.04069347,0.00095906,0.071963199
0.00038308,0.013754645,0.001095768,0.028527839
0.000390297,0.029634302,0.001116413,0.056375266
0.000237421,0.009272699,0.00067912,0.019652267
0.00166164,0.07520546,0.004752992,0.13427466
0.000416019,0.045592555,0.00118999,0.058667151
0.000916799,0.092809328,0.002622432,0.19300778
0.001085565,0.033918169,0.003105172,0.061832448
0.001202992,0.125983077,0.00344106,0.221004941
0.001085062,0.059611274,0.003103729,0.111363812
0.745376791,1.457122979,1.479302945,2.669676523
0.000322674,0.013855561,0.000922983,0.02738052
0.000298227,0.012827535,0.000853055,0.02542692
0.000405261,0.021291278,0.001159215,0.044319003
0.000380941,0.019215408,0.00108965,0.038101406
0.000630599,0.031641852,0.00180378,0.059518243
0.382634774,0.839734596,0.705145594,1.379063819
0.000574539,0.039289582,0.001643421,0.059539584
0.001494037,0.079264217,0.004273574,0.146935275
0.373576214,0.810788485,0.687658018,1.324001998
0.000283473,0.012407981,0.000810852,0.025774718
0.364364228,0.812634436,0.671440349,1.33786979
0.000780921,0.026343955,0.002233762,0.054357034
0.000666204,0.026890619,0.001905622,0.055210059
0.383572346,0.635991329,0.706918669,1.048746152
0.000500553,0.016301711,0.001431792,0.034254459
0.001293427,0.149236392,0.003699744,0.259451883
0.000825098,0.62429301,0.002360126,1.007926354
0.00049331,0.067810419,0.001411071,0.113719048
0.000882742,0.069880329,0.002525012,0.105927299
0.000408598,0.021258047,0.001168761,0.036378724
0.00033978,0.013982787,0.000971914,0.027151686
0.151961232,0.134238468,0.152892768,0.148540958
0.000401484,0.016676748,0.001148412,0.032284779
0.000323838,0.015769549,0.000926312,0.029804947
0.000244686,0.012230624,0.000699904,0.023655216
0.329101959,0.510439642,0.605843446,0.831470101
0.279004162,0.239625506,0.280379315,0.258941217
0.000362135,0.015498193,0.00103586,0.030933114
0.000227551,0.009404556,0.000650894,0.019713125
0.000374792,0.017079773,0.001072061,0.029317214
0.000472276,0.019247434,0.001350908,0.036173265
0.001281223,0.068640612,0.00366484,0.124917456
0.001278296,0.057974664,0.003656464,0.125626596
0.001076506,0.043261721,0.003079257,0.089035493
0.432336248,0.967815028,0.796139678,1.582928167
0.000874512,0.051838197,0.002501473,0.10301927
0.000912246,0.356994314,0.002609404,0.590058706
0.000895535,0.03362012,0.002561604,0.072218691
0.000608252,0.176738628,0.001739853,0.297471939
0.000747882,0.037628996,0.002139256,0.068526739
0.000220748,0.018657845,0.00063143,0.027232064
0.000122364,0.014888462,0.000350014,0.018864807
0.437187157,0.752121739,0.80537591,1.225587463
0.566367424,0.888763931,1.042397457,1.44153131
0.000724146,0.041731412,0.002071358,0.067922449
0.85712516,1.144353765,1.362850499,1.729975979
0.000711093,0.038013197,0.002034023,0.066911892
0.000498703,0.027555849,0.001426501,0.048011794
0.000289277,0.024513379,0.000827453,0.042026816
0.000439658,0.021300294,0.001257605,0.038615913
0.000164615,0.055847479,0.000470868,0.061075589
0.000302914,0.064811305,0.000866459,0.080226443
0.000374637,0.017433913,0.001071618,0.032453556
0.577811036,1.010674994,1.063954772,1.619307408
0.001796574,0.073773522,0.005138956,0.155264822
0.000536619,0.017354657,0.001534957,0.037576062
0.000412277,0.014003944,0.001179282,0.029823046
0.000442882,0.015204542,0.001266826,0.033143147
0.00066033,0.024296143,0.001888822,0.052914802
0.000435072,0.015927508,0.001244489,0.033882614
0.000486476,0.0471707,0.001391524,0.087756215
0.000176792,0.007972079,0.000505702,0.016122196
0.001003237,0.033174781,0.00286968,0.072666049
0.000465569,0.015603608,0.001331721,0.033966213
0.001230588,0.045420924,0.003519996,0.093583785
0.000874723,0.032634407,0.002502074,0.069974831
0.000671022,0.068825441,0.001919401,0.124597378
0.000599507,0.019990558,0.001714844,0.043986521
0.001008446,0.037006698,0.00288458,0.079694721
0.000878707,0.040212617,0.002513468,0.08426566
0.00077183,0.027107687,0.002207756,0.059276139
0.058517707,0.313033808,0.125765261,0.445389459
0.001146145,0.175547828,0.003278459,0.22658662
0.435540657,0.389368707,0.437804686,0.409395698
0.000362458,0.060971815,0.001036784,0.071434833
0.000117625,0.014809962,0.000336456,0.020350498
0.0009245,0.158544455,0.002644459,0.261992469
0.000371206,0.135370132,0.001061803,0.226361842
0.000774202,0.336846569,0.002214544,0.558986823
0.000255922,0.673418457,0.000732044,0.993844203
0.000336788,0.069748539,0.000963354,0.089675025
0.000370233,0.037786713,0.001059022,0.055074597
0.000600924,0.09970387,0.001718896,0.138276175
0.000337015,0.027233899,0.000964004,0.042419863
0.000819299,0.043531793,0.002343536,0.078311219
0.000916517,0.05232749,0.00262162,0.0939943
0.000496523,0.047658734,0.001420267,0.086145072
0.001188188,0.088035235,0.003398719,0.154203635
0.000943329,0.065023137,0.002698319,0.119219097
0.000450202,0.024038547,0.001287765,0.047392338
0.000782618,0.036421052,0.002238614,0.067754797
0.000788592,0.054552859,0.002255706,0.097406948
0.00065872,0.052336429,0.001884218,0.093431382
0.000402636,0.022560264,0.001151707,0.04266459
0.001163483,0.114822579,0.003328051,0.158130243
0.000379964,0.022674605,0.001086858,0.039550852
0.000625501,0.072378453,0.001789196,0.126099931
0.000577663,0.026498571,0.001652358,0.048328239
0.000590244,0.104170349,0.001688349,0.133780681
0.000244237,0.013896831,0.000698619,0.023987482
0.000224045,0.016884199,0.000640864,0.025837779
0.000147716,0.014788467,0.00042253,0.020627631
0.000158529,0.011682829,0.00045346,0.018179037
0.000277163,0.029313444,0.000792802,0.047537909
0.000850466,0.121625783,0.002432691,0.192413496
0.000434649,0.024547892,0.001243276,0.04429216
0.000363284,0.016862261,0.001039143,0.032691244
0.000183816,0.011033926,0.000525789,0.02087925
0.000541824,0.031455909,0.001549844,0.054860366
0.00071327,0.033068588,0.002040253,0.057993676
0.000326254,0.028146176,0.000933225,0.040055842
0.000395567,0.028381903,0.001131488,0.052416891
0.000189829,0.010512213,0.00054299,0.019047351
0.000146081,0.007601833,0.000417852,0.013876537
4.36965E-05,0.002789615,0.000124991,0.004975598
2.51059E-05,0.017301182,7.18133E-05,0.028498508
0.712467334,0.581919304,0.714292828,0.590710129
0.000142034,0.033555743,0.000406279,0.047986328
0.000621387,0.057695828,0.00177743,0.08806052
0.000445358,0.023750829,0.001273912,0.041930769
0.000621813,0.056406598,0.001778647,0.103057067
0.000279638,0.011800816,0.000799884,0.023357127
0.000291492,0.014551863,0.00083379,0.028982989
0.000310947,0.016799269,0.000889439,0.028559513
0.000586533,0.033776122,0.001677733,0.06006837
0.0007159,0.036666809,0.002047776,0.063267761
0.000796642,0.041152282,0.002278728,0.076515102
0.000633615,0.026419655,0.001812406,0.051104752
0.000642504,0.03578535,0.001837832,0.064079704
0.00054864,0.023403259,0.001569341,0.046262918
0.000730852,0.060652156,0.002090543,0.106190242
0.000331734,0.053871584,0.000948897,0.093432893
0.00059575,0.026350365,0.001704094,0.051195603
0.000936958,0.054304498,0.002680093,0.103645124
0.000442656,0.070443489,0.001266181,0.123529563
0.000480163,0.033688205,0.001373468,0.063566598
0.065833515,0.119444298,0.140485959,0.25400567
0.000401506,0.019875786,0.001148477,0.038564146
0.000528246,0.023387818,0.001511004,0.048162846
0.212226038,0.472298511,0.391213264,0.780062902
0.000399683,0.01555479,0.001143261,0.032593504
0.000112553,0.005351265,0.000321948,0.010513727
0.000293028,0.013848371,0.000838186,0.021545888
0.000577376,0.023038586,0.001651536,0.046586107
0.00032247,0.015057426,0.000922398,0.030597955
0.000449567,0.016510418,0.001285951,0.033517953
0.000310925,0.014824626,0.000889375,0.029669531
0.000269673,0.047533539,0.000771376,0.081720062
0.000482581,0.018723903,0.001380384,0.038400246
0.000303878,0.014272626,0.000869217,0.028618
0.000176654,0.017689572,0.000505307,0.024157104
0.000210638,0.010484313,0.000602513,0.0210377
0.000337257,0.013861741,0.000964699,0.028273068
0.000217076,0.009303695,0.000620928,0.018288986
0.00012721,0.006020807,0.000363871,0.011220486
0.055559165,0.093480245,0.118397468,0.197178115
0.000107473,0.006068169,0.000307418,0.011426174
0.000280614,0.025062727,0.000802673,0.045994456
0.000898633,0.160039965,0.002525521,0.191937705
0.000310521,0.058105499,0.000879589,0.070327781
0.00095374,0.128797497,0.002628476,0.160038295
0.000578035,0.211595656,0.00163786,0.298536459
0.0008126,0.091327772,0.002168116,0.12465259
0.000879331,0.110337957,0.002284274,0.164384863
0.000248765,0.0239872,0.000654109,0.033984102
0.000606539,0.062120005,0.001580574,0.103879729
0.000219254,0.016379372,0.000581355,0.028247614
0.00086771,0.039111042,0.002261134,0.069507271
0.000812532,0.07899624,0.002117847,0.138898732
0.000555431,0.017439088,0.001429371,0.033672166
0.000258492,0.014832178,0.000669864,0.02609226
0.000367982,0.011946518,0.000951439,0.023903448
0.000203768,0.007351429,0.000519392,0.014277726
0.000138216,0.00481503,0.000353034,0.00914197
0.000136504,0.005141826,0.000348694,0.009807552
0.000276244,0.014141678,0.00070883,0.022179508
0.000178813,0.006257267,0.000460859,0.012241904
0.000262154,0.009388707,0.000669598,0.018565001
0.000168394,0.005891745,0.000429525,0.011415856
0.000363501,0.020160825,0.000936488,0.036992444
0.000150645,0.005249812,0.000388292,0.010026297
0.000279788,0.009238193,0.000718939,0.018171811
0.000215596,0.007148318,0.000553953,0.013913787
0.000253405,0.008709888,0.000648756,0.017056029
0.000102496,0.003360806,0.000265109,0.006944379
6.2555E-05,0.001941166,0.000161352,0.003959434
8.50707E-05,0.002642284,0.000219038,0.005394344
6.58864E-05,0.002139623,0.000170059,0.004366792
7.78116E-05,0.002629063,0.000199617,0.005347487
5.09716E-05,0.001325035,0.000129824,0.002675856
0.000137212,0.006269238,0.000361996,0.010756219
8.67701E-05,0.003582886,0.000225257,0.006165002
7.94041E-05,0.003281549,0.000207787,0.005491766
6.48046E-05,0.002402417,0.000167014,0.004112909
0.000110871,0.004696767,0.000290678,0.007988145
9.62275E-05,0.003812301,0.000245924,0.007006544
3.21473E-05,0.001311527,8.24026E-05,0.002323722
0.854696059,1.048932035,1.247331802,1.500961961
0.000136717,0.030310943,0.00035912,0.046836334
4.77272E-05,0.005019354,0.000124359,0.006758402
0.000101055,0.003459778,0.000260141,0.006717834
0.000184597,0.006129579,0.000474751,0.012194688
0.000140511,0.00493313,0.000358864,0.009686292
0.037261798,0.541343116,0.069906265,0.792019289
0.112243186,0.178481865,0.207433157,0.256312182
0.10105309,0.298443629,0.186816558,0.457100521
0.094277957,0.187656271,0.174055237,0.298087951
0.105824736,0.224908745,0.195391042,0.359232669
4.013436876,5.375784308,6.42615847,8.158600051
0.073811264,0.183629551,0.136465752,0.285796187
0.074375644,0.511351452,0.137459608,0.804438073
0.10684451,0.340110693,0.197319757,0.542707503
0.115241955,0.386881503,0.213030174,0.631785526
0.078889092,0.239097077,0.145654814,0.395771966
0.145219845,0.406781665,0.267996089,0.670154448
0.142421932,0.383804426,0.262921953,0.635960302
0.374036065,0.652457553,0.746894669,1.212572943
0.157565165,0.370910529,0.291067699,0.609037765
0.157053461,0.418622787,0.289969414,0.696013335
0.06278009,0.192014443,0.115908739,0.318107257
0.074049846,0.149959302,0.136683998,0.249110979
0.110247895,0.315099126,0.203502686,0.526089374
0.207013705,0.617116237,0.382239408,1.012923319
0.166061449,0.475199442,0.306596228,0.762318468
0.193864066,0.472477671,0.357877749,0.785617993
0.001000226,0.280258741,0.002861072,0.325805453
0.001531358,0.314658201,0.004380333,0.354991945
0.001374623,0.315115347,0.003932002,0.387038019
0.000418108,0.150182364,0.001195967,0.202842414
0.296288632,1.087845387,0.545507054,1.729985302
0.000116215,0.069717689,0.000332424,0.123817147
0.518574541,0.840339234,0.815631703,1.232815764
0.000230354,0.02201915,0.000658908,0.036843425
0.327077404,0.297141669,0.328016127,0.30189673
0.000333186,0.122837345,0.000953053,0.141846245
4.09611E-05,0.017346978,0.000117167,0.019947601
2.47682E-05,0.004769646,7.085E-05,0.006280189
0.00039256,0.041214464,0.001122886,0.064741521
0.000271709,0.02611363,0.000777201,0.041223539
0.000227951,0.069383032,0.000652035,0.112553534
0.00064634,0.214961546,0.001848806,0.298360128
0.000110958,0.023490415,0.000317384,0.029318911
5.27007E-05,0.016989175,0.000150745,0.020425113
0.288078138,0.60401092,0.531114206,0.924850546
0.000436738,0.160385927,0.001249254,0.221868622
0.000625103,0.107850637,0.001788056,0.154906471
0.000609444,0.096255656,0.001743264,0.129439119
0.000387197,0.100242629,0.001107546,0.136335472
0.000275919,0.090368616,0.000789245,0.122644827
0.000115171,0.067852514,0.000329436,0.085944018
0.000292114,0.087331157,0.000835566,0.125390036
1.24159E-05,0.007794593,3.55161E-05,0.008440898
0.316335392,0.679974226,0.58210096,1.105153283
0.000124519,0.008146283,0.000356175,0.014471256
0.622168174,1.093772009,1.325153256,2.238782441
0.000186424,0.013373658,0.000533253,0.02356094
0.000182596,0.015783592,0.000522301,0.028464141
5.25687E-05,0.019081475,0.000150367,0.030272681
5.80634E-05,0.00593391,0.000166085,0.008847646
0.000199138,0.022734916,0.000569618,0.037457654
0.000465636,0.137406402,0.001331913,0.230825094
0.000154589,0.013222713,0.000442189,0.02320024
5.85379E-05,0.012425424,0.000167443,0.021584058
0.000708541,0.152580211,0.002026726,0.24320361
0.020051438,0.139075132,0.021007757,0.205380255
0.000319077,0.023652578,0.000912695,0.039898004
0.000272987,0.023403773,0.000780858,0.038850103
0.000184976,0.011938174,0.000529108,0.017655981
0.000279107,0.033233766,0.000798363,0.055307707
0.000262997,0.020436219,0.000752283,0.034154885
0.000274213,0.021772645,0.000784363,0.036087111
7.88031E-05,0.007291913,0.000225409,0.011223991
0.000356145,0.089023756,0.001018725,0.141504024
0.000269443,0.014982458,0.00077072,0.029634338
0.000106104,0.007455741,0.000303503,0.013915723
0.00013853,0.008529912,0.000396254,0.016192776
0.000825062,0.079823252,0.002360026,0.13017304
0.000265015,0.018474722,0.000758057,0.033561318
0.000282027,0.040385954,0.000806715,0.070417126
0.000238791,0.037722357,0.000683041,0.064146929
0.000200187,0.012819734,0.00057262,0.021352718
0.000804196,0.055026448,0.00230034,0.095116481
0.000469955,0.030886413,0.00134427,0.054821556
0.000202765,0.016174609,0.000579994,0.028324567
0.000156557,0.010956158,0.00044782,0.018538351
0.000374068,0.024266414,0.00106999,0.04339557
0.00039941,0.02231793,0.001142482,0.03942499
8.65043E-05,0.007722053,0.000247439,0.013530726
0.000348118,0.012231095,0.000995766,0.026399576
0.000207244,0.013282351,0.000592806,0.026135294
0.000452016,0.032410784,0.001292958,0.057724603
0.000246791,0.017868957,0.000705926,0.033434516
0.000178808,0.035585825,0.000511466,0.063097833
0.000134233,0.006908378,0.000383965,0.012976791
0.000176984,0.008857801,0.000506249,0.017273821
3.20188E-05,0.002632893,9.15857E-05,0.004182055
0.782141433,1.235156157,1.439451966,2.009864497
0.406721743,0.786370475,0.748276687,1.256433785
0.000108955,0.030433955,0.000311656,0.034935206
1.559287835,2.499861476,2.868485111,3.959060938
0.00030801,0.053982525,0.000881037,0.090228854
0.000269668,0.045382208,0.000771362,0.072063778
0.000216901,0.024000518,0.000620431,0.037774971
0.000373457,0.087070122,0.001068245,0.143264332
0.000240087,0.023221946,0.000686748,0.036898547
0.000191704,0.032974679,0.000548353,0.051354145
0.000255785,0.023977891,0.000731653,0.037150979
1.608780566,2.486099806,2.959348811,4.0280506
0.000634745,0.08449461,0.001815638,0.13073541
0.000272389,0.039101007,0.000779147,0.064076247
0.000863241,0.085965963,0.002469228,0.134419906
0.000215895,0.029887982,0.000617551,0.049749219
0.000108278,0.011181075,0.000309721,0.01714002
0.000123207,0.026511684,0.000352423,0.042839666
0.00025638,0.024874175,0.000733356,0.039151856
0.000114457,0.02142774,0.000327394,0.034338502
0.000151875,0.020343868,0.000434425,0.038153532
0.000128982,0.028321084,0.00036894,0.045635295
0.000127926,0.025862034,0.000365925,0.041299827
0.000102011,0.010665701,0.000291795,0.017124771
5.32309E-05,0.006548238,0.000152264,0.009697447
0.034548664,0.436627722,0.064280436,0.55609156
0.000179296,0.030476268,0.000512861,0.040332974
9.94733E-05,0.031959372,0.000284534,0.045943119
0.000160791,0.042014366,0.000459928,0.049749609
4.90867E-05,0.026447799,0.000140408,0.030085077
0.00014008,0.011383095,0.000400688,0.013347773
4.5802E-05,0.03161783,0.000131013,0.034094734
0.000113073,0.030030101,0.000323439,0.035774066
5.452E-05,0.013889607,0.000155949,0.021273656
0.000106864,0.013996567,0.000305678,0.0192312
0,0,0,0
0,0,0,0
0,0,0,0
0,0,0,0
0,0,0,0
0,0,0,0
0,0,0,0
0,0,0,0
0,0,0,0
0,0,0,0
0,0,0,0
0,0,0,0
0,0,0,0
0,0,0,0
0,0,0,0
0,0,0,0
0,0,0,0
0,0,0,0
0,0,0,0
0,0,0,0
0,0,0,0
0,0,0,0
0,0,0,0
0,0,0,0
0,0,0,0
0,0,0,0
0,0,0,0
0,0,0,0
0,0,0,0
0,0,0,0
0,0,0,0
0,0,0,0
0,0,0,0
0,0,0,0
0,0,0,0
0,0,0,0
0,0,0,0
0,0,0,0
0,0,0,0
0,0,0,0
0,0,0,0
0,0,0,0
0,0,0,0
0,0,0,0
0,0,0,0
0,0,0,0
0,0,0,0
0.001939778,0.07177408,0.005548592,0.14774673
