9.794323085,10283.5837,28.01593072,10481.97351
14.26277854,15821.19351,40.79762405,16039.25635
27.84546644,28345.48334,79.6498921,29009.2441
18.55281707,19669.89734,53.06894954,19985.9862
4.669035008,4828.587594,13.35542026,4918.403635
25.36992898,25472.77246,72.56878728,25832.29466
2.170166888,1374.745806,6.207595398,1400.253462
886.1574405,3404.373138,896.9124818,3630.135317
5.810546775,3773.672676,16.62062013,4097.718784
2.805625429,613.7335189,8.02526596,774.7543207
3.274153274,647.6410746,9.365455265,855.5701642
5.953628587,4357.630872,17.02990096,4972.32128
1.370973509,139.2196288,3.92155926,181.9032822
2.012315167,909.6705127,5.756074397,995.635646
1.719542131,192.7016894,4.918605826,287.6479307
1.117495942,135.471131,3.19650446,205.6197378
72.60798119,4998.793198,165.3366525,6229.128289
8.712945763,10486.46732,22.51566636,10634.46833
13.23634596,11342.56914,32.97293615,11534.18559
16.17767578,14513.00804,40.48105362,14713.16766
7.628929635,9394.458074,19.86309379,9531.349895
6.005172548,6155.157213,15.28911955,6251.334227
9.471479201,10150.47289,23.84584594,11794.72113
17.73441861,4064.439448,41.23048286,4321.397715
8.375106629,2320.231596,19.34780292,3255.724271
16.11604791,6819.864989,38.42522899,6964.531489
21.61033604,2861.899058,49.80606144,3190.462223
15.29856522,3098.963943,35.57174805,3372.034463
80.42815521,12077.78141,121.1645093,13556.09498
10.65201394,2023.909146,24.29414146,3192.22511
407.4538801,2887.860903,756.415426,3756.55819
17.19854156,1115.984959,39.35269905,1304.218223
785.8235375,7151.304275,1676.617533,8822.28901
5.754206877,6504.422264,16.45946892,6602.321691
5.073607089,4401.170825,14.51265845,4452.167096
0.545974548,767.8077685,1.561721959,1052.322397
2.697407764,3735.342368,7.715735656,3928.232079
551.4329823,2309.623792,560.351288,2562.369922
3.877535905,1482.567141,11.09137984,1928.939915
2.078306361,771.6150261,5.944825386,881.7337698
2.704728686,639.6349464,7.736659048,804.963838
3.04859059,1221.433008,8.720244973,1388.688207
2.882626265,732.0859137,8.245512894,821.8390596
2.337517651,509.1103395,6.68627723,630.7676852
0.787396532,438.3565484,2.252280924,486.0883489
1.110035788,662.9694537,3.17517307,709.832226
2.040718426,513.0217388,5.837310946,670.9299527
2.444387638,1098.144203,6.991971029,1206.762003
3.94210965,3606.20637,11.27607656,5799.173337
2.925322922,665.9493355,8.367653412,746.7016437
3.071166468,1234.995001,8.784829873,1387.67291
3.065077631,4219.407344,8.767407731,4833.149428
3.06089654,965.6529582,8.755444563,1098.076747
2.447003443,746.1199702,6.999457674,864.4233486
1.899818587,1556.737033,5.434286339,1627.849579
4.642180318,4238.423629,13.27860454,4317.091391
1.754592009,1706.50127,5.018878936,2276.125026
1.26934913,958.5227298,3.630871405,1089.028166
4.046450532,9267.209008,11.57454124,15208.51224
5.973963304,2874.387319,17.08804464,3655.390465
1.66857421,5958.197323,4.772823913,9679.398288
3.068317965,710.7350482,8.776674747,917.7654568
3.444368949,8711.988807,9.852329827,14324.66577
2.180604158,2826.436772,6.237436816,4625.590626
4.628288023,1265.975994,13.23884419,1551.826339
3.837167382,3952.996177,10.97590749,5668.19103
3.659762024,14396.22169,10.46844758,21447.51397
2.755667895,5927.111419,7.882360793,9373.348721
5.614534107,7951.174553,16.05993454,8344.019303
450.9869815,2419.913552,830.8777016,3302.23372
0.399062517,237.2992508,1.141479544,257.8324539
727.8670355,2300.406832,1551.398386,4253.453579
3.107848193,679.8257835,8.889741554,836.1771366
2.724459212,4944.860646,7.793099611,7475.133019
1.629151468,1311.757619,4.660057636,1949.905527
4.661498385,1602.003928,13.3338526,1911.02483
5.059758828,1392.267291,14.4730408,1544.753184
3.347182158,905.2805062,9.57435135,1119.033854
3.34222239,1106.752693,9.560173427,1401.828139
2.347037676,268.5651554,6.713507705,374.2793133
4.430474281,1326.946379,12.67302092,1968.408979
3.989963229,548.2459053,11.41296166,722.4189933
2.276868982,379.46514,6.512806253,508.8276199
3.615966542,542.2372224,10.3431773,713.6581542
2.920551093,4558.072069,8.35399433,7428.675403
4.030956249,463.8878153,11.53022024,640.196677
1.330877488,175.4580861,3.80687197,232.0135696
1.327934757,211.3524328,3.798453268,271.6220234
1.179105316,172.1710261,3.372741623,208.6670974
1.857578056,269.8355234,5.313453241,338.270681
4.463346632,817.6794982,12.76705305,1003.121409
1.969842623,299.8614041,5.634571618,402.1154444
5.954349288,15644.19569,17.0319412,25193.70256
1.73613001,986.4555697,4.966069564,1028.642046
2.542338028,1769.477688,7.272167686,2207.431334
4.557598688,1421.69463,13.03663426,2306.579257
1.928198582,474.2953737,5.515449142,748.7503551
1.639425166,266.1306715,4.689438586,347.2828498
1.021254971,193.0937995,2.921212989,224.6767263
2.48920708,549.8653684,7.120170912,755.7543304
1.556458523,281.2324763,4.452117104,350.2150189
1.815889597,291.017845,5.194212406,370.2305036
4.108870647,714.597109,11.75309529,907.7871876
2.0211709,331.1666462,5.781394926,411.0677348
0.80194361,117.7200249,2.293892073,151.9619906
1.496312119,248.10586,4.280084627,320.6210964
1.772179267,334.3472933,5.069177101,413.9499942
2.938732896,914.2572078,8.40601309,1463.737787
2.032347853,442.729419,5.813373256,542.5775562
2.073431703,228.0699212,5.93087905,311.3103935
2.586353894,620.0758961,7.398057216,731.899325
3.538993188,627.9579593,10.1230027,877.1505032
3.462647709,1314.609175,9.904637872,1381.120769
3.994661874,2245.347758,11.42643319,2399.365616
1.910606554,353.9534969,5.465135507,411.8380234
2.279698173,428.7843283,6.520887448,625.2735269
2.711729559,556.3804535,7.75668272,683.395259
1.455600966,378.6019678,4.163629877,499.7967838
1.775051939,111.7869443,5.07738338,186.7338978
2.954803913,413.7059663,8.451980273,539.3351077
2.649729542,470.4174816,7.579330178,638.5131193
1.589370806,340.7647588,4.546267928,453.5377286
1.022480643,276.6280505,2.92472072,318.6610518
1.486847791,257.2702043,4.253010288,325.633294
1.147892235,207.152233,3.283455614,277.2653493
1.790040407,325.0236271,5.120270853,456.3366128
2.937755681,491.7217392,8.40321215,725.4046404
418.7235057,1622.980539,773.1241953,2649.489183
2.174853196,411.3772788,6.220995231,514.6967803
1.442078123,211.3668258,4.124949443,311.4376108
1.522410064,178.6396294,4.354731944,218.8951401
1.611407676,312.634555,4.609304649,397.0676668
3.646512036,1653.163694,10.43055382,1834.150316
5.517344756,2886.288728,15.78192551,3035.505698
1.536479984,1170.838959,4.394977133,1220.14272
2.958246156,1255.831929,8.461829163,1410.426612
1.738976989,3374.11524,4.974210241,3446.086464
1.277923729,1913.722282,3.655401699,1943.018349
3.705589165,3583.826902,10.59954112,3954.798219
0.597870666,389.7575173,1.710159476,404.591767
1.944413327,272.7816729,5.561830213,319.2238144
1.324550753,165.7566772,3.788762288,232.7012404
2.341332855,449.8680884,6.697186388,575.3337199
1.56985336,241.4958996,4.490434188,302.9152477
1.983747041,223.4102821,5.674339608,355.737099
1.209577335,231.5359931,3.459892952,317.6740544
1.969432666,897.3577316,5.633397951,1019.986547
1.384634752,333.5218315,3.960636852,414.7099338
1.395127168,290.5820979,3.990646235,377.7377232
3.119643553,562.2820144,8.923489025,746.3477903
1.840230474,531.4781442,5.263829843,658.0466659
3.193392429,380.6011483,9.134432776,543.85821
2.036079152,1983.65224,5.824048683,2029.296716
0.616640325,2120.105196,1.763850639,3336.853008
0.257953734,1231.357558,0.737858751,1994.404311
1.996756728,451.8470172,5.711561655,576.9021365
2.505140697,500.4174079,7.16574278,740.3973839
2.186146532,327.7338125,6.253291098,440.9778283
2.391327965,679.2126754,6.840201099,809.7823318
341.0833357,1483.37802,631.2620816,2385.185769
1.56794692,344.9030623,4.484984939,471.2514313
2.568878892,468.3544163,7.34806484,601.7217413
2.413359945,1273.552082,6.903215103,1369.648766
608.1002472,1321.666547,611.2806934,1365.23414
1.725963315,1032.017182,4.936984336,1059.387148
3.747199238,529.4210211,10.7185628,735.9677802
2.342176543,349.5201062,6.699603145,473.2631545
1.785558102,342.6499762,5.107447729,428.1310689
1.219279959,147.6293602,3.487654728,200.9484258
1.95501738,301.3305423,5.592166599,375.1513426
1.647570668,286.7115057,4.71274513,361.9516083
442.150651,1521.973657,815.1317081,2465.258879
1.519989929,249.6686584,4.347808208,316.713071
2.528156736,462.2128685,7.231581166,586.5365319
1.27875072,139.2440847,3.657767969,186.1630282
1492.9234,3797.446799,3180.737238,7886.506836
488.7580444,2655.287701,496.4321533,2824.102402
3.991920963,5256.327828,11.41855895,7512.028595
3.318365021,1306.501596,9.491920659,1456.440605
2.296819132,523.3165565,6.569859402,701.9891767
3.491730366,1253.063812,9.987811608,1460.437122
3.047253853,610.8415643,8.716424038,763.0438393
3.356867935,399.8507033,9.602047087,564.5173525
2.780664494,462.8518684,7.953862578,641.2999938
2.208085783,365.4741126,6.316050676,482.3525311
2.195157457,496.2744626,6.279069552,637.6599794
1.591277918,129.7488182,4.551721627,161.5285567
4.143943502,665.4785602,11.85341908,859.6306999
3.654314754,1004.76934,10.45287347,1305.61964
3.342349706,1315.936416,9.56052843,1424.379303
2.192703796,306.8091099,6.27205531,398.8458641
2.33976499,419.5683333,6.692714931,522.1196202
1.91459872,222.3134019,5.476543875,314.3587308
0.95348548,180.6011117,2.727374234,221.3553865
1.324239244,276.1042534,3.787878944,345.9295703
1.659603029,506.5390267,4.747164229,596.0607411
2.934510385,526.9502906,8.393935903,637.267112
2.589692947,384.8525261,7.407608933,505.7274124
1.45637554,238.2307715,4.165842275,305.3395094
237.8114822,1318.739288,440.5535156,1727.481141
5.140599485,7873.753941,14.70428947,8087.780629
2.316198661,5256.538481,6.62530965,5296.093525
3.852213162,7770.785726,11.01897517,7824.839327
2.789736177,5352.293844,7.979824104,7493.401597
6.332604797,8150.10126,18.1139284,8285.599713
1127.837417,3109.523159,2403.169554,6202.670268
2.084321892,1549.909127,5.962034474,1958.746788
1.578761011,447.1237466,4.515916295,734.0209448
1.242531743,202.8996409,3.554152883,253.2799858
2.28580633,1272.296407,6.538369126,1409.693639
0.838552733,827.3834614,2.398607956,1215.311058
3.568829701,6146.952803,10.20837194,6357.766586
4.799996251,6179.740721,13.73002025,6663.24787
1.229043695,514.0725609,3.515573022,623.6367768
1.565917313,548.2978808,4.479176943,642.1915778
1.10812466,349.7089444,3.16969871,427.3508257
0.808611037,328.4519185,2.312971303,409.4830064
1.227279954,540.7428565,3.510530631,608.0759748
1.741209468,1229.656541,4.980588241,1329.362293
1.157748471,364.6486479,3.311649581,426.3283411
5.163524396,1057.906042,14.76983498,1511.534082
5.643282004,1098.848101,16.14213611,1381.309986
2.602895454,1731.922943,7.445375565,1884.421618
231.504614,1820.112316,428.3554647,2148.907572
2.625916754,764.8205753,7.511214053,866.2744222
4.339574746,7976.542232,12.41302916,9094.092754
979.9740131,3628.064208,1804.866374,5681.257006
1251.772396,3381.547538,2666.689185,6814.616284
1.361023578,1570.969354,3.893100275,2097.790027
1834.516847,4476.782342,3375.909519,7201.169968
1.324063185,383.5965813,3.787381671,463.975957
1.398453113,867.6626834,4.00016857,1092.833444
1.403729649,1327.921253,4.015260445,1595.681145
2.863543888,1552.736111,8.190943297,1644.738982
1.233067919,428.2461737,3.527088994,526.8534903
1.239674612,345.2269433,3.545995565,399.3856951
1.659543971,370.2922833,4.746988265,439.4292904
1380.854101,5103.201017,2942.760719,8586.525503
2.278708372,404.2289836,6.518055457,501.6017258
3.136351922,854.1642263,8.971278292,1044.333935
2276.165535,6485.781401,4558.808901,12080.49385
1077.364373,6014.833915,1985.307301,9784.265849
3.654877061,1793.759065,10.45447245,1972.013171
3.213370043,3289.880381,9.191587431,3465.767363
1.57557776,696.0658651,4.506807626,758.2424567
1.431770264,831.1261925,4.095461256,925.150345
1.486391381,862.274964,4.251704561,954.6421784
1.065548293,342.254169,3.047921087,401.5895239
1722.082089,6381.752284,3449.557315,10485.23608
4.295450516,4320.206699,12.28679759,4555.496371
1.696805729,973.1555137,4.853577273,1122.82007
1.406935038,333.1878197,4.024427445,390.7086737
1.440006501,335.9175307,4.119017863,423.6652582
1.360948512,260.433187,3.892876804,323.3246079
1.899824346,932.0963696,5.434302567,1029.255295
236.211351,919.0273878,436.7373725,1496.472052
1.615098154,1073.934667,4.61986244,1148.898357
3.188018554,2141.465162,9.119068435,2296.451526
1.808343918,825.4390938,5.172615913,924.3922003
2232.966763,8777.43667,4472.345821,15100.42474
4.996583568,1537.406796,14.29233591,1988.026997
3.56023408,567.7387668,10.18377087,845.7092769
2.918609773,427.8414247,8.348455724,656.8527745
3.088851636,2816.782739,8.835414416,4501.746764
2.104453403,1576.509195,6.019614468,2523.364283
2.030346874,1928.382506,5.807645267,3089.723241
1.663469435,345.2586596,4.758215932,476.0278552
1.431584607,271.6261411,4.094937573,372.0356214
2.001242708,433.082574,5.724388147,591.9316715
1.895192196,364.3297157,5.421044993,502.697236
3.230713116,651.3131903,9.241198861,939.9840649
2.797390232,495.8725855,8.001720099,715.348793
2.243066153,2990.120722,6.416105592,4395.620039
4.047096657,1185.280078,11.57639779,1331.767217
1.253548572,178.4905027,3.585679596,261.6927887
1.809173289,285.7046034,5.174995453,429.3407589
1.507401675,369.689741,4.311801639,518.2416605
1.244977486,238.1832038,3.561160078,303.5802816
1.338831977,156.7261222,3.829619147,251.7539519
1.674949336,280.5120996,4.791049,367.8794934
0.889784276,117.8533142,2.545163208,183.1437118
0.972402693,109.4216241,2.78147914,178.2783604
0.894565345,234.7784109,2.5588365,398.312381
0.675445844,200.8071424,1.932059968,313.7906054
0.734254225,268.1463339,2.100281159,441.2036896
0.866215985,116.8731881,2.47774052,168.2151275
801.9193692,4309.385726,1478.560141,6802.779642
6.5311868,2043.023617,18.68194827,2496.224142
1.585820719,3409.694437,4.536118108,5504.21918
1.802154557,958.3438684,5.154915605,1552.635143
2.670047832,2357.903385,7.637448519,3802.5129
3.997167842,1033.723266,11.43358507,1418.354989
1.051401751,94.54876592,3.007442983,158.1751758
0.907811869,96.73778529,2.596720033,189.0401391
0.996693509,171.4828512,2.85095685,240.1289918
1.08072701,85.41464367,3.091326389,145.0576014
1.967929061,212.5023761,5.629100276,350.1291824
0.50724424,53.70904274,1.450937373,90.39677001
0.896432414,86.7929732,2.564170306,149.9248906
0.524271695,57.33250893,1.499636378,96.64185804
1.037145973,114.0304521,2.966675221,178.3769621
1.055959384,133.459212,3.020487613,214.7155915
1.71798113,2250.315559,4.914152534,3216.515812
1.809681425,1034.05926,5.176454067,1136.377247
1.725844021,631.6068435,4.936640155,805.1986236
3.325850491,2121.135137,9.513328465,3376.969036
2.213040257,375.5913164,6.330219688,554.2555102
2.027991424,244.2970807,5.800907169,365.6002191
3.264752692,569.3151038,9.338553374,729.038518
1.804074656,687.598958,5.160405053,984.3875338
0.907818253,108.8501317,2.596740966,173.9357621
1.53219941,177.725632,4.382730476,278.8908854
0.961537185,126.3832669,2.750401032,223.2645621
1.141717708,1594.592629,3.265787467,2600.491544
0.948978935,112.3890584,2.71447733,164.5386493
3.250166336,2582.830098,9.296850167,2735.128676
2.833169819,2003.975858,8.104056643,2052.4568
3.472270147,7399.242177,9.932171142,7500.840056
3.113734096,7463.041985,8.90660218,7540.179332
2.888326051,4674.184751,8.261836003,4792.650347
3193.32476,13785.49689,5396.218118,19360.457
251.9031768,1513.295245,539.1630847,2251.18662
1.722495831,908.9491422,4.927063993,998.9453919
1.81703236,491.2559402,5.19747484,616.052339
1.19916938,499.0820365,3.430119336,812.9383154
1.638960708,674.3750961,4.688116741,945.3400348
3.385482583,4882.884192,9.683922288,5016.926009
6.994135644,12239.16149,20.00618049,16611.99936
3.4707971,5749.585385,9.927964197,5880.733655
0.213540609,1114.409913,0.610815127,1805.877553
0.11414862,64.42698578,0.326515768,70.69241018
3868.824401,12701.61548,7119.115174,19911.54546
2.545569627,791.0452682,7.281395893,929.5369291
2.122584692,1114.681073,6.071487361,1727.664628
1.880288995,409.8431325,5.378413334,632.8406854
0.844453755,3886.655107,2.415493825,4363.381752
2367.052728,8207.794902,4354.43638,13036.57599
0.299973734,625.0481212,0.858053401,650.5981213
1.968859895,3574.989095,5.631771324,3875.104157
1.497216756,919.8007084,4.282671924,954.0152263
4.15158973,1814.804443,11.875294,1820.027472
2.373786118,411.4069938,6.790021981,632.2668815
1.347768266,422.1444399,3.855179595,502.6601098
1.359695921,285.0307979,3.889299967,448.0754305
0.831786806,308.5079096,2.379261778,341.1398024
3590.694564,7024.540089,6606.404272,11398.62328
6.117177566,408.9596681,17.49769707,401.165744
1.476202731,592.9178388,4.222561201,748.6067487
3.03049731,1471.145914,8.668495214,1907.530769
4.877063643,550.6454465,13.95044175,595.5594662
529.1956809,4357.548926,1043.48799,4945.5495
4.354714442,754.5312559,12.45630446,846.8011115
4.991462907,344.1051828,14.27766495,440.6065132
2.459855447,623.9293213,7.036219239,702.3987324
2.333163114,264.5940779,6.673821455,544.7545172
3.633927483,495.1351526,10.39455032,591.8791869
2.901930367,230.9127233,8.300733436,329.3283178
0.695575617,716.5747996,1.989628824,673.6977267
4.150633277,5590.611149,11.8725602,5741.319504
0.187361797,266.6233645,0.535941535,276.1019286
475.9526668,2783.526158,879.6142254,3686.495417
13054.81117,29565.69106,24016.3173,47624.13011
1.684133272,226.6975089,4.817324205,333.1954733
2.693669485,991.5669667,7.705016485,1356.056285
4445.859858,11587.32368,8247.485049,19158.14657
2.142703611,364.8799999,6.129019772,475.8406732
9278.954052,22789.02083,17147.95339,37108.08681
1.933028526,1331.24249,5.52927869,1527.060022
0.353911442,185.8659009,1.012332187,208.7219741
2.859589669,691.3520982,8.179625342,1121.911919
3.53472843,398.296402,10.11080264,660.6233241
3.877553205,1097.018683,11.0914218,1452.968523
1.895274212,271.0073717,5.421274452,524.1073008
1.539179825,121.748601,4.40269282,210.4996722
0.565378968,63.70496781,1.617214797,118.6187545
0.480191743,37.31990894,1.373546517,63.94353599
0.806797462,2678.252722,2.307793095,2690.802577
2.691662041,1939.255103,7.699286417,2148.60951
3.006309734,1555.79641,8.599309106,1828.140251
1.355881086,540.5571685,3.878389021,622.8426883
1.52775151,457.8897981,4.370005091,554.9522934
3.462871819,2909.774892,9.905275332,3033.13917
1.803624284,733.8601634,5.159126067,803.7736486
0.944833326,315.4688646,2.702623779,342.2412224
2.933867321,668.9610137,8.392084504,956.662057
2.304752392,336.2366008,6.59255876,469.9073354
1.247399209,142.7968597,3.568078502,195.3255616
1.326301544,701.2450059,3.793776322,751.1106239
1.720246903,2556.499201,4.920637555,2620.687645
1.492351042,399.540869,4.268744689,525.5453892
0.999431832,106.0736147,2.858800192,130.0321848
2.729297733,282.448812,7.806927509,395.721377
1.784878043,392.5127642,5.105497087,520.2318483
2.143616848,576.0521693,6.131645076,704.1129742
1.746010064,641.8518699,4.994315189,732.5834478
1.824725149,248.0578436,5.219473905,378.9637765
2.019023567,419.3171006,5.775254864,611.3313672
2.477553941,381.9852593,7.086836324,565.3275281
1.82295398,1077.469999,5.214416178,1183.21461
2.24617467,5021.746691,6.425006406,5182.66248
172.767806,528.8322889,368.1062682,947.1301008
2.807229328,173.3931149,8.029848814,369.8387827
2.892412313,91.3343647,8.27350254,193.6646466
3.828602454,330.2727858,10.95140214,656.5899535
2.556569065,62.40004517,7.312859459,130.8796083
233.2737827,1636.288408,496.7708045,2353.642544
1.200424091,4196.428953,3.433716773,4319.089613
0.677980867,103.5334781,1.939308306,178.2917243
0.737761824,75.45622209,2.110307254,135.4858972
1.241673827,65.40652824,3.551702523,129.6233988
1.140936817,49.91888092,3.26354953,96.25401803
1.270478924,65.8167768,3.634098588,117.5928959
1.324884755,22.88392158,3.789722988,43.96181306
0.526980154,15.87659482,1.507383798,27.34191018
0.597621363,33.56440444,1.70945054,60.27892356
1.054914418,24.78369415,3.017491358,47.22913895
877.909823,1010.085518,1615.922918,1644.908751
3.3455586,360.374161,9.569693101,630.6244126
0.459948496,63.46794506,1.315648059,90.28523991
0.169095434,69.75684253,0.483686384,82.96965157
0,0,0,0
6.883218094,6514.477964,19.68891414,6606.182003
26.28475968,5469.944496,75.18540852,6222.300461
3.422098795,4723.933609,9.788662184,4765.382176
4.877244397,6076.472178,13.95100123,6130.962276
14.09602807,15590.58574,40.32062095,15689.62507
5.51767118,3482.004666,15.78285343,3551.196421
6.293000964,6159.546342,18.00064492,6462.573205
3.600020692,1482.302589,10.29756561,1537.782791
17.12304968,16055.39979,48.97916852,16207.57141
5.570053161,1235.189239,15.93268141,1312.007517
3.459437655,725.2947713,9.895440329,782.863522
5.348002706,919.001068,15.29752021,1002.57994
7.31520564,1301.801608,20.92455731,1438.186416
1.663945827,506.4390694,4.759578061,583.7465189
13.62452932,1486.511139,38.97183903,1612.761929
10.04732536,10487.60121,28.73963014,10405.77006
3595.648697,12969.9067,3635.981154,12939.41671
2.708907027,1630.614042,7.748624429,1594.176424
1408.585081,7925.852941,1426.272454,8443.025082
6.115578233,2408.412865,17.49312568,2605.383775
21.37808797,1578.901553,61.1502397,3283.896792
9.493265418,2792.936122,27.15472075,3129.216563
6.212413337,2219.544903,17.77010904,2319.151955
5.423984295,3838.1769,15.51489295,3901.829003
3.533754116,7896.400252,10.10803664,12698.60531
3.713515096,1101.492291,10.62220592,1184.790641
5.443309145,2824.361004,15.57017059,2853.783441
3.425999616,594.2234666,9.799800436,652.5904031
6.282982128,802.1197563,17.97196182,776.2851403
10.69009281,3603.392325,30.57817091,3802.305272
1319.348596,1773.643513,1333.137766,2352.142059
1.882168116,1216.043258,5.3837971,1273.313114
2.490568469,2495.93419,7.124072031,4032.68912
7.496003346,5151.720407,21.44174386,5195.414997
2.566121682,421.0391727,7.340185916,864.2523943
2.963034573,413.5210969,8.475514816,386.5192298
2.753631822,444.5936803,7.876549459,483.8285689
4.861104071,6664.167345,13.90481854,10874.04573
2.215154427,735.0944583,6.336272674,844.5199868
2.382446744,1347.015205,6.814807232,1380.415718
1.099540457,331.3953337,3.145145886,339.6573831
3.921184015,789.4251881,11.2162333,1379.365326
2.785806667,494.6605409,7.968570144,501.0266454
3.801889551,2712.058202,10.87502135,2707.326202
1.418740399,896.556501,4.058204483,890.347385
2.939509133,481.827325,8.408232784,484.7426667
5.21487107,698.5872889,14.91672007,969.8034141
4.734555481,1595.770074,13.5428128,1612.343945
7.58145489,748.4807311,21.68614561,1324.810917
898.2454183,971.9252655,902.6990108,1005.325788
3.844280843,2919.126482,10.99628118,2991.54194
2.913544612,2773.146727,8.33398322,2879.194943
4.316639961,920.0999827,12.34739465,1006.395799
2.876375617,639.403367,8.227643726,734.3249137
4.260792047,1631.590431,12.18765324,1829.804967
3.135429957,951.3000292,8.968638522,1007.112692
2.673185419,1486.180245,7.646450611,1507.396613
1.270371617,627.1367657,3.633796147,638.7358905
2.72967013,2796.845202,7.808012412,4671.486763
2.259299894,1492.444505,6.462558956,2874.56088
4.902019844,842.7723436,14.02183526,949.5685941
5.94933816,1721.246822,17.01761117,1927.663115
1.280528118,1443.705033,3.662847374,1457.717733
6724.016149,14015.63833,12485.82771,23335.96309
0.964858118,987.7572939,2.759896491,1000.050766
0.254810071,91.58356858,0.728861409,98.37178967
2.080926707,1536.706701,5.952329268,1559.103054
6.671382391,1576.640329,19.08294779,1665.619778
3.642027859,627.1311628,10.41772457,678.3242863
1.95356159,1216.795675,5.588011365,1251.421911
2.380694863,1017.892146,6.809785262,1066.831432
1462.611962,1737.792527,1469.334553,1981.074224
0.764281343,273.2363388,2.186167957,293.5962857
2.191793902,1210.905368,6.269458899,1315.979326
7.027964068,1424.329309,20.1029164,2818.582448
4.6936804,1094.18486,13.42589486,2352.186204
725.9355511,2065.676165,730.5164839,2083.393805
4.869544229,5260.704661,13.92896855,5327.047557
4.690333495,2117.800479,13.41632558,2317.487812
726.2499521,939.7202173,731.4157946,956.4933786
2.150211995,1075.474932,6.150523737,1111.824235
0.796272324,127.7449714,2.277664018,134.1926818
5.258185913,1393.015556,15.04062205,1518.883958
438.2460506,1179.76479,934.9055892,2464.16448
7.951008093,1364.249061,22.74321447,1571.888696
2.114450366,1615.115497,6.048216165,1647.182581
4.880062801,1523.079548,13.95903453,1633.328006
1.250540012,981.8788569,3.577080291,1087.509136
1.950963161,1742.51529,5.580579203,1996.907459
3.343059548,576.9744763,9.56254761,702.5895965
2.516732392,556.4319649,7.198913367,680.9429583
1.56112717,450.9945931,4.465474501,570.0925766
3.814557834,1071.631102,10.91124323,1165.351568
2.868587346,2767.633076,8.205366306,3696.733966
2160.033857,1615.262316,2174.173902,1795.45193
0.435177232,29.20442652,1.244797531,51.7528702
0.665300532,34.09748421,1.903041415,63.30079914
371.020322,881.6791978,792.0984857,1844.374827
2.623680336,129.9397556,7.504830838,256.2493191
3.290642071,1343.120977,9.412623612,1456.716636
3.934873075,4884.47134,11.25539605,4974.268455
2.660871846,2800.848292,7.611224308,2844.134849
3.820507926,5674.418194,10.9282773,5733.7629
2534.144737,6929.959861,2546.869263,7097.056695
8.900710562,12532.43159,25.45980894,12655.09449
2.003344415,1595.995635,5.73040464,1729.884948
3.49927252,2725.219389,10.00939956,2908.477767
4.581951797,3438.884523,13.10631962,3514.548177
6.289471637,2288.368081,17.99053306,2487.905875
3.875344222,1994.342421,11.08512508,2087.803326
4.913723111,4145.194198,14.055326,4258.44222
1160.218916,2150.590228,1164.771281,2851.7065
3.311596512,2670.848779,9.472563663,2745.274448
2.004779888,2009.877429,5.734525045,2095.517901
2.053314139,1075.653226,5.873343079,1190.894373
2.559368962,1358.095436,7.320876159,1458.133953
2.418752942,1015.114073,6.918650478,1069.995294
621.8491319,2449.611843,1320.962769,4037.797851
2.794443173,1657.011036,7.993281381,1758.610566
0.611889114,405.8521601,1.750266316,882.5561604
2.70598316,1334.317903,7.740268156,1389.016763
3.747044903,1032.170033,10.71812915,1131.282041
3.306154704,598.9699323,9.456992088,662.9283292
5.9971985,1681.503649,17.15452138,1790.430173
1.690090668,1004.236457,4.834373899,1031.454337
1.824802291,1367.865776,5.219709968,1385.703692
1.057599725,896.6060788,3.025184947,905.5816483
2.467712044,1600.520035,7.058703373,2900.463628
2.07024568,793.1040508,5.921780247,906.4703314
1.677845772,905.998045,4.799356084,910.4029078
0.678201547,1549.567708,1.939939039,2526.487064
1.581792213,304.7592664,4.524583443,314.0998157
1.502021336,528.8982964,4.296410209,558.6478487
1.73154582,448.4532952,4.952949735,474.6746619
3.144962788,2774.106269,8.995923667,2815.307452
1.068063425,654.7165943,3.055115098,656.6365166
2.01106946,1357.149766,5.752515823,1368.821412
0.933657616,508.5203856,2.670650285,524.840443
1.279657788,543.9472866,3.660356657,563.280254
0.856935536,288.8892105,2.451201476,299.6037788
0.517037162,797.6210618,1.478941628,797.3534017
0.930709378,467.4304673,2.662218475,474.3029243
2.607257347,1892.904166,7.457863474,1980.551915
2.412454642,898.8447794,6.900631854,989.2479244
2.655165319,1030.515205,7.594890404,1078.339781
1.163175167,462.202811,3.327165624,495.812051
3.42661755,918.800054,9.801568868,1041.445544
2.019044723,1197.1976,5.77532929,1310.065225
1.418472131,447.2170247,4.057424147,507.8396373
1.585933265,431.2477684,4.536432472,457.5907873
1.692992431,1157.564557,4.842678816,1212.893213
2.135649127,1155.562752,6.108851274,1220.377716
2.972506248,2085.47667,8.502621219,2090.980844
0.884954981,6033.601862,2.531354039,6032.574998
2.618466227,1976.92721,7.489920876,2012.995799
1.492114038,1434.300321,4.268084791,1423.954897
1.377636661,675.1452218,3.940621895,683.237623
1.063806105,575.4671481,3.042931288,587.7900734
1.754847953,513.7892308,5.019606613,525.1549165
1.350523055,432.0843721,3.86306657,446.7819546
4.610829487,8693.832956,13.18894173,8910.864829
5.841308331,11276.40664,16.70863703,11448.0274
4998.003753,13284.09008,5018.182855,13460.6998
0.534612335,1018.18291,1.529218133,1040.128237
2.08147491,2669.968367,5.953902151,2736.072558
5.24118481,9594.286155,14.99200993,9813.392954
2.626613834,3151.777186,7.513219273,3255.308001
2.447029815,3809.765778,6.999543533,4252.761386
2.982260491,2987.078402,8.530518323,3099.488295
1.318748348,1132.038262,3.772176998,1136.445524
0.570686523,693.624647,1.632406007,721.792452
1.930779717,1925.510642,5.522844909,2153.011054
2.016894642,1919.949406,5.769167889,2037.964968
0.940991594,823.8622637,2.691634648,868.2443953
0.766985665,737.5392708,2.193905845,759.9323111
0.759199103,821.1844725,2.171631325,867.2323931
1.934716157,1373.253947,5.534104221,1467.41199
3.124484633,1821.956339,8.937342986,1999.422434
0.930907977,967.51963,2.662796263,1007.502176
1.644361857,1832.435749,4.703573529,1901.942201
1.435389506,1577.926167,4.105823448,1657.788754
0.248065862,225.041395,0.709578614,287.422281
1.071990801,1507.274357,3.066354116,1883.699214
0.250838265,207.2157409,0.717501798,218.3887233
0.634425521,252.7483086,1.814726383,285.1003425
1.84123965,767.8169982,5.266718776,862.734152
1.357995868,644.6657727,3.884441147,730.9126683
1.033069349,555.2639118,2.955014957,613.6315947
1.023386982,473.706958,2.927319439,554.5503604
230.4134049,1081.650024,491.2616806,2019.074634
1.16448911,576.2262307,3.330929552,648.7268379
0.664980465,337.6621406,1.902128356,390.9253946
1.360206854,697.4123645,3.890764491,781.8360786
1.957610424,1058.800336,5.599596096,1179.195433
1.352534855,1382.382777,3.868825753,1398.536973
0.584995154,454.3219849,1.673339036,471.7998254
0.364897174,234.3476813,1.043758482,238.6717178
0.184212502,111.7349105,0.526923683,115.2053216
0.634011856,673.8991818,1.813541871,699.7513631
0.119312428,80.36968778,0.341289229,84.33330105
0.749995922,419.7444583,2.145303774,439.0967001
0.905519601,706.6556302,2.590163858,721.6353554
1.495150717,951.4077231,4.276766131,966.4151679
0.282692633,131.6265688,0.80862615,153.4297154
0.484414895,600.3750499,1.385632357,616.4419163
2.569695726,1457.647065,7.350403252,1621.121882
0.33010533,481.8522381,0.9442456,498.0670524
1.461660394,1497.498422,4.180963477,1584.231103
262.355964,681.7041343,558.6150132,1439.992171
239.5465534,977.975284,510.5340331,1637.865576
0.533040099,327.9941351,1.524720113,341.2945847
0.728381048,585.6703829,2.083478167,590.1539022
0.752473524,1326.32397,2.152395451,1867.229434
0.139303067,82.35055245,0.398463674,83.34725001
0.461603216,451.125145,1.32038335,456.2035682
1.085289074,535.9360847,3.104384713,546.3755559
0.360181333,155.17601,1.030266511,163.3614537
1.19249414,758.4812333,3.411041296,784.358156
0.415529511,280.8981118,1.188589866,301.2094325
0.8672913,2069.255335,2.480823762,2112.54627
1232.967242,4023.364384,1237.660389,4070.404327
1.836713001,4392.917612,5.253776113,4465.264329
0.569622928,993.4751286,1.629364726,1027.174506
0.915979513,1167.130526,2.620088225,1200.725603
1.337919459,1725.71051,3.827014516,1771.443932
1.199887581,1259.693489,3.432188865,1314.637761
0.751598624,930.6393982,2.149885475,983.9425338
0.917877321,918.8384264,2.625515529,963.4242908
1.142201718,908.1461313,3.267186975,959.2516155
0.112292816,18.47780725,0.321209434,24.04844294
0.36586936,186.5574746,1.046538417,202.1132464
0.294245667,153.2767269,0.841663841,176.3753098
0.208852615,145.9000989,0.597404973,156.9561003
0.442980779,300.8196869,1.267108514,327.293384
0.382366176,243.3206636,1.09372582,255.4609686
0.565964601,493.8501073,1.618900976,551.8628569
0.316806837,1396.718925,0.906194426,2229.679027
0.917735439,1207.568893,2.625106201,1243.114577
0.97184487,928.2408502,2.779890367,954.3649934
5.097673457,1285.560261,14.58147763,1643.716106
0.868951727,775.5002905,2.485573148,799.2722288
1.213401142,627.1458976,3.470831471,677.5135912
1.502152314,707.8635254,4.296788032,770.1065535
0.634618136,297.828456,1.815275943,326.8959672
0.916905135,406.6669726,2.622730566,442.611277
0.541300265,621.6414879,1.54834367,633.0524335
1.362438691,1033.005901,3.897143054,1079.886897
0.423855745,376.9782906,1.212400234,401.001934
2.249876029,2269.491421,6.435600018,2299.602308
0.106662044,138.9925537,0.305102279,142.8375576
0.433203861,270.332299,1.239151821,284.4658516
0.785860071,511.126159,2.24788773,543.4411316
0.697186092,732.7420088,1.994252096,754.9543234
0.503599452,364.8396507,1.440501528,384.7625365
1.583476507,1599.017474,4.529414273,1618.961297
1.615321281,1512.611795,4.62050131,1557.235635
1.166014434,665.0522129,3.335299441,715.5624869
0.554550217,419.2912364,1.586244218,416.3155331
1.279734026,900.440661,3.660571951,929.5287745
1.523626474,717.7189256,4.358219116,754.488631
1.180731567,557.1510366,3.377391554,563.5631159
0.845695218,714.70143,2.41904151,722.4603889
1.111300224,600.3142936,3.178783379,684.2099888
0.44456737,127.4046076,1.271646392,165.1175961
474.8163532,1941.524854,873.8039985,3108.824823
1.718569637,1293.056694,4.915829626,1378.489508
1.246673005,701.2005484,3.566005699,774.0010795
2.197434985,1489.853302,6.285593106,1663.08048
3.06747239,846.665857,8.774272949,958.4268692
1.424977236,372.5116354,4.076041062,442.7030128
1.43167301,319.1386295,4.09518541,384.4716624
1.314528468,328.8164547,3.76010325,394.0257457
1.37377626,330.1970917,3.929579979,398.8574221
338.9474223,1483.314468,624.3204521,2373.857132
1.416075945,355.3088399,4.050572948,419.1034465
2.034208417,1681.520866,5.818699577,1753.655996
3.289315569,2166.038263,9.408834203,2308.030488
2.446031636,1666.010541,6.996677526,1781.747667
0.351417548,302.9834379,1.005197207,320.9291273
0.40662375,37.27172006,1.163120639,73.05278293
0.24674189,25.61340303,0.705786449,48.04432664
5.514155994,599.136408,15.77282612,1191.474516
7.756596776,630.9438015,22.18716127,1248.926058
6.044905144,840.4518233,17.29099646,1762.295317
32.30275463,5846.74155,92.39939795,11339.58626
9.414169335,665.4656399,26.92853076,1339.717133
6.672356305,565.9749655,19.08576478,1142.845335
9.423351335,623.1687743,26.95479979,1283.686931
10.40127158,1254.230992,29.75203616,2266.523595
9.55740067,7575.763563,27.33821009,12376.95953
1858.810603,9954.818265,3424.575804,16095.53978
22.03057701,2823.503287,63.01678166,5392.451791
2985.038072,4713.447651,2995.980616,4998.230511
7.413334092,1192.440938,21.20526566,2023.381578
4.062868152,920.4911708,11.62151168,1530.843095
4.945368959,794.1623315,14.14583648,1432.041789
4.509683741,719.80563,12.89958574,1334.829761
8.820052502,566.8883954,25.22910235,1170.434927
13.30089093,633.3509232,38.0461854,1413.819411
7.787531485,526.8033553,22.27564449,1068.228707
11.12634838,603.7867041,31.82608654,1276.084739
7.97928017,1059.116568,22.82409639,1869.781636
2236.691763,3922.030297,2255.461076,4484.017035
3.282534791,4331.513569,9.38944176,7083.528349
12.16808449,2648.567654,34.80582763,4813.292659
1560.088438,7775.89514,1579.619516,11615.20027
3.80441428,820.8701897,10.88221184,1577.10455
3.346120227,393.8470273,9.571317128,797.2882951
6.887658097,501.5978991,19.70160939,880.4285837
5.129979134,1518.647211,14.67391381,2583.973611
5.382203376,925.0442184,15.39538811,1775.941211
7.306319664,700.6470788,20.89917256,1259.838083
4.798076429,717.3724758,13.72452397,1274.763324
12.45291897,6967.216945,35.62058927,11734.58687
13.04878716,2443.9756,37.32501965,4266.097537
4.889065439,795.7365784,13.98478928,974.0088682
2.162021995,560.3814472,6.184291348,843.1534701
2.648851802,1361.942723,7.576831117,2153.003092
6.775964285,1838.101046,19.38215083,2213.131064
8.027531574,2523.869989,22.962108,4071.20427
5.587338258,830.0080829,15.98213336,1260.147877
6.287765188,1373.995554,17.98566664,2084.364959
7.19979124,1101.490652,20.59443456,1655.654079
4.729221568,2528.184971,13.52755498,4198.655253
9.069092093,1326.315621,25.94142254,2008.190308
5.852148575,656.8706996,16.73961985,1286.026012
5.9524075,373.0516136,17.02640538,717.0803333
6.039200966,1327.662335,17.27466446,2017.838043
9.908608178,6814.596072,28.34278994,11376.12289
5.061277318,816.1575348,14.47738825,1463.585344
6.90531173,4092.068908,19.7520982,6807.318888
3.341733357,438.4277665,9.558761767,801.6123563
8.649704021,1103.769343,24.74180839,2053.262619
5.580366758,682.8016914,15.96219985,1200.359269
5.406791269,703.5311788,15.46569259,1168.649033
10.85472667,2092.209233,31.04907675,3194.646131
14.99270899,3375.840706,42.88545685,6489.598957
10.48168397,21991.31035,29.98204191,36274.45223
13.47636946,1865.082376,38.54808525,3330.021031
6.145479687,1330.612733,17.57864893,2119.24701
8.219973868,1045.736266,23.51260972,2116.821603
2.4170907,419.7437394,6.913899719,593.8835432
9.238483385,1482.860621,26.42594846,2784.310799
7.852096397,568.0977542,22.46029701,1165.853136
7.609326065,555.8507805,21.76586655,1131.862193
10.28900786,1203.017092,29.43088771,2447.566052
7.199656272,3301.765141,20.59403668,5646.202326
6.737112403,643.2130592,19.27096573,1270.25474
1.637200586,430.2569653,4.683090048,722.5893294
5.659410008,410.5105139,16.18831736,822.9720492
1609.276301,3533.583188,1622.955622,4822.683482
5.532250351,437.6036464,15.8245597,858.7464916
4.351571493,476.0650873,12.44732902,1020.616197
2.998553335,2583.454128,8.577119861,4247.970338
6.867634205,558.170255,19.64433539,1133.023699
6.597783233,512.6673074,18.87243819,940.2033703
7.2349789,2893.887324,20.69512106,4922.362744
1.713120934,184.5975911,4.900246632,351.4231981
5.073831836,532.888139,14.51329265,1078.156196
4.360659267,422.7611605,12.47331836,857.5838584
3.207255433,302.6263376,9.174093524,607.4759679
6.778030007,557.7869219,19.38802387,1064.197569
5.470257869,588.1917664,15.64723648,1129.899116
5.523041563,2388.988483,15.79822779,4105.157064
3.421167059,716.5616271,9.785968742,1218.127246
6.325330715,586.3043643,18.09311282,1176.053837
5.453244759,516.6932541,15.59858243,959.6518005
6.287008626,629.634683,17.9834797,1271.327576
5.181228447,405.8488955,14.82050622,805.2366979
8.352213178,928.6162103,23.89083711,1792.52251
5.97331174,2193.223788,17.08618607,3723.505042
7.734519438,851.769496,22.12400354,1348.755534
9.733410793,949.6752531,27.84165699,2007.435568
5.963900797,421.2448748,17.05927403,866.7919709
5.54409224,516.2104594,15.85844899,1042.092556
5.63869508,1823.686455,16.12903273,3234.82841
5.89999209,809.3527635,16.87646559,1659.72609
3.198134768,299.8092129,9.148022201,606.7333255
3.086544847,1289.908008,8.828804863,2173.466157
5722.294581,19081.74331,12189.40218,39756.9193
3.534465158,502.9198218,10.11004954,926.82824
7.199568784,1206.159286,20.59379471,2140.45286
5.385004341,476.9883001,15.40339102,882.8760017
788.9291515,1803.034451,795.6540558,2325.568185
5.952728807,525.1315694,17.02731051,1029.163987
10.14172059,841.0063286,29.00958433,1651.976853
6.793567004,1759.117023,19.43246102,3204.111782
9.190559245,1362.9663,26.28886175,2689.803692
1898.916156,6632.21515,3497.888636,10833.30622
4.647646494,381.7137825,13.29422457,734.8821275
8.659710761,794.7150685,24.77042267,1516.880172
4.578001332,420.0859755,13.09501148,789.133279
6.248302053,479.6930976,17.87276606,997.333739
8.588882351,702.5346401,22.79433687,1464.737055
18.38219626,912.3794901,47.20448398,1894.873387
25.46226058,1114.303887,64.35124571,1863.845599
10.79235076,653.3237392,29.03366527,1210.700173
16.5579371,757.6592893,42.86347686,1502.245481
5.185696755,397.8800341,13.33526378,673.3513852
42.72903337,3537.948776,104.8550751,7036.863019
29.19764502,1474.409007,72.57060293,2664.208448
26.52761133,1591.306669,64.46644838,2974.560241
19.35422536,1065.101668,46.58358884,2062.90173
13.98369731,1383.287511,33.5730891,2513.472493
13.70748986,522.8454153,32.84902988,1070.053414
15.18788717,1688.865425,36.58083919,2980.518359
18.23191945,1426.785004,47.78329484,2770.252454
5.312518976,347.5888067,13.46832811,581.2019168
10.88015793,3438.566136,26.89833028,6460.078385
4128.408732,7229.457748,4142.956563,7373.704388
17.73528,1078.678518,44.30216319,2019.818667
17.12195712,797.4465237,41.89526138,1488.193963
8.559194714,504.8954196,20.60669373,919.1828479
18.17593323,814.2999794,43.73292358,1542.588243
28.07616238,1747.98684,69.02104109,3097.116427
19.24826684,1179.367757,48.32888869,2206.153607
22.83350659,1828.993197,63.24457692,3725.936617
20.24302028,1161.476247,50.57156481,2351.101145
21.74253646,1000.193255,55.89984508,2021.354198
1.609356841,94.35527255,3.893221817,190.430382
37.98423119,811.5246925,92.73351074,1675.379166
21.55492513,1098.336505,53.52605905,2211.261544
22.47863353,1080.112492,56.18778668,2180.012589
11.03059764,401.1057483,26.65669157,825.4523563
11.44349208,426.1971039,27.42005905,868.0943297
39.60393053,1910.675796,100.355274,3876.349744
35.59241328,1692.865533,89.49335482,3439.981218
11.00332956,406.5739325,28.54783215,813.4840828
12.44095526,1235.235887,31.06459084,2233.279998
13.23720802,843.7229736,31.98714581,1568.14948
13.88331915,1005.733013,33.61113476,1821.156636
8.811647684,724.9811477,21.37493807,1530.864314
16.35114754,1228.579285,40.11377019,2298.581698
11.40173167,1192.772849,27.38182629,2452.960535
15.45245158,1406.213358,38.15582581,2467.431392
23.68642914,1408.799277,58.38417933,2713.723986
12.50663693,743.1627854,30.61949648,1421.363322
14.91131594,896.8586199,36.14907355,1556.39696
36.82097222,3025.320947,88.41093402,5522.203714
15.50603984,1167.202929,37.36176622,2189.369238
25.20362548,1714.880321,64.3644479,3222.834292
32.70469069,1312.26464,80.24986873,2550.519127
27.60078196,1276.296925,67.18249651,2403.43441
13.92213008,771.9253503,34.05190346,1497.290749
42.40905252,2256.559105,103.499117,4297.702941
23.60144496,1052.331723,57.60537898,1976.680042
21.78215936,1718.322972,54.84733122,3182.89924
8.978887567,468.0972775,21.66271052,823.0119833
11.53488332,555.0753709,27.76382028,1051.708419
11.50337113,541.4111391,28.11910525,1053.871394
7.867643709,268.281471,18.86390769,532.3674079
18.14422054,1763.857413,44.51089583,3157.511712
28.79631484,1712.95214,72.39866706,3286.451297
27.60778169,1254.027516,67.42659621,2322.079815
19.36171696,909.3588935,47.20235154,1729.595016
7.843260612,6613.12258,19.86513782,10767.81696
11.77214503,942.2771074,28.29841311,1679.874038
6.684141414,1429.733497,16.20026543,2372.173777
8.011025854,344.8957897,19.25576171,691.0669464
10.28659605,815.1927439,24.79165354,1382.932593
14.56274912,1850.079736,35.36217181,3210.932128
8.039630503,513.7484019,19.784887,1083.860735
2.688855903,353.842543,6.931771008,769.6402472
1.164864928,86.0381692,2.893467848,184.8868295
7.369063442,471.1654182,17.49847556,1071.388377
12.41054051,663.5841676,31.32263121,1255.94976
13.77072063,635.3614962,34.80238586,1312.457209
10.14651522,529.99093,25.3115566,1031.151369
8.693538525,447.2816646,20.87719126,858.4091962
12.83391482,614.96511,30.84206644,1205.301188
12.94662923,542.4593465,31.04800861,1080.831583
18.7923719,1105.524687,47.17655977,2240.59895
31.59164616,1371.908157,77.52314121,2722.45514
8.505123621,478.7084303,21.47238309,986.0877369
13.62210256,500.5997894,32.8326626,925.1688404
16.98963173,929.3887558,40.67305682,1824.416413
13.11301024,1443.290369,31.72227251,2579.510507
8.896674733,322.7653075,21.32573084,657.5206822
6.383222816,303.5053949,15.35865421,596.4622496
4.296781704,753.2157651,10.32490636,1255.120526
6.352624407,236.5962643,15.23417435,487.1055031
2397.791403,6196.605676,5106.81441,13149.78814
9.787181906,389.6088648,23.49061542,776.7863657
16.46863904,1372.095199,47.10723051,1765.282391
3.911520179,711.2574278,11.18860598,942.6453731
15.94769369,2046.718531,45.61713653,3150.929745
8.807706006,1647.739427,25.19376833,2683.256387
9.790107496,912.796357,28.00379918,1598.642757
591.0396667,2483.639372,1099.501636,4427.774323
10.22512578,755.4316642,29.24812721,1362.28906
13.79217979,1420.558299,39.45140631,2564.124057
11.35562525,2622.7412,32.48184614,4490.850269
5.061981117,484.1245559,14.4794361,978.5056317
4.541089307,535.629227,12.98943502,996.7275768
9.250718839,605.3775359,26.46093228,1127.437193
2.72205507,2428.425368,7.786225558,3971.773476
4.181256231,318.0105636,11.96015195,644.60663
2.512579913,5075.785314,7.187036307,8331.791432
6.038299247,502.4496986,17.27205794,1053.848468
13.69366328,1659.231848,39.1696157,3257.195831
3.869367964,220.2947401,11.06801421,469.5996613
2.47171837,122.3292459,7.070155855,258.3887414
682.9786159,2918.266406,1260.07844,4834.881229
3.523955812,159.5666829,10.07998577,324.0719983
12.57779007,789.2521364,35.9777333,1740.272363
6.909652207,348.5696988,19.76449715,753.6882793
1026.106076,2898.423561,2189.909299,6199.534723
4.240157561,285.9089759,12.12862675,624.6917668
6.233152456,406.4895397,17.8294578,841.5722253
4.532665182,394.6776174,12.96532312,791.0674804
0.78148821,267.8663287,2.235380949,457.6306945
1973.443395,4994.972279,3636.355228,8209.302137
8.108857246,405.4127232,23.19472668,895.6979521
13.04124167,851.9176991,37.30340515,1753.033104
6.006353349,215.0757745,17.18070758,372.8611181
3.200837138,14265.55629,9.155744928,23215.04149
3.055675959,204.5754729,8.740519563,434.429138
5.141992089,2835.202502,14.70825777,4869.569397
749.5325893,3916.636841,1384.281697,6457.999832
7.758832939,1218.625845,22.19350774,2284.447982
3.586976977,593.9857474,10.2602595,1065.689379
869.2285463,2387.985755,1854.079608,5089.923251
3.827494409,249.0508655,10.94823348,514.9094155
163.4065888,1013.89446,311.8408254,1981.367176
3.494590031,274.2229908,9.996012212,568.0591256
6.964570494,3112.670112,19.92159448,5227.580419
2.237707702,3121.27201,6.400783947,5077.964934
1066.031733,5575.132398,2276.550066,11077.67171
2.647713677,395.8998344,7.573581231,839.4884525
679.4961793,1270.402043,682.85076,1342.195831
4.989715035,301.1910509,14.27268513,579.666165
4.586757393,1162.272813,13.12004954,2084.571098
6.522073858,369.8612609,18.65586356,812.3831692
5.470926621,466.8409514,15.64914465,1026.288229
3.617532956,264.5849679,10.34765811,582.0615564
5.267385267,237.0071052,15.0669186,528.9551671
8.186263425,505.1378299,23.41615441,1021.093415
5.779831984,315.4817775,16.53273851,682.3754439
3.274184918,209.9789389,9.36555349,425.0178665
3.137023748,193.4031709,8.973196054,422.1382311
1398.707283,3546.832827,2978.653769,7519.29044
6.703239524,425.2322523,19.17406105,923.7483173
4.005863687,275.9422058,11.45844586,586.9443948
1.369620993,93.39978571,3.917684053,201.4873082
3.834240463,205.2317307,10.96752864,449.1502321
4.89285653,183.4853492,13.99562563,352.7999597
4.43431936,567.3466161,12.68400062,1131.26892
8.646747596,457.3310351,24.73331409,964.7202641
742.8998489,3390.567703,1373.300615,5712.831729
1089.088816,3579.814356,2327.980502,7523.795843
8.074570103,1625.434947,23.09663874,2976.880486
8.133301758,490.7206387,23.26464093,1065.933795
6.553356976,492.8653995,18.74534604,975.4105904
8.399729061,547.2422311,24.02675657,1166.576542
8.13813214,412.8126552,23.27847045,867.4934813
5.688352131,399.5663398,16.27107068,851.60227
15.58292686,901.5180135,44.57371081,1952.380109
15.58212103,762.6683443,44.5713933,1647.094462
11.94038664,856.9935398,34.15451798,1879.949463
14.66008775,799.0847082,41.93399723,1771.457074
6.317392446,391.4245862,18.07039106,836.1660171
19.09283349,1506.570149,54.61351558,2982.833904
7.776326971,395.5526562,22.24354498,856.1358037
12.83162541,838.8098958,36.70382327,1759.530003
11.91677546,673.4104895,34.08696341,1450.297781
8.735067431,529.3671295,24.98595502,1144.60795
8.325476202,635.7392217,23.81435847,1315.783474
11.74044331,635.7066333,33.58258977,1365.727281
2.989157992,131.8235511,8.550239591,286.7958113
14.18413282,3428.447333,40.57254524,6070.908543
9.479140312,643.3482354,27.11431867,1402.092181
1041.691963,3121.499688,2222.956807,6619.498217
4.319832074,235.6644853,12.35653581,520.9330136
14.68321169,871.6888473,42.00014119,1825.41778
13.12012823,685.401585,37.52905035,1534.791033
12.56246239,687.8037165,35.93389418,1519.493953
12.38276165,846.9172863,35.41989121,1886.254732
10.49142006,5231.53098,30.00985842,8862.451375
8.546090781,608.1377092,24.44539001,1338.579473
2.063728962,124.8399035,5.903139618,273.0824638
4.210832356,353.7663238,12.04473694,730.8860468
12.54640975,1369.621309,35.88799095,2581.601167
4.986540614,776.369533,14.26359898,1411.761084
6.481669742,739.1262494,18.5402979,1417.570819
2.955225725,162.6801828,8.453186107,334.8902286
2.236642802,109.3233774,6.397732182,235.3042976
7.211526899,1034.190412,20.62800097,1841.673806
7.704647209,1439.152082,22.03851666,2561.614606
3925.521511,14740.26274,4117.642909,25304.96692
31.68099983,3540.801949,90.62091554,7429.959728
9.962320409,994.790167,28.49644768,1848.736943
1.637618959,206.8100175,4.684275235,407.1462828
14.90465917,891.6158704,42.6336181,1662.551716
5.542101429,5668.902445,15.85275483,9472.951558
8.850945056,913.7286697,25.31742254,1621.763414
6.217161178,698.3995796,17.78369804,1214.105531
3.2281821,10646.86145,9.233955935,17290.54721
3.310579516,310.7652534,9.469665646,521.4727756
3.495518348,313.5662547,9.998651929,612.8832921
1.410374915,114.8153282,4.034260747,211.3987422
12.68849547,1179.646005,36.2944531,2078.887041
8.623039327,576.3716594,24.66556007,1162.149609
1.744017837,240.5451855,4.988630576,370.1969807
8.806978496,399.5086865,25.19168159,857.494567
4.27089921,421.8954089,12.21658694,686.9037985
3.649085998,362.9718145,10.43793637,604.8516442
2565.836585,7893.427362,5205.650319,15064.40007
2.407062136,211.873723,6.885231537,374.8189459
6.145438317,298.7036147,17.57854647,529.0175811
5.447420706,479.5258378,15.58192056,891.0415174
4.179614996,344.2284715,11.95545902,676.9684304
6.878535902,591.3540575,19.67549712,1086.212568
1.709553152,10031.09135,4.890055118,16239.23571
3.474213498,672.7870318,9.937733122,1110.802669
1.680142099,361.2047687,4.805897005,633.2986442
2.138421674,585.012,6.116762558,993.4886445
3.477667406,364.1956932,9.947581543,633.2864824
4.075339698,1274.10026,11.6571954,2156.850778
5.157340484,445.6404607,14.75214795,863.9989523
3.111967453,350.5326156,8.901512226,639.6952665
2.524517321,1062.512064,7.221191361,1787.05431
1.612771486,133.7953933,4.613213562,246.535435
1.757286882,178.6122509,5.026582891,318.4189986
5.002959037,3188.451917,14.31057787,5248.735645
20.98767733,2033.999157,60.03352668,4178.507774
6.148967289,398.697208,17.58865129,774.1156088
2.096393109,96.19855148,5.996546295,170.2616083
2.111817695,175.3775328,6.040697844,337.0647108
2669.65295,1929.112234,2687.999468,2116.128184
8.549582212,3976.838251,24.45538204,6623.101521
4.387290923,691.1425528,12.549504,1227.603556
3.79195738,756.0785459,10.84657055,1219.910585
0.812831,28.01744403,2.325037432,58.53821955
8.44645855,344.2964237,24.16046389,680.9729842
19.3557139,880.8795541,55.3655124,1652.599835
9.305274919,939.2456633,26.61700677,1642.797278
4.803829812,3194.96509,13.74098196,5284.677589
1.215290593,246.9558165,3.476253713,327.6275008
2.526196214,230.4314984,7.225989051,471.6435905
4.758610565,519.165017,13.61161859,1010.135364
3.379436179,251.5815669,9.666604851,521.6566007
2.082152516,232.5384361,5.955819406,413.1985081
1.015080996,46.32402453,2.90356918,96.9478247
2.87131125,212.2619225,8.213156338,411.0657025
3.359587981,257.55434,9.609829011,525.7235193
1.850471087,175.4375241,5.293125266,306.242812
6.154679522,902.1224507,17.60496499,1660.31072
6.763986423,548.3487164,19.34783008,1058.311479
4.018375601,340.9107391,11.49422335,638.5536755
2.860616372,841.1437834,8.182573333,1432.038303
3.63712498,308.8155282,10.40369796,596.3840712
1.916194672,146.1035579,5.481103599,278.8691791
1.355702999,109.1356663,3.877869749,206.6225714
2.284118696,200.0750433,6.533532509,369.6756396
3.462375664,338.4562206,9.903858394,608.0359799
2.92270892,243.5351049,8.360175267,465.7078194
5.800161783,557.1991148,16.5908778,1038.47892
7.690789794,3586.594743,21.99891177,5915.935164
3.329291907,1273.739393,9.523165333,2148.283622
4.928959688,390.5489053,14.09891417,742.7154488
3.953740565,417.44919,11.3093597,719.3330182
3.101317213,972.4209612,8.871047721,1646.826613
3.079167168,294.7714002,8.807693164,570.6378704
3.311949231,2620.130305,9.473548268,4316.927433
4.386760043,512.464769,12.54796664,924.3783726
2.372820278,292.598676,6.787259482,517.4306867
5.175046926,460.4457416,14.80277865,855.0252664
2.000665261,255.5450891,5.722736701,424.8493713
2.025555874,193.0598116,5.793949885,346.639657
1.350861951,148.8753594,3.864021112,275.2831594
1.025981731,153.4085952,2.934727725,231.3860964
5.184762653,3295.73695,14.83059736,5340.116536
5.184415644,1924.454196,14.82959112,3221.26205
6.143873334,230.6903114,17.57407077,475.1225411
7.310671755,493.825347,20.9116214,1028.443599
4.474038547,359.3105617,12.79762478,721.9964767
7.401032398,2643.825009,21.17006395,4312.005598
8.54201146,797.3780253,24.43373375,1660.245057
2.739205909,296.9184005,7.835284052,542.1296748
11.07053316,1550.863777,31.66635473,3071.806966
3.64090444,226.1973094,10.41449651,473.521993
8.76127141,693.389867,25.0608954,1461.75688
4.039934613,318.0427734,11.55591447,605.3204902
14.8805914,1271.698984,42.5647059,2731.740457
4.61425046,370.2750619,13.19867718,747.528924
11.02455568,1175.252691,31.53484837,2231.488385
7.959323629,2834.273106,22.76702913,4712.493729
6.755664968,531.9231461,19.32401588,1031.111079
4.245446914,445.7946645,12.14377234,817.0207254
7.313506809,1712.005118,20.91970086,2961.738144
5.831899631,759.714878,16.68165333,1513.831376
1089.946969,1756.937925,1099.154758,2129.317546
3.458354563,276.8484796,9.892358321,536.8610846
4.849143823,692.3808525,13.87059157,1301.239246
5.997621079,409.0329898,17.15570064,839.2287487
9.809714177,628.3060657,28.05988262,1327.06082
5.525858772,351.1295222,15.8062631,709.1871362
1.896154095,546.8847434,5.42378422,951.2760868
5.459232372,417.7225588,15.61568381,898.1321519
2.57697885,2711.58239,7.371244503,4458.391735
3.130288299,442.1430823,8.953931881,901.7255841
5.62755172,2120.130697,16.09715723,3661.122709
2.404830869,153.7135931,6.878825299,292.2999847
2.561724898,191.3629971,7.327601649,400.9406222
13.62330167,12607.70632,38.96834547,20681.43572
5.959039092,961.6113877,17.04534899,1701.849342
3.792831946,211.2511531,10.84909986,398.0663064
5.994760193,346.4277178,17.14753595,745.2008221
8.653125985,794.5702617,24.75155678,1533.513079
11.73981467,863.6196191,33.58084249,1653.89729
11.23323517,842.9775094,32.13175445,1657.067553
10.41303141,681.2583184,29.78561467,1415.942603
11.49879249,1807.990976,32.89137017,3292.381891
4.137196427,294.4576637,11.83412949,604.0804109
3.969494677,267.7561251,11.35439896,568.7630253
4.446505095,247.2936186,12.71887973,510.6847504
6.283835746,429.1404297,17.97441154,893.4098354
4.918997288,1364.407313,14.07039164,2374.732433
3.200070945,210.9718016,9.153527162,421.7712451
2.955094833,189.9608027,8.452821723,387.9745821
14.52623536,876.324911,41.55112516,1862.803608
14.59663965,1552.145145,41.75249587,2963.493689
12.17464872,1044.232466,34.82460229,2067.111478
8.520824244,975.3980641,24.37311978,1880.622221
4.924731001,347.3237534,14.08677285,724.5597318
4.924340443,365.0935839,14.08566066,744.569717
10.50476445,1438.012148,30.04802271,2652.766972
4.914732781,278.5467738,14.05818868,529.9742837
4.244491057,367.3897009,12.14101217,711.9575458
8.58948291,633.6736703,24.56953747,1299.035712
10.03251989,624.0349507,28.69719242,1333.040324
4.236458422,265.5198213,12.11803625,578.6162125
6.029910532,415.1459853,17.24808842,877.2610021
7.877778358,1329.679717,22.5337679,2415.366462
9.282649972,833.797309,26.5522597,1637.360887
9.225569883,529.4037701,26.38897313,1132.230562
5.679172001,428.0095301,16.24480638,914.094912
8.601921339,992.1011434,24.60509528,1839.387058
7.893505085,622.1192957,22.57872187,1310.248668
2.72756484,191.2321033,7.801969146,374.5814006
17.88256456,1705.127962,51.1516193,3240.499104
4.327590178,328.959667,12.37873437,678.6770515
7.163058715,441.3638183,20.48935326,906.2146872
6.41091702,775.3784129,18.33791303,1382.592528
4.217738529,321.234654,12.06449147,636.8996088
2.758545552,112.457084,7.890599479,232.5169321
2.541003328,166.8577645,7.268341076,355.3456367
23.64285345,2019.024511,67.62846661,3984.234436
10.08398855,677.2726348,28.84442595,1364.956419
12.12777203,1502.721349,34.69048914,2825.712138
18.07390608,1172.250421,51.69895372,2390.706606
7.823070731,574.7902143,22.377261,1134.339094
5.862602102,1054.486906,16.76950354,1918.771016
4.594334889,320.4116935,13.14173465,665.4259795
5.398239457,352.653276,15.44122095,740.0214849
7.095060406,433.4399665,20.29484996,930.0839755
7.953319017,510.7310187,22.74982627,1083.543578
4.262986124,315.0031701,12.19392137,664.8576366
5.663131439,428.0039968,16.1989211,906.9090561
2.76262001,202.2873469,7.902245056,424.4143913
4.497685381,274.0649236,12.86524425,584.7683259
4.823439661,355.9375453,13.79707808,720.2768784
10.75580289,1122.997241,30.76611585,2162.683897
10.48349559,775.5725697,29.98719887,1546.472185
280.31173,2062.223496,602.5013381,3896.934068
7.36095972,486.7779466,21.05541667,1031.629204
99.98967309,507.5966034,186.3791468,881.2676731
6.272843874,1450.212821,17.94296793,2572.30799
8.53355073,778.7409604,24.40952049,1499.830932
13.00567111,899.046909,37.20166808,1918.650707
5.486772994,1060.972804,15.69445631,1900.178161
5.988554142,392.4090565,17.12977264,813.0143371
5.143141955,356.6285095,14.711549,749.1574974
5.90396123,9748.047506,16.88784797,9946.262364
7.986951375,9781.479441,22.84606096,10132.16895
6.118867817,4019.453377,17.50253512,4083.38359
5.854650994,6613.507784,16.74678215,6719.946059
649.0256216,6851.025925,665.691302,7256.79731
4.896813855,2630.10059,14.00694636,2867.769426
8.387710504,4412.183192,23.99237614,4710.387045
4.115829426,1332.349224,11.7729931,1468.496114
9.291097918,6469.168266,26.5764441,7731.268867
3.290746476,3811.98516,9.412917243,6012.271
2.299512945,1676.105391,6.577569915,1986.057417
3.095276288,1407.006838,8.853790738,1510.363917
6.298062325,5005.196577,18.01512889,5101.776879
12.33117458,13510.54812,35.27241168,13689.71064
11.54362451,6397.054417,33.01962221,7324.069674
1.999198838,2023.158859,5.718559884,2063.715516
1384.871296,3790.620953,1393.511268,3872.085992
6.582942989,4199.920536,18.82999516,4382.133604
10.85109431,5517.732193,31.03869959,6011.640912
8.474130687,3969.682152,24.23957654,4218.766286
1751.432428,6776.727667,3235.481401,11202.34988
8.138292718,2430.192822,23.27893532,2585.993285
6.209932276,3191.50948,17.76302046,3764.719602
8.03018593,5317.652963,22.96972604,5577.219353
4.466293636,1934.188602,12.7754768,2054.558658
1334.562005,2760.203897,1346.3618,3024.982564
3.220156915,1734.111887,9.211007231,1838.003478
2242.579741,6048.014195,3532.751099,9269.938064
1516.111055,3875.47407,3229.923378,8151.397567
4.953725012,1304.483555,14.16972641,1426.596428
4.697443402,2413.828968,13.43668186,2875.522363
3.76902476,1416.653605,10.78099874,1653.374991
2.661187973,880.6823462,7.612116412,1303.048708
2.336655284,992.822068,6.683815084,1514.713192
3.050646374,700.6171218,8.726124139,1006.947735
12.02244094,6156.238443,34.3892394,6924.73166
5.181640433,6261.863511,14.82167816,6463.077205
4768.003647,5168.389844,4781.449614,5234.242149
783.12917,1977.844752,790.1218895,2126.503197
2092.330277,2875.844914,2319.298621,3268.296584
4.538696562,2530.849042,12.98257556,2637.98944
7.444392083,6820.289856,21.29411989,6939.867318
7.305963358,3264.525517,20.89812689,3784.102659
1740.917563,4538.387996,3709.899345,9475.184604
3.481951315,2142.345999,9.959853345,2200.748852
2282.284209,4793.264389,4200.051996,7953.83794
6.983221025,2862.440994,19.97495094,3347.17142
9.004836924,2079.089477,25.75761021,2257.850882
8.860419622,3104.474602,25.34451584,3550.131594
4.874866359,1152.956899,13.9441658,1811.690602
6.659500234,2315.099025,19.04896653,2496.623084
1806.236721,5227.346505,3850.72929,10809.20404
5.699344241,668.7044622,16.30250672,883.1720233
5.011918836,1206.398436,14.33619346,1301.824363
4.200498988,642.1842776,12.0151939,761.1609612
4.651881167,847.2728944,13.30633906,1176.312149
6.526491666,3866.848744,18.66854031,4236.359855
7.074357713,1841.75779,20.23562995,2152.15367
5.884802291,984.8933477,16.83300708,1156.012752
1604.262047,6714.9214,2959.707011,10497.58909
8.801742966,2541.540035,25.17667485,2819.814992
3224.566096,11436.29815,6414.124927,20122.49102
8.381219369,2160.040481,23.97380411,2407.706063
8.233495972,1687.133622,23.55125561,1879.297491
5.768750244,1651.656764,16.50104296,1785.429188
10.67995035,2850.156838,30.54916593,3284.105381
5.239166481,1132.890628,14.98622775,1369.163108
6.866363986,1108.205629,19.64067484,1702.629227
2.867480847,593.7132977,8.20220015,790.9621038
4.206381925,625.6207375,12.03201838,841.3393896
4.903482883,949.5337289,14.02602848,1242.870242
3.910258023,639.7763423,11.18497359,851.7222604
4.436653966,871.1655344,12.6906946,1338.507482
4.474840254,842.2103099,12.79992596,1030.258921
4.933557847,2620.304736,14.11204959,2886.508282
9.096124155,3379.26511,26.01874208,3816.121795
1642.108694,6331.796482,3028.644371,9507.473856
8.895308738,1314.175925,25.44431245,1856.457684
5.79078796,1317.083119,16.56408244,1749.214409
4.964114867,964.1052415,14.199458,1223.676539
9.917834057,2517.342396,28.36917134,2973.798901
7.394802941,3679.390754,21.1522436,4980.922772
4.927614612,3502.037597,14.09504691,3572.385065
5.103723782,4662.883071,14.59879337,4843.058139
5.720976996,2391.192297,16.3644034,2463.646223
5.274414574,1431.788178,15.08703529,1565.756613
1676.025836,6648.351245,3090.187376,11180.31529
2.649944955,13078.15018,7.579948897,21345.08818
4.341042085,628.7224503,12.41719833,745.7358289
6.848506202,1690.319251,19.5896073,2036.686052
10.61876274,3735.396697,30.37415604,4062.677218
4.953185707,1358.888298,14.16820196,1606.072616
4.290106349,933.06107,12.27150495,1190.180833
5.771809761,1065.649815,16.5097958,1339.899311
5.827340833,1222.136285,16.66864944,1574.455351
7.657645997,1411.634165,21.90409365,1648.787039
8.972376313,1980.403209,25.66476467,2538.40457
6.599929631,1441.034553,18.87856991,1814.086611
7.235689786,1501.744934,20.69710637,1860.127957
6.528638771,3886.87907,18.67465387,6353.878665
4.386841318,1016.631224,12.54821354,1327.066646
4.048510157,710.3067712,11.58044238,901.1810427
646.9637814,2847.459737,1194.65706,3852.147734
3.670327728,709.8652078,10.4986829,885.2152447
2.514013476,497.5255517,7.191132645,612.4880814
1.618229739,316.774444,4.628811667,389.9926209
784.9836794,1317.37921,793.4081742,1493.688689
6.075529617,852.7637258,17.37856584,1141.808145
2.826158548,473.6328835,8.083999194,619.4051892
3.130470067,554.1340415,8.954454246,687.5767855
1606.259437,3788.964107,3421.434674,8018.347468
3.619428684,808.0591891,10.35309447,988.0943353
3.813467228,1979.103859,10.9081172,2088.647651
3248.876481,9876.631438,6461.2526,18025.57376
4.095646437,959.025374,11.7152629,1148.739275
4.343884288,1002.237799,12.42533327,1173.276005
5.740084032,1292.579182,16.41905113,1494.409056
2.335369409,447.3226602,6.680132351,551.4718296
4.371668105,908.5299562,12.50481402,1129.938706
3.219945767,682.1255485,9.210401166,830.4918298
4.928723953,1375.557565,14.09822823,1539.851872
5.357419988,2802.054631,15.3244733,2985.910386
2.517737369,750.8988538,7.201779996,858.1656601
3.424548503,984.6875507,9.795637914,1126.674101
2.206921543,621.9579351,6.312721967,732.9256847
3.041459614,929.7827037,8.699843875,1063.898496
3.703458821,1369.19409,10.5934497,1528.54267
6.424877121,1851.630727,18.37784429,2064.643144
8.561384668,1104.740163,24.48916489,1614.613387
3.447963778,337.5061257,9.862625836,603.9591719
10.34149901,1007.986811,29.58103902,1575.498304
7.10336567,864.6550268,20.31861042,1317.075662
3.77153453,378.5115519,10.78817742,620.8964514
5.520640334,494.6015783,15.7913567,839.9769553
6.053609603,586.6550965,17.3158692,989.331816
3.959658394,353.9516286,11.32628008,578.7728965
1561.43335,2340.244986,1573.680718,2679.453603
5.657284391,5261.239202,16.18222435,5452.69925
5.363957932,4884.21075,15.34318936,4992.217908
3.187263951,3899.548511,9.116933583,4347.964314
10.31129277,12406.51182,29.49467246,12711.43893
0.71943311,881.5281488,2.057878128,908.2281338
2.210877952,1895.432874,6.324045325,1943.382644
4.533012416,1669.432564,12.96631475,1960.629081
4.750611247,1602.0409,13.5887445,2037.518385
5.840849692,1554.70219,16.70727515,1964.36786
5.436483015,995.0639871,15.55063561,1416.745952
5.233371298,959.4755954,14.96964745,1572.271856
4.034560978,1366.175938,11.54053508,2092.470087
3.231458447,1339.623341,9.243332589,1420.04152
1.105120835,750.8585848,3.161124398,795.7745476
40.18826254,4177.995848,114.9551899,8355.110591
0.580744253,449.9149334,1.661170736,566.6983099
3.520037632,643.2362648,10.06878776,835.5563475
4.966806522,1226.893351,14.20715953,1495.537346
2.671194267,613.6356962,7.64073512,774.3133253
4.22969203,941.1348401,12.09868758,1235.678005
3.327353609,829.8967378,9.517619917,983.3117237
1.750434713,1151.377946,5.006979648,1440.537269
1230.803844,2069.693579,1236.419007,2173.741888
0.613191114,304.6701072,1.753990578,339.1214432
4.983365421,4004.791745,14.25454761,4115.759173
0.426266123,176.3692269,1.21930329,187.0174826
310.0239784,2752.098293,575.3697958,3443.572109
2.388690637,816.8233759,6.832658436,946.4411326
3.197816545,1079.22345,9.147105251,1376.909032
2.221391251,329.9532135,6.354117464,458.9047414
4.115495498,753.5647858,11.7720483,948.4904433
2.550843485,1046.527467,7.296470092,1634.273606
2154.343942,5820.928978,4589.778844,12038.43086
2.846367346,404.4951008,8.141813486,570.2799081
4.0560082,1253.386125,11.60188691,1510.300485
3.641073841,1218.368249,10.41499596,1385.440041
1.627784465,376.4739576,4.656144618,456.5593713
2.55276048,601.0802619,7.301977642,760.2099793
2108.281076,5570.951033,4488.99915,11643.73598
2.608001378,418.9086878,7.459993653,502.1573274
2.388555982,636.9393949,6.832278804,1054.379403
5.505194219,618.0528973,15.74716328,1046.409971
4.577600726,519.6089597,13.09385338,835.1349399
3.476542996,499.4894931,9.944375833,805.5942524
2.115096842,2269.89826,6.050056789,3728.825134
1826.168768,7507.356757,3364.609762,11822.28017
1.88055603,940.6048512,5.379195996,1060.046325
1682.019554,4199.332761,3582.180594,8763.264333
2.126725188,3264.336518,6.083324761,5313.669243
262.4216911,870.0605909,483.9687163,1332.924362
3.836165907,2546.62917,10.97304782,4117.353289
1549.761441,6292.251432,2852.765578,10215.12614
5.332479525,913.4819208,15.25312974,1204.360935
3.641070193,532.2895265,10.41498666,694.0337859
5.144852684,2186.1762,14.71644053,2851.845283
1.203409093,265.3632496,3.44226038,281.14807
1.18517668,885.1027913,3.390113644,1095.542257
68.30111334,723.5971966,127.4376087,861.5977673
2.885186454,546.2956316,8.252841407,697.543077
1.972172658,343.7222956,5.641234631,416.8249673
1613.34583,5412.373985,2968.910188,8710.237722
1.713466734,362.4119312,4.901229949,472.9849813
1.386346081,306.0636087,3.96552947,430.617511
2.963162621,1015.132289,8.475900181,1133.760101
1.182096977,248.7686883,3.381289442,359.6397245
2.493985128,252.5304117,7.133844725,349.1342347
3.579474943,509.1645833,10.23880155,815.9558173
2.374197524,326.3264759,6.791193614,465.3597252
3.47710035,584.1673398,9.945972734,831.1205493
2.596988215,1099.359577,7.428470658,1686.784925
4.104679324,1453.26988,11.74110001,2173.179027
3.595024685,1083.612303,10.2832793,1291.268514
1.879011851,1044.54324,5.3747766,1110.098208
1946.773555,4805.638626,4145.951024,10056.14278
0.695648133,581.8923558,1.989839824,820.8384518
1.949932632,997.0845639,5.577627925,1222.63015
1.574986293,303.5504017,4.505121416,380.0309256
2.130808261,713.8037939,6.09501245,875.0157164
3.439198872,689.297018,9.837546093,916.014227
1719.612177,5753.459765,3165.280726,9250.854137
3.134295956,308.8875206,8.965404076,524.1114613
2.250492487,509.5249204,6.437358706,625.3204277
262.0967341,1771.474371,485.2914867,2139.350224
2.804786596,540.6450958,8.02286924,684.0762006
1.939310244,422.8913925,5.547246105,494.7263543
1.682647486,413.7117098,4.813080427,517.99759
1.320015507,282.1675854,3.775795923,341.1020394
5.596794318,1317.076049,16.00917438,1643.139193
3.515235093,796.4582686,10.0550661,978.1227178
4.470309377,601.3496945,12.78695279,993.6879847
3.081514797,332.0715537,8.814429597,533.7209584
4.271144533,397.1046104,12.21726683,635.8160918
7.002988404,2049.627552,20.0314867,2874.973621
3.591600809,1094.758132,10.27349148,1630.62073
1.843216325,336.3730237,5.272374812,483.6307336
3.470375981,358.1420475,9.926736666,517.1030432
2.849949433,309.4505952,8.152062062,504.8945413
3.223306023,350.4928084,9.220007117,585.1192613
3.666868325,466.6093072,10.48878535,750.2890294
2.304458022,738.8103429,6.591734702,830.1179556
2.064117981,656.8095977,5.904241723,1073.415153
2.28389878,447.4744416,6.53290101,702.5902315
2.714771484,285.3796675,7.765377539,495.6042095
0.894295054,927.663039,2.558052124,945.8503345
4.896646874,406.1450021,14.00646035,788.9386763
7.930710373,1093.561436,22.68515229,2038.153191
9.733779959,1045.638969,27.84270372,1751.830954
5.245962767,529.9807625,15.00565157,906.4686103
7.138846936,856.2901203,20.42009272,1517.002063
3.06117502,1407.705721,8.756236679,2343.718447
5.819370514,857.6437614,16.64584954,1417.873233
2256.004876,6031.867666,4806.044917,12645.7937
4.421833104,497.8646829,12.64829267,899.0129407
4.657731676,394.0466031,13.32307202,721.9993243
8.423149496,959.0492243,24.09373014,1773.648204
4.425132218,338.3562823,12.65773313,598.6080157
2007.042168,6853.318373,3694.747046,11172.54696
9.301136371,1081.736437,26.60516192,1824.445419
3.582523132,504.1990438,10.2475205,660.0957143
4.51115917,629.063786,12.90380497,929.1582962
3.404427196,342.0213189,9.738093496,565.2869096
3.461472117,365.1168139,9.901260664,573.6425747
2.234898437,273.6923272,6.392752789,439.8800789
4.073354068,452.9458804,11.65151278,719.8143775
4.634391771,466.5574718,13.25631226,759.8355219
4.013644696,487.8709628,11.48071005,773.8976892
295.0576551,3306.953654,548.9940472,4969.127052
4.072569593,467.0021472,11.6492634,872.2493129
4.647381841,2388.971897,13.29347394,3961.828995
3.949990042,244.7460564,11.29863594,514.2453307
3.638822632,442.0904732,10.40855516,827.8994396
2.134657306,193.0974139,6.106004164,390.6236718
3.110304508,205.2718582,8.896776144,424.509206
6.187508407,452.9690977,17.69887729,911.4638205
3.453440797,255.1737823,9.878294681,528.4079912
3.311711804,219.039577,9.472879817,453.063483
4.502964311,336.9167497,12.88037622,663.3300343
4.086452297,249.3501713,11.68898936,509.9197001
5.699360874,314.8243643,16.30256283,658.0162133
3.40111025,210.7273055,9.728602977,436.9099898
4.280263437,247.9851534,12.24334908,515.9734289
4.75874639,330.8090568,13.61200518,680.9703743
4.881993299,1829.489069,13.96454878,3118.58515
5.400376592,321.0330815,15.44735407,667.3508767
5.389867028,399.4992735,15.41728289,816.0159246
4.177133033,277.6244586,11.94835271,582.9709901
5.670278767,354.9825395,16.21938195,740.2244196
5.686170839,883.6239179,16.26484378,1262.094565
4.269588343,527.9990373,12.21281998,851.3623708
6.118141108,718.7048858,17.50044841,1117.811973
4.798268664,564.0287623,13.72505933,887.1380859
4.293578718,470.5604574,12.28142904,752.3815712
2.472702544,658.2374438,7.072960566,1129.81736
4.857699917,489.4241262,13.89505291,790.9966504
4.264595725,469.1391972,12.19853519,754.5084515
3.006081967,328.6320733,8.598663234,527.6672532
4.961336111,598.767743,14.19151096,964.1252891
5.278943893,3046.17043,15.10000421,4314.436584
6.741573217,327.9011467,19.28375636,617.0574365
7.267517429,528.5315632,20.78818692,1061.460373
6.810740068,490.545522,19.48160357,1013.86706
6.459429254,543.4943981,18.4767111,1037.347038
11.7761257,734.2729078,33.68471645,1446.092193
1264.169554,13319.25115,1299.203538,21462.85031
15.41755048,1659.961081,44.10070729,3165.991583
3.446698814,395.9992716,9.859014545,720.7124743
0.988554958,122.6212077,2.827691857,207.214148
5.227000977,669.1090701,14.95142367,1228.847208
12.00952703,1848.288798,34.35230002,3306.032142
7.861953229,1048.066943,22.4884898,2070.058116
388.4735557,1630.94796,722.6022225,2878.955636
7.593027991,1484.568781,21.71924337,2809.392706
3.13805478,1954.684232,8.976153998,3187.731919
2.047405576,179.6878834,5.856447464,334.3667883
0.680454135,67.50501174,1.94638592,137.1503831
7.738944073,2737.884699,22.13662968,4660.119224
2282.798969,9416.650747,4866.30133,18353.98176
2.281407244,784.3684474,6.525780367,989.495403
2.852648713,663.0371689,8.15977483,865.6673813
4.05692057,1150.849393,11.60450404,1774.079757
3.07669631,492.3619392,8.800638691,803.9922336
2.935618422,403.9395287,8.39711135,624.9287927
2.368401624,461.0181772,6.774638981,717.9015065
3.112354505,566.5173794,8.902635306,851.892673
3.185142341,601.0182939,9.110852763,867.0235452
2431.276306,6790.218246,5000.082167,13248.77475
1.801901411,223.7699485,5.154192931,411.4873319
0.6614497,73.75050585,1.89202486,128.6751645
0.233450573,309.718393,0.667760334,569.2206997
4.152404197,366.9876809,11.87761529,658.1464626
1.333922157,237.2174001,3.815577059,417.0638644
1.391153796,235.2985389,3.979274265,432.6132465
2.547444788,407.7932635,7.286766172,752.8402912
3.140712789,455.2064271,8.983751922,853.1652236
1.432706982,242.8309013,4.098151357,439.6466522
2.646728244,539.5642548,7.570749341,940.8515378
3.598618055,632.6531413,10.2935651,1115.232074
3.240115198,351.6910145,9.268095816,652.2383561
2.885174688,336.915711,8.252828229,611.1258756
4.531894436,321.7351025,12.96313649,547.6830727
7.294965309,993.0406073,20.86666915,1818.339053
3.665582773,307.7952934,10.48510148,590.2010582
1775.354,4893.023087,3782.301459,10222.75559
2.095089511,186.5868307,5.992842445,358.9093706
3.196158114,489.6621097,9.142364852,870.8543433
6.352764796,994.1459423,18.17158037,1784.586286
3.834098668,550.4929968,10.96713334,1001.437102
2188.659658,5536.678986,4661.06682,11736.46861
2.577960967,853.0159958,7.374042516,1404.783865
6.521282858,3608.711769,18.65361541,6024.10875
1.894758703,426.5765735,5.419805418,750.1489445
807.6456035,1476.004083,812.112546,1578.74574
3.920282632,387.1745394,11.21364838,745.6119076
7.664947825,1061.818567,21.92495957,1920.606084
5.461523131,1016.570985,15.62225081,1808.806802
7.864143034,577.6302264,22.49475483,1165.329887
4.448698397,462.9493409,12.72514099,942.3281795
4.842388663,420.940872,13.85126027,848.7203861
3.458016928,463.9362412,9.891383554,892.0744355
4.298840942,410.5775826,12.29649023,823.4210417
4.903320829,483.94402,14.02555894,939.745376
9.031097905,905.2340486,25.83274138,1622.89908
5.149363799,749.7043689,14.72937089,1391.465624
3.482891542,341.40458,9.962549398,641.4425946
6.211333049,547.5232555,17.76702869,1068.298442
8.244743242,754.0672988,23.58342141,1531.599631
2.267440836,283.197494,6.485826896,558.9121869
3.404602474,290.2669778,9.738588666,569.6321669
7.846016027,638.6318398,22.44289488,1275.390927
4.782760189,806.2687173,13.68069574,1475.795155
3.514612573,354.888857,10.05327334,665.9103452
3.186651881,150.6968984,9.11515174,305.7682533
5.018804838,465.1336951,14.355892,922.6153293
3.333261498,221.3162973,9.534520905,459.3416572
2.12576634,166.320941,6.080585463,337.7857417
6.861300903,612.1131228,19.62621259,1207.225179
6.041054379,484.5940381,17.27996071,963.1972055
6.407343813,401.4388041,18.32770042,826.9099722
5.971770622,533.6812022,17.08177504,1003.162043
5.019667803,1170.748744,14.35836028,2021.883381
6.324447889,601.923502,18.09057595,1133.671763
3.95518251,4004.888799,11.31347958,6618.470958
3.542406366,284.0972923,10.13278072,566.9784987
3.862719673,435.8380794,11.0489945,811.9206289
3.51844442,332.9029506,10.06424009,678.4957156
5.816238832,779.3678232,16.63689007,1401.440506
3.861779675,325.4302364,11.04632209,619.4764739
2182.168076,6327.334648,4489.717381,12458.79314
5.041584835,721.8262689,14.42105501,1312.13927
6.033747066,598.5393789,17.25905078,1182.383043
5.223539727,394.7717073,14.94150923,805.7232231
3.399885815,418.8297269,9.725115981,786.486965
3.338265621,269.1838115,9.548824695,537.9417849
2.783672975,206.3101049,7.962480373,408.5319529
2.783358784,216.0995208,7.961591165,427.5145606
1.990259889,323.1715097,5.692976268,570.3645493
1.605089959,146.8323259,4.591234857,285.1915138
10.99086815,987.0978778,31.43849732,1944.359317
7.302860405,696.1009979,20.88924596,1316.960894
10.8227209,780.5477199,30.95753032,1584.27669
0.863357665,75.03892869,2.46957216,148.5232756
21.04307052,634.9265846,49.63845352,1268.384608
23.7273716,504.3720229,56.35692056,889.2961626
19.67749953,807.7195734,47.64484841,1500.537964
44.2697268,498.2689429,101.6384928,948.4430607
26.94142294,1951.689264,66.06391624,3793.574207
24.92256544,719.7698584,56.56950307,1383.982119
67.27185735,2416.905779,152.3871116,4847.585498
118.1477002,2231.156136,267.3003985,4488.52872
84.176521,1848.194939,190.6057634,3628.317109
14.39859647,870.1897415,34.72368704,1644.309209
23.19347045,373.1004834,54.12763117,795.7004182
27.47181618,302.8937143,63.71526514,609.5928637
10.10624638,470.4344938,22.85074482,748.240539
29.39761113,1165.191799,66.49853714,2290.558454
57.37687409,1319.97847,130.0876547,2598.275641
40.1522806,687.9871029,91.39107368,1440.933594
18.79291991,301.5015022,42.42180338,631.7667004
74.41717955,1336.089552,169.7512383,2769.065829
31.45258596,642.0624282,72.80868499,1214.27287
13.32139517,9851.691583,32.03242259,16183.59664
77.86091138,1394.416811,176.1382364,2851.189401
63.52631394,2072.756127,144.1369224,3818.916009
5.485844198,104.1214183,12.35975018,209.1984196
30.31618667,692.6836284,70.07284458,1394.589004
3.996638841,1204.764414,9.844123367,2010.951071
13.14947425,585.5453556,31.73679326,1035.423079
11.39351672,450.7177791,28.3500635,813.6625342
5.391544393,106.8672248,12.19306771,197.7930721
76.06524588,1340.253415,173.2097208,2830.002791
86.16461787,1346.254474,194.6004847,2808.12424
24.66934363,425.1116758,55.9647844,860.5515134
46.91662655,1173.823864,106.1274451,2281.896166
65.92986798,1221.637962,150.5775,2552.347125
95.39597372,2088.868343,217.5635116,4140.48963
64.90228505,1129.397874,147.5801434,2344.932466
6.842735829,434.8064678,17.61317118,832.9861907
24.09050181,809.9003317,55.89170383,1531.835147
9.502669303,114.7153986,21.99356265,243.2044073
49.17359786,788.1368832,111.8297451,1662.386903
69.09133808,1413.052634,156.2676371,2785.347034
69.02689916,1280.930155,156.9090541,2595.189305
52.58357274,1132.361825,119.9180291,2228.091682
36.69379953,541.916212,82.65226732,1141.015738
54.53099285,812.3078738,123.3761792,1719.45813
27.20940145,466.6773566,61.26970043,957.6138677
49.22717483,1574.629811,112.5849891,3008.903158
65.73597001,1105.036954,150.0637108,2321.02308
1796.425482,3100.1531,1841.946477,3827.06822
8.634167666,162.6048433,19.52102112,289.9137791
13.12543276,318.5604649,29.76341112,664.6109967
39.38357732,922.9903627,89.65208977,1924.029223
27.79420839,622.3057004,63.15898091,1304.609528
37.83810115,672.4923308,86.25279455,1397.247518
61.7373377,1135.743811,139.8554012,2354.994939
41.20248128,888.2636616,93.2481891,1846.233544
33.87090608,1017.704418,76.84020074,2005.314816
22.19508796,570.677555,52.82199014,1128.639721
34.66760884,1128.75653,78.27534259,2215.617858
17.1053955,347.3786432,39.03007301,726.5751487
49.65185218,861.0264557,112.5072602,1791.980089
29.06048532,610.7019491,66.3418511,1262.202131
17.19496898,577.8325918,38.90596729,1076.700616
50.12673211,1011.437583,113.3467085,2034.00728
32.01339714,1211.650571,72.55687558,2169.982674
9.199858378,198.7424758,21.03557865,396.4496572
21.41029596,467.6710315,48.88346991,953.0976557
3.174922456,55.37405531,7.150827813,109.2733883
30.68495315,502.3555633,69.35862891,1039.626975
21.94554088,442.1811074,49.54423765,863.7308062
24.7251698,380.7906304,56.50295725,772.364199
33.88632066,959.3365922,78.00559939,1923.246279
29.01329567,574.9331544,66.13983586,1200.127884
50.87151553,1898.673155,115.7466715,3483.194528
75.8610597,1375.812573,171.3237434,2738.105353
33.75496233,694.0051902,76.74731014,1469.098777
11.83337434,786.2755688,27.79625855,1343.266241
45.32088593,1337.076907,104.1361545,2552.477754
63.04125049,987.382485,142.7884727,1983.045907
37.63035445,857.243477,85.27878341,1611.588579
49.84893926,795.9440425,113.1306579,1629.28565
18.14471634,787.334634,41.38426775,1451.003948
21.92585424,408.088431,49.79782588,830.0837895
29.55001008,455.3118418,66.75146073,949.4413485
18.49927082,264.8879515,41.77774701,546.3743526
33.59154206,752.5971897,76.12157667,1455.006232
27.88328252,623.0459854,63.66124514,1260.327637
43.65151917,935.963471,99.23816311,1913.10359
35.43486198,890.4239759,81.38714399,1691.376595
66.33465317,1957.535097,151.0352112,3741.888558
46.78225036,1277.846022,105.5685766,2400.633566
17.33743869,295.5418504,39.16124353,618.5700775
51.22545995,1202.38346,115.9802811,2328.762923
19.47467973,297.6005312,43.94711521,622.3044889
47.78098983,1327.972796,108.5084308,2508.249416
25.93633748,441.5050744,58.72648668,915.6871731
24.87735173,516.0567314,56.68511448,994.7728195
41.29842377,1029.71288,93.09114149,1941.028982
27.43194291,676.4899614,64.68241238,1261.147807
23.00692963,766.3137776,51.81639918,1396.044471
46.81113295,716.42025,105.7165253,1486.785249
29.56230105,547.132683,67.06782327,1148.393791
48.98841199,902.9462768,111.2710924,1845.515113
28.91177436,488.3793747,65.17164956,998.7453274
21.41121964,326.7247731,48.39149208,679.0638612
19.45272749,350.7687673,44.11229077,740.168662
24.90981059,546.0469031,56.30082409,1141.635845
15.27400889,565.8770802,34.43015957,1078.686337
21.78908038,352.9290525,49.07761234,730.9506429
38.25285357,650.2117275,86.99182,1364.499197
27.4250581,6947.180606,64.32618072,11395.6868
60.53101117,1698.837683,137.4422796,3236.177611
73.99582801,1972.678015,168.2490315,3750.1885
22.05417921,3291.057005,50.81496486,5419.485496
65.90027143,1494.335911,150.1665112,2955.463643
17.61097328,342.2406492,40.5221067,704.2131886
20.66656296,277.6922993,46.67281768,556.0679849
21.38509792,427.4947066,48.34295741,871.2555494
15.87813508,255.2657212,35.98046054,510.8610206
19.26495694,280.039713,43.42108467,562.3725944
10.1922025,345.8894087,22.95839207,619.0826103
27.26136647,433.5195482,61.45863334,890.2797865
27.35125023,680.7748698,62.15979758,1344.783087
11.9585557,1360.91943,34.12353282,2960.623606
2706.141939,14453.82065,2910.416447,27232.24819
18.49759697,1893.844845,52.73689854,4108.076963
21.77937207,1628.560712,62.03268054,3422.590226
32.64357873,2868.359206,93.09486064,6044.473107
10.75633017,1894.684242,30.63464491,3558.643254
17.42849244,2045.875744,49.59833714,4133.683742
15.39728908,2486.128966,43.80384455,5033.620711
6.925437326,921.6304121,19.63888135,1515.494805
8.973371231,703.4959002,25.44786061,1433.036138
13.95190368,1236.566068,39.66402909,2357.853881
5.235704443,489.5783894,14.9365687,1025.661671
5.036753626,540.8492461,14.36309008,1062.896615
3.69753827,6850.382069,10.49851076,11167.33484
2.420522852,184.4955796,6.869673413,377.8868808
3.426342506,260.1900637,9.718666831,530.5523623
3.622902775,557.4202385,10.2824881,1005.282376
2.233483413,191.1728782,6.338066791,377.1057778
2.562127781,727.8892474,7.267988642,1261.528627
5.910381108,680.3434145,16.80394742,1346.391219
3.5331276,661.1514482,10.03231071,1188.385451
6.354769432,799.956722,18.12721905,1738.661558
7.604538286,1048.312317,21.70976149,2270.230264
6.524537122,911.8883637,18.58977377,1899.32616
17.45191721,3207.160831,49.80885034,6640.82666
22.83416722,1964.645978,65.02444442,3808.568268
0.80285631,191.2226304,2.2875916,408.3665053
9.546614678,1147.749514,27.23630461,2178.066117
1.57192204,343.8247278,4.470169206,638.3030763
6.495858314,423.0497106,18.44196079,770.540693
3.124955078,481.4882845,8.914176433,950.8412619
1.932453936,236.1610019,5.479237093,485.4967929
0.543342303,499.2058307,1.542126454,860.0573619
5.126238865,520.8570983,14.59906502,1098.427705
7.135976882,758.1019285,20.39673684,1702.191496
2.551273434,92.66979568,7.261409196,195.8347317
9.471541926,813.5034347,27.01007884,1747.693626
7.926804275,688.335859,22.58390859,1487.198898
5.877306092,633.9306168,16.76523798,1354.657769
0.233159098,9.866838953,0.662059279,20.14885221
14.19872575,1385.580691,40.43698835,2760.395569
52.87123598,3596.391036,150.3226169,7091.933018
22.72243118,1889.388024,64.67319674,3713.706574
9.710250527,1246.96099,27.59016975,2072.943313
5.775134553,439.1596265,16.41423777,973.1172707
8.120905195,698.7234849,23.11372024,1423.560402
1.787743564,316.1590361,5.086387686,639.9869946
10.13110509,794.0436523,28.78385089,1617.992051
3.8858732,398.7592732,11.03051207,786.6672028
5.511409797,464.4734303,15.65329917,923.4475164
8.322520589,761.966949,23.64420662,1626.719761
3.013212881,381.6173152,8.552799879,686.7725123
1.920565973,250.177909,5.481506147,544.8263308
2.803091258,290.3655156,8.00176097,636.821233
0.705337391,146.6982053,2.004667621,304.9802082
1.179882486,5037.099465,3.355866947,8222.706261
2.821085663,420.8941619,8.019456523,907.1792514
1.661263617,193.7247128,4.725507034,431.6035106
8.62639776,1058.432104,24.5116125,2125.372608
3.512903876,410.4861382,9.981127287,885.8599882
3.943827437,473.3952896,11.22305611,969.6422392
3139.540436,4411.664446,3157.313708,4998.875205
5.960744735,506.534896,16.94300327,1043.173056
8.139266647,565.9774772,23.13381098,1220.907747
6.481445107,491.3503134,18.41927912,1028.679877
6.379379994,418.3916537,18.10737567,889.0464306
5.444607228,590.7126679,15.56695029,1264.083245
1.843139105,210.0425644,5.227564006,359.5645022
14.2580007,1228.311975,40.44090472,2441.532606
4.977403342,346.0531738,14.1217869,692.72833
6.994445494,505.086014,19.86392495,1057.955972
4.155711907,1773.588494,11.80148982,3028.279658
3.283141142,554.2953608,9.316508554,1004.199515
7.593446513,971.1473538,21.5870485,1755.844588
17.64130681,1398.731593,50.19134003,2838.812547
3152.307524,4941.035114,3169.379085,5468.673963
13.46155766,956.4959787,38.18629171,1975.081472
6.546953688,551.7956034,18.57602363,1118.527156
4.203482645,1977.448262,11.91964393,3316.149636
4.144747912,414.042302,11.81914204,868.3927876
5.872553124,494.8164278,16.6754264,930.8941486
3.286082946,227.2342368,9.328031237,472.8123777
5.252014044,379.4953499,14.92562556,811.9086584
6.624343035,482.3174495,18.8179085,1014.139674
2.532828084,168.6760045,7.189928146,359.507387
1.826037477,3287.514816,5.187250419,5386.397718
8.682670393,633.2976878,24.69836456,1349.207408
1.153590715,112.1748205,3.293670152,243.8143426
4.655304531,375.6203972,13.24131081,799.3879933
1.414807375,102.4604576,4.019483719,218.5135116
7.214681206,540.174558,20.54443977,1162.18975
1.227835558,277.2875142,3.502301891,384.3670727
4.918615327,743.1970903,13.96037345,1378.187562
5.951577585,391.5685063,16.90086342,845.502259
2.905124512,196.3872309,8.249540023,421.3309566
3.703130658,841.4320508,10.51441652,1478.596394
4.533820951,355.2526386,12.8666173,736.6991677
1.931435795,426.9930727,5.504450961,773.1701702
1.866663772,261.0186953,5.301621793,476.4800966
2.292747838,165.3225683,6.511720561,325.2362874
5.978923723,2720.069886,16.98682188,4631.41486
10.31082289,1115.736889,29.27960429,1994.754784
8.540642783,1995.533338,24.24070372,3444.512723
5.252913852,407.9379287,14.89396153,763.3342572
4.050664423,295.271305,11.49670235,616.7827537
1.206079076,95.78503785,3.422184307,190.6756446
1.177419314,105.425499,3.344394866,213.670642
11.54483202,5845.689183,32.75869528,9744.31484
3.996520594,302.773369,11.34714649,594.2352728
81.56106717,7484.806386,232.1901249,13449.05352
19.15951973,2450.215041,54.48620416,4601.689844
4.897117609,430.0898573,13.96401886,892.4342857
10.85936051,846.0685698,30.92889531,1790.507622
5.201739358,414.052839,14.80318501,876.9719437
9.452777799,1500.291803,26.93643153,2878.768224
6.282043852,493.7725692,17.88990748,1045.748865
5.470359459,373.6630189,15.56554498,826.8311111
4.08317125,274.8118151,11.61921455,567.6796281
12.11029467,979.9285003,34.51090554,2096.450325
2.208068722,2062.213289,6.272595082,3385.27813
2.180851616,1093.521883,6.187909483,1833.093511
3.115990817,245.9013529,8.843479638,464.2987808
3.23101208,364.4224373,9.172308205,713.7458215
6.103179081,869.5932555,17.33842578,1617.768448
9.957802682,485.6941145,24.52928819,989.4471221
14.67762866,524.2585908,34.78268118,1005.604869
37.92350125,666.7708435,87.0603769,1339.767328
48.46959934,894.9750019,115.204777,1841.183574
20.39241633,773.9842274,46.28239805,1590.970939
16.70761181,279.877623,37.84254739,567.4388904
53.28141284,1331.943583,120.2898604,2491.376209
28.31409451,936.3722431,63.89405223,1708.124824
23.91663707,687.2070137,54.04869565,1392.395507
29.01741114,894.6942875,65.58133753,1639.701938
35.72492645,1125.659147,81.29260711,2208.993316
41.35500326,2896.094505,93.66886338,5115.306558
2.014136461,255.5635175,4.99179373,467.964564
10.02094196,554.9872707,23.61691661,1056.966695
9.730654131,660.3902605,22.74782637,1129.369609
9.147477248,6766.763524,21.26200297,10988.38584
16.5177299,595.4837069,37.63349833,1221.433223
19.15763599,486.6079899,43.27455022,1036.216431
27.82643411,1019.052317,62.75630596,1962.170091
37.11742365,978.916463,83.87193976,1886.105771
51.89811458,998.0218825,117.164853,1974.596338
29.59937974,390.170024,66.88539077,811.7901185
7.543920392,236.8611536,19.11636296,506.9844019
3.908538306,108.3436246,9.089320284,200.4058396
4.340551629,197.2924418,11.17830009,361.3124238
23.0886281,486.4248819,53.70476772,977.5757082
13.21626756,197.8803995,29.83247475,406.2616344
41.30671171,718.2334291,93.74717316,1434.858956
25.00105088,404.0851998,56.70486472,850.4912221
36.71146213,635.1257409,83.44701631,1253.504768
70.26915087,949.2972434,159.0518685,2017.796467
34.3487935,1161.228447,78.21139956,2121.918425
32.51981817,470.0243856,73.32346414,974.1868273
25.55663011,312.2601855,57.71987127,655.9178994
24.46264696,322.5741167,55.13918454,689.4232918
21.75658767,296.7972161,49.07052001,617.4410457
30.56966289,1017.418907,69.25394216,1891.793317
28.30835037,698.4180298,64.05671654,1321.331596
33.13953414,401.4883687,75.20564433,843.4916024
37.28944261,126.420193,84.08628827,242.6450267
10.16266228,1570.436376,24.72830599,2643.049181
13.85016311,696.5468433,31.63810122,1432.468425
26.84105573,374.8631864,60.58239846,812.6490697
59.75447235,4561.028417,135.38222,8019.02315
18.17454771,447.5820362,41.25311074,872.6869906
45.79625546,660.5280339,104.0568521,1396.061234
0.755927751,52.6191052,2.067376135,100.0858364
3.698766278,128.0683673,8.479969979,234.2436176
233.6944051,1114.739375,236.4858086,1551.997155
14.81124661,591.0780024,33.56002377,1172.550242
158.5568346,6652.072993,292.6358586,10771.9691
20.82267625,480.7489026,47.30473617,1016.273979
18.65869963,741.5020331,42.12872053,1339.720351
2.686798371,135.4748553,6.165071601,266.1052518
624.8121214,2069.619811,642.8816099,2717.826959
18.84343064,374.1870569,42.7596406,792.5008144
25.8601588,852.5480908,58.69120913,1740.859159
26.2811048,505.9637142,59.58885671,1074.668904
29.53860164,2826.877678,68.27034143,4733.901932
30.35109216,642.5691469,68.82913298,1346.992719
27.32587766,2370.060366,61.98115743,3998.066649
62.55524979,2225.629181,142.6656572,4098.68312
98.31194149,1619.034231,223.2683637,3398.206318
27.19081334,469.0540388,63.57457209,949.0870082
17.11740961,254.9389632,39.03508595,545.308791
37.02908717,507.4385408,83.8787168,1080.43522
37.54176822,806.6991127,85.31656189,1629.330041
54.94633587,2351.73007,124.651338,4267.13266
27.23063784,1188.531194,61.96579921,2146.592501
47.81871919,1515.821289,108.8507614,2789.227947
19.23977765,556.7116957,43.88338221,868.5552565
16.62215047,865.0686684,37.71887259,1324.641119
27.33457712,1090.85998,62.0033778,1869.038187
17.59893293,328.6754069,39.78652858,602.171764
11.19247062,179.0870551,25.26816473,365.5390705
11.25734534,306.934689,25.44456963,583.249213
12.82328049,158.2082047,28.92525304,334.6880983
23.81146536,298.2162741,53.67598074,637.7258623
13.15287224,183.8625728,29.65142275,368.5752417
23.97669184,374.7005836,54.12545784,779.0034327
27.04631072,496.4521941,61.27970104,950.7081598
32.78508312,639.0117826,74.52676658,1118.939914
38.86818871,3551.618826,88.46815149,6066.040862
37.77120859,504.0755679,85.63958498,997.5753915
31.23045987,473.3247944,70.62248581,967.3126658
23.80778527,495.7145344,54.09964805,928.9408782
25.97275499,791.0790948,58.8263716,1468.704932
23.16618084,590.7953223,52.91869619,1111.546603
62.53054059,1045.346792,141.3805992,2104.109733
31.14804889,491.1035003,70.22597092,921.6825356
14.2574009,211.7565004,32.15986706,451.4322245
11.19544773,143.8239463,25.29311285,302.1804036
19.97439067,258.5008979,45.11022755,550.6039851
31.00753026,418.7180817,70.02940211,892.1494185
34.65138474,488.9496646,78.167344,1034.027905
16.52209173,249.566508,37.41214515,518.3248065
47.12179959,1364.709959,106.5278895,2516.103915
29.22464338,344.5713694,66.13803292,731.9940477
25.96852517,955.6783497,58.79628451,1759.441859
27.13094146,539.5993591,61.24636443,1153.748083
34.61382142,1299.286399,78.08742269,2313.312926
31.79199954,2015.505449,71.93798614,3442.797806
18.27706569,334.911061,41.17211814,714.160176
5.432849198,804.9582844,12.33051341,1345.712714
27.52947409,1302.524982,62.08130657,2251.122592
33.47426109,1208.217388,75.54896838,2151.626711
30.68686202,436.4059418,69.27670409,926.597329
18.1845399,436.1019715,41.12229904,830.3423475
24.11260661,315.2181546,54.53162719,674.7897576
16.19630548,781.2626108,36.68413259,1401.709237
7.233269116,125.9927552,16.39461639,246.3559847
2.089494299,127.6767209,5.976844275,286.7752708
4.355749237,293.6521406,12.45929605,588.2916874
2.285580451,227.9471947,6.537732395,471.9442822
2.446951323,103.5106052,6.999322195,217.9465194
0.184239677,15.96953595,0.527005482,26.71097899
0.438997623,47.215638,1.255720668,82.77737816
0.99276358,118.3966567,2.839727833,263.1505496
0.144968972,13.24948674,0.414669459,22.38131361
0,0.336554278,0,0.805437811
4040.854171,13784.16874,7439.124464,22500.36874
0.255621829,22.39338107,0.731189046,43.6423493
1.576172347,226.2831975,4.508521954,440.5006786
0.936277706,81.23208149,2.678150582,164.2759174
1.859508694,141.136893,5.318987815,297.491552
580.560496,1520.324626,1236.799172,3206.304623
1.472786317,170.7269087,4.212792157,321.4366424
1.672621844,125.5180623,4.784413752,246.2471877
1.832273457,255.9971002,5.241080992,465.9762748
1.628342828,204.7334998,4.657757223,365.6427461
0.90304299,81.12910902,2.583091811,160.7880604
0.737650059,1034.04355,2.109985105,1672.102669
0.978585253,84.88282144,2.799168715,156.2511218
0.797724427,73.21761776,2.281830473,138.111543
0.37387361,35.47480487,1.069439094,66.74656369
0.911357547,115.104275,2.606870235,197.4200541
16.17853835,1404.014162,46.27745309,2719.194512
18.13530198,1310.944723,51.8745683,2746.104718
86.00334586,6890.463599,246.0054998,15092.15822
6.637222522,717.2894312,18.98526537,1335.266756
11.0384226,670.6475515,31.57458271,1248.765859
13.57210999,977.7424921,38.82200864,1854.881035
22.99211843,1216.52562,65.76718237,2350.526956
17.09921156,1267.295214,48.91094308,2528.984284
13.32137344,1127.198626,38.10471911,2065.47162
9114.144441,31734.02498,16784.08945,51995.83171
11.18563528,1513.432599,31.99562815,2692.202714
27.05051961,2826.700373,77.37588881,5576.751201
21.35536439,1457.046532,61.08529174,2901.873546
3.914623283,479.7101668,11.1974644,861.6818899
16.65187707,8639.645397,47.63136933,14365.3444
26.73571202,3041.726388,76.47534315,5729.943603
27.26784184,3176.910709,77.99744785,5977.897907
19.46287343,1511.152958,55.6719858,2935.165729
10.97525787,695.2995678,31.39383159,1471.744914
11.64179532,1077.67795,33.30041882,2051.087302
11.67031756,1401.270947,33.3820018,2620.284011
10.9645515,631.4304919,31.36320379,1284.081904
10.56977562,654.3749751,30.23400703,1309.673141
10.97862314,849.1623955,31.40348858,1646.043603
9.627930516,913.1137195,27.53992642,1742.799972
6.307971433,548.6424199,18.04342115,1104.85254
2.361973148,143.1601201,6.756242341,293.9924538
10.63179869,2144.655853,30.41140731,3841.119582
12.83999422,659.3611965,36.72778049,1394.197149
9.209137849,1433.602734,26.34200171,2568.40394
8.745870338,500.8665992,25.01685758,1032.771602
7.450965547,480.8050379,21.31289002,1007.654676
4.784539577,275.8261038,13.68579782,551.2897258
5343.437283,13189.94294,11379.97038,28010.81084
4.131802406,552.7638191,11.81868968,995.853937
5.416421138,494.665881,15.49324003,944.1012857
6.454247061,559.1884638,18.46182952,1109.529292
6.571517133,658.8292542,18.79730027,1257.26085
33.25553301,1099.292874,75.73677744,2297.526747
12.61049738,537.2558581,32.09036855,1086.907682
41.31327517,922.104288,98.31806686,1847.412538
40.1807271,1549.635574,96.1794877,3115.240879
23.0692741,915.0529489,58.1817111,1901.181141
31.49948561,1257.967968,70.08902795,2469.803816
12.17111035,404.346172,26.87545596,718.8405505
21.50415963,859.9133599,48.67383443,1650.981473
13.19085203,356.5085151,30.13642594,680.5586791
42.59873668,2169.29158,97.67929417,4363.765174
20.90062658,753.9505346,48.86532846,1401.091699
26.75039987,741.3064298,59.09230791,1442.889503
14.72491762,400.3511113,32.62683183,675.0152927
11.7613993,311.7407022,25.76708187,621.9608351
9.404510664,388.7919202,21.20957203,769.3919834
19.6442953,1902.826847,44.08314762,3250.079174
25.62080621,1333.711902,56.6058223,2258.377012
18.53036129,596.1050522,41.07876333,1015.281966
16.05519013,503.5858646,35.85102419,973.3672157
44.53674834,2114.478537,98.73328232,4553.611582
4.079411716,243.2291086,10.38760926,490.2875283
6.289058205,178.9222246,14.53508864,378.4584673
13.03339205,239.0882575,29.780711,506.4362079
8.29021952,430.6563882,18.53530049,864.8291547
2113.025873,6057.72268,4500.724975,12588.03825
26.94513882,726.1048883,60.43141325,1491.795277
0.996303716,2459.065493,2.570519945,3980.273175
0.740385868,129.6772401,1.792949426,192.1083855
3.210168829,141.5573804,7.275618537,249.0181163
2.494298606,170.8570659,5.479901741,284.0318163
3.372237249,71.9051417,7.327848473,149.926728
14.75860079,508.1392631,33.53306954,954.5081423
14.39776804,385.6146369,31.99184911,752.7556311
10.05589344,503.110471,24.90970211,1000.12196
26.8540816,777.8951951,59.6904168,1590.956899
29.94007328,1638.649724,65.81327583,3017.220268
2219.490614,6185.950464,4726.802146,12988.60274
22.53381211,561.3565605,49.5486209,1161.150788
22.86437985,829.7946516,52.84715879,1594.417288
2053.832616,5268.249841,4373.312398,11153.18194
40.67954336,1059.573149,90.29361187,2190.609074
19.4446873,712.1665156,43.81843383,1346.59721
13.94197343,779.1977354,31.19619604,1367.725361
14.90456924,1220.160224,33.10587137,2099.674025
21.67286784,1194.275139,51.2938683,2509.054396
18.5359183,548.1531315,41.76750691,1093.160495
10.76963099,782.9488912,23.6850775,1365.912507
33.91480588,964.9808376,74.79913395,1990.385027
15.67949555,360.6078083,34.41490684,732.0483372
11.93445482,327.2939285,26.20288959,658.0787358
11.48325077,658.9016952,24.84086768,1160.916996
7.686850804,157.4878097,16.62243925,328.2899324
25.21257886,1683.502763,56.31718378,2973.957204
11.06584445,875.3686318,25.72808165,1664.040777
8.339215925,200.4936777,18.11082482,415.0277808
6.362212032,756.2111162,13.88331731,1280.325654
12.51320282,695.3511793,27.61123685,1262.693311
9.912048546,210.0406481,21.53600484,433.8507939
19.07146611,460.9945908,41.57658119,942.4217107
17.74026257,439.0112902,39.2261007,886.2866816
15.25401034,544.1138182,36.38400214,1092.789493
20.31177008,403.680534,44.64148303,837.7352444
18.10406624,542.348768,40.21860726,1117.821946
9.51691474,313.7337574,21.87285405,646.4054366
25.26090978,831.3247405,57.78911459,1631.68635
10.48270723,338.1160417,24.76844692,667.1369865
29.65942117,823.7719515,66.95307586,1655.921934
24.48196228,7162.708263,54.42165873,11767.69202
34.90050695,1708.982002,78.06393687,3170.761683
18.03571692,518.0229923,40.87240978,1059.519798
19.24840252,610.1396565,44.7138317,1060.159352
5.682685988,3022.416952,12.53259544,4915.983744
8.142776796,491.3945177,18.28413266,899.2402646
1.653085055,77.12466969,3.603483301,110.1827812
16.63707468,697.3789175,36.81294706,1240.281836
9.41726823,300.6172767,20.7917904,554.8893521
10.81219112,448.4832746,24.04315688,767.7541358
9.366131524,250.5024551,20.43562176,482.7808153
6.082976168,318.8202002,13.21282632,568.1520094
7.031828365,181.4232412,15.31907731,360.0263328
11.72524127,3115.470601,26.87640971,5100.35388
17.71446943,489.3828778,42.74909774,1004.203637
2126.740446,5727.826821,4530.388858,12148.55758
15.7790506,389.2894584,35.09071782,783.9026135
26.08882553,698.9994019,58.57100527,1464.697667
22.94005849,546.462627,51.47752566,1120.144613
16.31699361,452.0078914,36.39196214,938.1381312
26.86148416,608.0378262,59.8643085,1276.631438
15.73300573,410.0717271,34.90901458,835.8729067
20.26936531,540.303966,45.56409076,1123.396682
2103.369185,5861.385664,4481.825539,12261.78977
10.62892466,551.5725753,23.68671722,980.5382403
48.88289472,1717.374544,107.7995494,3319.18263
12.04609769,347.8131828,26.54332502,720.0575232
4.609932192,131.4031745,10.21234349,262.9686012
3.843729566,170.3719353,8.504729432,343.7430776
27.49690995,719.4969559,61.67379912,1407.084359
9.533039499,328.3671527,21.29318928,657.771431
29.74363183,992.050773,67.11120375,1964.90012
13.22278086,590.2857256,29.26857193,1119.027054
12.02744839,742.5808016,26.49352863,1370.327083
15.6151394,425.3391848,34.68745686,875.8037075
13.49406017,1080.195544,30.02490617,1857.707393
10.54226064,607.0177204,23.45100771,1109.735319
10.48518442,610.1944649,23.11680192,1106.644994
11.25978502,289.7643726,24.60601686,601.0744309
2197.691422,5769.101561,4681.785825,12221.0721
9.14592536,898.5854413,20.26444262,1537.48786
24.8453663,706.6017832,55.85431654,1486.04282
19.62417544,523.3319887,44.013838,1053.19729
35.09552098,1648.510352,77.41797836,3091.516493
10.74198391,1072.788016,23.74864895,1853.498541
15.13902746,3812.535886,35.87338392,6345.351223
23.66442032,2754.672797,53.31441541,4760.517875
27.86756876,1156.76915,62.40213632,2192.777239
9.485772427,270.9090582,21.40680961,545.8232492
27.43223557,1000.066972,61.57811417,1891.356885
30.84642095,1414.228903,70.23834742,2723.721514
14.14732167,557.5593062,30.97156768,1042.71434
10.2162417,511.2184655,23.13078133,821.8637256
7.480909574,266.756637,16.37441021,482.1018486
4.898076383,122.6988941,10.73315117,238.6589221
4.999969225,217.0317328,11.00105408,402.2449119
2.100126384,47.70915046,4.593876941,89.13750912
3.506038684,669.3899958,7.628220061,1108.423305
5.637675066,106.8391309,12.20206935,196.3511009
4.634874331,131.6584063,9.985533109,243.4414683
18.48491618,538.8841127,42.08893665,1091.683357
11.14762175,439.7760375,24.70730968,953.9691314
19.526924,410.5741977,43.11769367,854.3561453
20.2041395,852.1242105,44.20484368,1581.075269
21.5205194,606.2337506,48.08926547,1235.822427
28.91082933,1018.8126,65.16842517,1996.182063
36.79425097,927.495331,81.3363916,1947.642357
18.22272134,413.4936477,40.34901038,859.1330774
2.284393432,66.95349301,4.922147275,117.916112
6.303537532,241.9632718,13.56981476,435.1222509
2.972612369,73.74311773,6.388057659,136.4497413
6.779367957,148.643992,14.61366908,282.7434544
4.071622627,114.0199177,8.761170729,219.3395267
2.658378115,80.0673791,5.764036414,142.9381974
1.982623165,52.78573243,4.278898487,96.02959062
3.677019575,80.72810022,7.916140207,153.0583206
2.686017301,74.83519038,5.785096743,138.6105742
0.945798394,35.32782458,2.045341819,59.15301544
1.514447141,47.78357144,3.285132249,84.10970691
1.924241283,65.36031043,4.166117936,119.8121519
2.132927902,64.53233647,4.589732521,117.5570912
3.491924243,124.5143727,7.545504107,232.0572858
1.660631079,32.40415236,3.610108732,65.44576551
1.933911468,42.52923055,4.174515884,86.31479308
2.201097796,41.22846984,4.755109946,83.35818917
0.853542072,19.17300238,1.846892855,38.32758569
1.449879014,33.36531824,3.130578493,67.62192039
0.718925226,18.22546301,1.562816065,35.7788542
0.510359119,12.98324405,1.124601657,25.23562474
0.715484591,17.94193132,1.552132863,35.6894623
0.575189221,15.34986369,1.272501292,30.39805
0.495862601,12.65621831,1.086756878,24.57240798
0.5732054,13.9950357,1.257395339,27.80261163
0.762388739,19.77243049,1.66329116,39.1297002
0.975226669,20.57600574,2.114764821,41.5296291
0.390859954,9.699850503,0.856936206,18.5224705
0.409878511,9.810500866,0.891002335,18.89641351
0.62474593,15.68312012,1.352658305,31.0662868
0.289844587,7.059502976,0.631404196,13.09890628
6.482388253,1837.10739,15.0773598,3072.099253
3.614530492,79.56946939,7.823771358,156.4778396
5.260084623,203.0565983,11.57410707,380.8243654
2.7482587,67.365252,6.028536372,130.9711606
4.633458403,116.2728516,10.17391278,238.1058242
4.087375653,156.7965597,8.941100061,293.3761573
1.927882138,123.8897608,4.238966828,215.6843372
2.536766275,64.57965923,5.537766754,124.4425901
2.379166889,71.00221459,5.212950409,137.5089198
2.698618101,79.96149497,5.926388543,153.947614
4.348799391,189.8720518,9.510411216,342.7332347
3.582826269,92.91062847,7.803837378,182.2392187
4.739724161,304.5314524,10.44398004,538.5041712
3.646405605,172.391451,8.102496547,314.0811516
4.604783296,128.1408095,10.14123318,252.4016902
4.586591134,116.2787669,10.02181366,229.6526933
6.60184619,191.0863458,14.45069417,380.480218
11.2045182,1262.260315,32.04967858,2646.372421
8.772576423,570.3238229,25.0932865,1155.388988
6.58499256,869.5513728,18.83585194,1634.577199
2.463497784,195.5163016,7.046645787,378.2506569
3.297250266,289.7435151,9.431541614,529.8104786
2.515304221,654.4341534,7.194817484,826.9283939
5.779150254,666.5642891,16.53078853,1288.824719
3.136040614,262.3776183,8.970402374,520.6884506
3.234992164,799.9750216,9.253441815,1388.19525
5.707373503,1646.432165,16.3254866,2818.526712
4.881961846,2727.796412,13.96447927,4448.385289
5.192600281,876.7985276,14.85303207,1529.474302
8.007843975,1093.494725,22.90577966,1980.685777
8.368524396,1087.676374,23.93750708,1915.361617
10.22053391,2747.888103,29.2350445,4645.161594
9.71984832,1238.658512,27.80286916,2220.035923
9.190509298,3560.483152,26.28872551,6038.290979
8.982675013,1110.682879,25.69420975,2108.381945
5.672742461,616.1521758,16.22640882,1179.734276
6.017095406,676.2379405,17.21141925,1285.824288
4.546882709,496.6306922,13.00599052,964.7710386
4.326801787,411.6368101,12.37645432,786.8246375
4.059611097,423.0789159,11.61218746,811.759405
4.941604396,520.0826132,14.13507814,966.5047331
3.339270292,289.0227643,9.551702826,580.0422553
8.533447553,773.5460965,24.40924655,1474.398644
3.713788804,376.020807,10.62299568,760.98907
7.145558146,759.3699948,20.43931142,1377.817368
6.351604883,812.7192601,18.16827567,1533.595256
3.154889069,743.5361564,9.024292712,1278.449109
3.584449748,482.2909733,10.25301649,870.4093533
3.118995959,224.1009593,8.921640907,447.8824833
2.92990735,425.4481417,8.380775,801.5678019
3.112644754,427.6181514,8.903460069,790.8288606
14.25187016,1456.592497,40.76635456,2754.114344
9.949942796,1020.415777,28.46099851,1921.764649
869.6738303,2597.341794,1608.108216,4480.764596
8.037005189,903.0808206,22.98919089,1708.467648
9.864868676,849.0648192,28.2176566,1668.511936
7.5301547,714.6243317,21.53939582,1379.357467
9.099725589,782.4070335,26.02902958,1558.905085
6.678455918,823.923363,19.10317791,1583.422491
3.932299919,1003.406316,11.24803691,1715.4125
1.393510736,117.1319402,3.986014316,230.2389712
2.436132101,200.4874039,6.968361794,392.9870829
1.547856965,447.2617449,4.427517589,745.5137067
4.405909444,580.9231556,12.6027416,1087.454213
5.610466693,551.7808633,16.04828088,1069.993264
3.541587183,428.4188849,10.13044266,793.4019281
4.14057235,477.5373345,11.84377339,890.005708
4.550830024,599.6927802,13.01728526,1048.465336
5.444540405,474.3406514,15.57368631,969.2668661
6.714113959,1431.845832,19.20517909,2554.246838
3.958181253,307.8504697,11.32206714,604.5765081
2.616286694,233.6043268,7.483664099,442.2424115
2.515558116,368.016965,7.195553183,650.1810713
3.086427772,254.8218962,8.828486874,488.8188994
2.667180774,392.325489,7.629238426,703.5610942
2.177326146,380.0118789,6.228068851,663.2898757
3.852272144,431.3865738,11.0191046,808.0157303
6.016481612,806.8202915,17.20968377,1543.468189
3744.020239,9794.998121,7974.345485,20633.39313
2.10145607,178.5256521,6.01106038,371.3614202
2.228210039,152.1867817,6.373620165,319.1566675
2.643408464,393.28356,7.561251039,729.1987194
2.162200306,757.0266118,6.184799197,1304.227672
4.087808277,293.0789614,11.69282358,615.5749988
2.546048629,356.1534978,7.282763905,648.3649481
3.252942407,226.798628,9.30478853,475.5335064
1.769713617,145.2427471,5.062118886,303.8134546
4082.219158,10780.81967,8695.648691,22789.71976
4.54963391,348.6376288,13.01384596,730.9731031
4.239483279,665.6498414,12.12670151,1208.346428
1.61652795,122.4453829,4.62394607,255.4612643
2.437807591,712.56299,6.973154257,1211.513607
1.682781145,126.6228477,4.813448568,263.1438446
6.12702363,772.6735549,17.52584782,1468.320517
4.498625804,605.8542452,12.86793942,1123.49814
1.6613494,248.0569574,4.752155579,479.0921823
3.842819787,997.2489001,10.99207363,1750.863029
1030.618201,4150.471209,1901.654333,6922.877026
2.069670796,804.0431571,5.920132051,1428.882334
3.417739874,302.6149011,9.776148077,601.6362965
3.518799604,285.3269041,10.06524327,567.9891435
1.771182002,327.8322727,5.066314642,608.5160833
3.747662882,925.0161564,10.71986723,1642.114936
540.4883207,3077.59977,997.0323852,5121.191236
3.876492408,523.2118992,11.08840063,967.7530809
3.559764004,191.6657062,10.18243539,387.3293916
3.185272132,208.0212717,9.111232502,440.9162345
5.418003468,789.4287954,15.4977661,1585.701773
522.989994,1475.637517,1115.416054,3106.839786
1.245743441,137.4811112,3.563342015,263.4857026
1344.810194,4216.628395,2642.802154,7460.832305
1.386994663,146.151965,3.967380131,283.8768989
0.778957027,141.8268902,2.228145652,257.291762
2.694642189,649.5634906,7.707805634,1150.091851
1.94666702,230.8681022,5.568286863,435.5236573
1.765149794,155.9582859,5.049068216,300.9009508
2.040102619,224.9825023,5.835549354,431.569424
3.096142087,376.3060441,8.856260165,721.4615817
1.733161397,855.1530468,4.95757481,1421.965232
4.999879631,1451.588594,14.30176023,2423.4719
4.392097206,312.9322385,12.56323912,568.000567
1.558199799,1126.093516,4.457097934,1860.916263
3.765784917,674.5965352,10.77172839,1189.031303
3.236420191,782.0928395,9.257514638,1344.761385
4.670856814,465.2740169,13.36059852,884.1384413
4.712725733,484.3332511,13.48036421,937.6788347
5.636171528,627.8431851,16.12181362,1195.01532
10.01870563,1406.152418,28.65770897,2568.923299
2.318001259,1689.13398,6.630464182,2750.918935
1.262435481,185.3663384,3.611092372,338.411752
1.647168743,154.7365213,4.71158718,289.1466807
1.195553293,330.8182434,3.419779831,573.1595051
0.847655029,238.937168,2.424651093,418.3467462
0.958448002,1545.884613,2.741566977,2536.581318
1.075769178,685.0803383,3.077148267,1139.954277
451.4468229,1242.746819,961.6972369,2597.964108
0.908204379,213.9959166,2.59784317,383.4662534
3.646295561,387.2910665,10.42993367,708.1056247
1.093229609,289.7882028,3.12709613,503.3308102
1.303591924,158.0872084,3.728818475,291.2457702
1.238912852,96.90671431,3.54380833,196.7345233
3.13525112,303.0541325,8.968129462,570.8188506
5.788224987,467.9326343,16.55676942,915.5223415
2.084643799,263.6193751,5.962950154,470.181868
2.239732489,258.264428,6.406572419,479.4440413
5.377830902,450.3813851,15.38287093,896.1718856
2.980717828,384.1265505,8.526095746,706.7337518
3.790925936,266.3049599,10.84363654,517.1078378
2.328245595,330.4005231,6.659747122,570.9479823
12.89744304,1589.720203,36.89209286,2968.191162
6.148993839,439.0903209,17.58869864,903.5520866
4.390445293,575.8615751,12.5585274,1038.552701
1.485995915,162.6175905,4.25056533,335.4169617
1.03575412,247.4487625,2.962692818,441.4683062
1.10279369,102.2153315,3.154448187,199.3923777
1.597479784,175.2608317,4.569462266,336.1009719
0.786909659,176.5747703,2.250894479,312.7320219
1.600309409,190.0323479,4.577550618,359.9041194
0.786550805,137.3897037,2.249861801,234.5954666
0.588854816,116.3579071,1.684370086,207.560588
1.189327236,82.48494683,3.401978136,168.6304379
1.045389041,76.48705061,2.990252992,160.5602168
0.892371333,65.5677703,2.552556747,123.5394441
0.732976303,126.7773644,2.096620688,232.5030986
0.63234021,46.34997764,1.808756785,96.7332133
0.41269988,21.53959876,1.180492993,44.71444477
1.393671561,88.31547224,3.98648529,172.628646
0.251891207,16.62961078,0.720516878,34.12064729
0.872978152,80.74660906,2.497082001,150.3236419
1.431621965,154.5553999,4.095035316,291.3582315
1.188053638,84.92623028,3.39833129,175.9591634
1.144850742,75.16818804,3.274751552,157.2811306
0.65168394,84.54598938,1.864094684,155.6749527
0.493614332,30.03421726,1.411941098,62.374239
1.083101434,72.85114825,3.09812412,149.9869777
0.612448951,82.47177652,1.751856032,149.4075448
1.67651267,119.4970858,4.795533429,253.3870635
1.0128285,76.59668378,2.897113835,157.787061
0.713660286,46.92291841,2.041366184,96.34876408
0.670487121,48.80389453,1.917870283,100.9300724
0.793295769,100.7903404,2.269158289,187.1046851
1.440770044,92.13589833,4.121208584,191.8769781
0.508026747,40.34258022,1.453170449,81.49643975
452.08183,1140.572012,963.1896045,2418.630849
1.184317987,92.48676317,3.387641365,192.27005
1.985769121,506.9075146,5.680128165,898.9956379
3.60231096,250.0726237,10.30412498,494.403081
2.097505084,325.2004845,5.999747658,580.9799982
3.501502297,1107.966915,10.01576102,1902.629798
4.531000873,449.9036911,12.9605522,878.0642694
1.531675332,183.1958741,4.381237666,326.2777024
3.667308678,390.5293534,10.49003765,755.3533265
1.474583788,134.5923747,4.217929888,257.6762864
2.5303184,309.1789167,7.2377653,572.6393047
2.014501312,184.8210388,5.762321958,351.8981921
0.924628438,90.31452928,2.644825151,167.4696126
2.677482146,229.9535413,7.658715067,438.7843579
0.972898763,143.62197,2.782897345,253.8864687
1.222669268,131.7362193,3.497333035,214.9725648
3.151100347,402.1876449,9.01346802,752.9691134
3.73380515,827.0229225,10.68024585,1476.363969
2.033080918,161.871619,5.815465462,312.3901042
2.553649922,248.1406132,7.304517384,489.5722223
2.75158118,219.399138,7.870679547,435.7965345
3.73621006,323.8752277,10.68711591,656.8769676
7.71386408,714.23831,22.06487773,1425.406199
4.253427188,438.4561143,12.16658216,838.6421877
1.535068021,169.4377581,4.390933128,333.8074361
1.077196395,48.8302257,3.081231169,93.10062307
0.966698733,82.8320481,2.76515892,156.9868411
2.303037379,142.3860928,6.587658176,304.35373
0.579131963,43.9803223,1.65655549,84.69580662
1.545575855,279.1120499,4.420991909,502.2448479
1.308217582,203.0382188,3.74205286,365.1613359
0.819276807,174.2491252,2.343477764,307.5589018
0.632434932,45.1301912,1.809031703,88.93173174
0.99245439,66.76287979,2.838831047,134.9584295
0.854867089,147.2017413,2.445278344,261.2904761
1.223336855,139.9605168,3.499256388,261.9810304
1.113000953,73.17722844,3.183655594,145.5772712
0.838498855,125.5027761,2.398462208,229.370207
0.887970926,162.1195542,2.53997208,285.278529
0.77941992,43.64173619,2.229466006,70.89903537
1.587310265,199.5209014,4.540370426,371.7733995
0.801913169,67.76060952,2.29381383,116.2754014
2.047840993,363.218498,5.857677607,630.9692129
1.070267537,100.6479729,3.061409052,183.5321282
0.97942032,122.5389502,2.80154454,226.7689808
0.750929803,44.56732509,2.147963034,93.99315436
0.340466033,20.66440424,0.973876791,43.51145744
1.22510582,66.14964779,3.504315203,139.5282913
1.157791366,179.0150421,3.311759847,256.5083681
0.423703838,34.22298553,1.211965639,61.37651291
0.89824178,73.71478616,2.569341983,141.0787279
1.026170103,39.17553167,2.935286217,84.71203439
0.088784498,63.65098547,0.253962937,101.9217522
0.036287441,34.19378899,0.103799064,53.37475887
0.080347366,5.930574843,0.22982959,7.798839739
0.078284957,3.912664322,0.2239265,5.232743002
0.045637092,3.128484742,0.130539248,3.902620081
0.051875567,4.211579346,0.148387829,5.218881323
0.07599985,3.226392286,0.217391486,4.321682674
0.277386328,5.129377913,0.793440715,9.935117421
0.121105664,3.918777216,0.346413259,6.074689516
0.109545929,3.793784663,0.313348052,6.097096534
0.189474166,12.91932544,0.541973763,22.97539739
0.0817072,48.10327272,0.233717095,77.15839696
0.080407356,43.09169543,0.2299966,69.26642054
0.151643649,6.936739358,0.433762289,12.02959724
0.075382431,2.532080681,0.215624615,3.823831628
0.072787719,3.822449565,0.208201978,5.596567734
0.037805223,2.812966783,0.108138326,3.580127778
0.048918188,5.752639762,0.139924731,8.047521761
0.071334937,8.477088732,0.204046059,12.29781083
0.10493275,5.858568155,0.300154662,9.220095031
0.074809011,12.14383778,0.213985163,16.84522951
0.14470608,12.99096372,0.413921118,19.9764172
0.126156786,10.30030987,0.360861524,15.86718835
0.077995065,6.463235086,0.223096544,9.443429221
0.044133091,5.699394656,0.126237122,7.357105958
0.210198424,76.56785726,0.601258296,128.4292039
0.16510634,6.674480567,0.472270735,13.74319347
0.06925482,3.591746111,0.198101133,6.77436298
0.092832231,4.170087348,0.265542836,8.096580138
0.13031123,3.176383789,0.37274721,6.464537291
0.081537484,3.842118477,0.233230805,7.638365385
0.066134878,42.14665702,0.189175417,70.79060871
0.075542301,3.0573921,0.216083235,6.036296016
0.112906974,34.10992856,0.32296322,57.39869684
0.091359704,4.071461873,0.261328712,8.008995426
0.062804822,3.300636432,0.179648459,6.141909778
0.178123615,6.398270829,0.509514757,13.63962282
0.075686186,2.562250533,0.216497622,5.120028307
0.122029401,12.36507965,0.349053812,27.33636738
1.010550091,37.65168678,2.890603607,86.5511238
0.144959192,6.951323487,0.414646711,13.92838753
0.206242227,8.439547527,0.589941161,18.31827419
0.05127756,2.714826486,0.146677431,5.022712919
0.145279775,3.858672256,0.415565054,8.772181877
0.055523558,1.379096554,0.158822012,2.89436584
0.070729609,67.32164758,0.202315084,122.9738752
0.034372507,60.57237,0.098318689,98.39554423
0.02123481,0.681974629,0.060742554,1.251108884
0.032535985,1.688666633,0.093066492,3.217605401
0.035493164,1.11993955,0.10152378,2.210766473
0.04635172,1.817765231,0.132588448,3.693846379
0.052529728,2.073052387,0.150260861,4.165593706
0.205829064,8.206444887,0.588754558,18.10940058
2.509238931,88.85962345,7.177485958,210.5323029
0.059322458,0.98952438,0.169688559,2.123021618
0.210791068,100.8691731,0.602950708,103.2435187
0.068053133,16.19407217,0.194664108,15.39013248
0.088811528,31.58403574,0.254036551,30.56479513
0.041663711,15.66783869,0.119175802,15.28662196
0.071558573,21.7670545,0.20468594,23.30335425
0.056485301,12.93240956,0.161571172,13.68926141
0.073737163,30.20744075,0.210921077,29.14023732
0.073087641,18.82443883,0.209064327,20.0199445
0.063699848,23.95740127,0.182207867,23.13864965
0.089592264,16.70829534,0.256270057,18.78740256
0.03886237,7.455599395,0.111159564,8.873130622
0.053592927,1.827626168,0.153301554,3.954001846
0.073752833,2.530826099,0.210963804,5.562090346
0.049169041,1.573210211,0.140639434,3.51075962
0.033503441,0.759770382,0.095833915,1.619128219
0.042298931,1.075799208,0.120995082,2.363193391
0.072178356,0.802995742,0.206457752,1.786409794
0.046566524,0.710242497,0.133197888,1.583733308
1741.432864,11440.6722,3714.462424,15755.03672
12.54035932,8215.999558,35.87072581,8399.337347
11.72836923,8941.806157,33.54809286,9073.10801
5.316986515,3367.449639,15.20883191,3468.145342
8.79145169,6341.192488,25.14726406,6408.176111
8.88789978,7619.65582,25.42315638,7670.943956
1.949745992,1625.998322,5.57709621,1655.294334
7.304932115,2343.735262,20.89516601,2679.581495
12.94808987,5243.455392,37.0369771,5927.570422
3.980054781,1774.52757,11.38462872,1866.100245
1820.827622,7427.559847,3356.63999,11548.99128
5.98249003,1583.074738,17.11242086,2029.337368
5.297924814,1574.500671,15.15428868,1760.285481
1.2797431,905.2605263,3.660602844,1333.382218
2.047437929,329.9517247,5.856524749,433.3312256
4.143481345,1793.977975,11.85210145,2817.528385
1.142921577,82.70187941,3.269230773,149.5024025
2.300712413,846.0405643,6.581000815,1108.216632
7.228197894,2012.956559,20.67568967,2109.634061
5.799641536,1204.657887,16.58940189,1655.629127
4.646318116,600.5094442,13.29040776,775.5652274
4.263130716,963.3717829,12.19433712,1371.323586
3.432648359,997.4539886,9.818823484,1400.604949
1890.65889,6604.679828,3480.714268,10661.05948
2.87336067,250.845618,8.219012786,420.2461386
1.670681125,366.9772892,4.778853218,607.9831367
1.934920663,131.3215571,5.534683574,246.677376
2.076714407,272.1455114,5.940281694,495.5945931
1.190685366,90.16641774,3.40584472,171.2882896
7.585578198,958.2578199,21.69795464,1325.200559
1.982472611,1093.05399,5.670708523,1122.340348
4.173067894,842.9567702,11.93673152,1552.898674
5.002206318,435.0807116,14.30841164,602.8984346
5.475751867,1011.724921,15.6629454,1691.06661
5.145525409,536.8391531,14.71834997,919.5572797
3460.450987,10696.13429,6867.741788,19520.90552
1.567100822,154.9607225,4.482563439,249.6497496
1.463306868,141.0773184,4.185667594,231.6098069
1.842904243,192.7450525,5.271474026,352.0207211
1.805096285,169.4867108,5.163331675,309.1159629
2.932978237,375.9741876,8.389562467,563.7436046
1753.397034,6109.563972,3231.280264,10009.25663
2.846610678,848.8346573,8.142494101,926.1930211
7.120852759,830.8956315,20.36863483,1301.181048
1820.467032,6205.375506,3351.013002,10103.67665
1.365234627,114.1078959,3.905149473,212.8129139
1708.205896,6010.761505,3147.834708,9834.330438
3.404122464,224.5433172,9.737215964,410.0645229
2.912582409,245.0110989,8.331206656,428.6303567
1739.298789,4536.789869,3205.504247,7411.839633
2.161891942,148.6813092,6.183923647,263.4180569
5.827955607,1147.782236,16.67040087,1916.773936
3.462388982,4357.872904,9.903880515,6844.084611
2.40429024,655.2465179,6.877269864,987.4311164
3.310791452,1054.795072,9.470249218,1213.4491
1.53108505,315.345329,4.379545821,383.1412519
1.266662192,165.5305776,3.623187958,230.7662506
549.842557,821.9818304,553.2131438,899.2552082
1.519976346,197.7508189,4.347768658,280.0131212
1.281482484,190.9636963,3.66557774,256.5503695
0.975587188,126.4496294,2.790585935,191.0118778
1374.718997,3397.640179,2530.718738,5499.440134
1135.943636,1607.680224,1141.542462,1730.912604
1.387903593,162.8735223,3.969991429,241.2618782
0.925678764,86.10047667,2.64783639,147.7023875
1.574327951,191.1237459,4.503233384,263.5582066
1.904811046,252.4205326,5.448558918,328.6619277
8.026168499,674.6322736,22.95824189,1224.184744
7.983347233,567.4184328,22.83573208,1227.094628
6.789569502,427.2427559,19.42100854,877.5792454
2754.41095,9546.397918,5072.199835,15612.95181
5.635040818,521.5811393,16.11859014,1035.55884
5.626105082,3440.370987,16.09300479,5685.618189
5.423928433,320.0255637,15.51469944,686.8724334
3.569657798,1622.575315,10.21070535,2730.763255
4.834289266,378.9223166,13.82809345,689.5993312
1.309915578,172.7942659,3.746903393,252.1695731
0.702842504,133.5899058,2.010424056,169.25551
1961.737216,5045.627533,3613.866211,7918.270415
2219.19845,5078.641514,4084.427743,8163.776945
2.771443679,417.2405673,7.927480782,534.2520067
3401.903254,6702.598501,5409.111482,10062.44028
2.918216162,465.4077518,8.347320454,600.5829611
1.866912199,388.1616512,5.340154885,473.7367203
1.124195497,247.1936353,3.215668596,328.3535268
1.74578315,284.5850696,4.993666319,358.1395284
0.627674945,355.7730614,1.795416677,386.8938738
1.099813164,428.4759706,3.145919907,505.8851649
1.43895244,233.0574375,4.116007511,294.8338419
2359.146414,6472.164986,4344.024132,9981.465145
9.941730258,640.1277401,28.43751646,1344.569474
3.192913431,161.1587777,9.1330858,348.3998223
2.547216108,134.9434593,7.286094785,287.1543281
2.398882342,129.6254403,6.861801603,282.4646319
3.899047258,223.3969454,11.15291672,486.034041
2.414820702,138.1316665,6.907403002,293.5826943
2.523819234,385.2049865,7.219173146,716.4412225
0.876497107,62.51839365,2.507157902,126.3794877
5.216665045,272.8292201,14.92185017,596.8472258
2.300121295,121.9305852,6.579303128,265.2030216
6.129894853,374.1360396,17.53406021,751.9798087
4.28771308,261.6048777,12.26464987,549.4979795
3.265590376,540.2944045,9.340948684,968.7081947
2.840741953,154.7869714,8.125720994,334.2331278
4.971763627,300.9973733,14.22133388,633.9535876
4.570279048,336.8466799,13.07290129,698.9494495
3.866442398,218.1263696,11.05964517,472.7429677
214.875472,6984.847531,461.8067104,6966.863943
4.208613327,4664.275023,12.03841519,4661.331086
1569.492589,2575.516079,1577.651131,2677.295362
1.330937429,1846.597497,3.807044597,1841.612499
0.395537765,333.9577237,1.131405572,329.897666
3.241653199,984.0221519,9.272487598,1512.176621
1.356165672,869.8288742,3.879200996,1378.355812
3.013781913,2277.270551,8.620684875,3572.575398
0.718652842,5473.566214,2.055649689,6659.183238
1.008885513,1720.649911,2.885835663,1763.853172
1.083397481,612.6978656,3.098971175,627.1393854
2.283502931,1308.531574,6.531784705,1391.871813
1.33462015,464.9282629,3.81757048,505.8722579
3.140886269,536.0203115,8.984244565,648.5616911
4.181308094,654.9996999,11.96028664,873.0261452
1.543151582,306.8523925,4.414064864,490.4509548
5.876811732,972.1240738,16.81016197,1421.689185
4.586696458,702.5218924,13.11988743,1092.619087
2.144696032,220.2397438,6.134724182,386.9312319
3.857606151,437.0711991,11.03436652,649.9646552
3.725506653,563.3339498,10.65652919,853.2458343
2.964658606,441.5962588,8.480171745,720.1779316
1.870337876,233.156014,5.3499488,371.2536276
3.279313129,2681.78318,9.380212437,2700.564338
1.238151856,321.200836,3.541638481,360.7333854
1.902420193,457.8069553,5.441717783,687.3409163
1.956468808,272.6452922,5.596320285,288.3493342
1.610387199,2692.403325,4.606390564,2748.890218
0.713017087,66.52392745,2.039525153,69.77670524
0.673494836,340.2433241,1.926480203,342.3437805
0.40723923,338.4939943,1.164875465,351.7720724
0.432692233,247.17186,1.23768164,265.3690331
0.829594913,338.2899435,2.372990414,351.7675017
3.903268633,1408.547932,11.16498493,1865.050404
2.125133617,334.4127442,6.07876739,469.2838161
1.809677456,189.927913,5.176428416,306.7391882
0.871046593,114.6181468,2.491547179,182.2145596
2.642500999,451.5065003,7.558663616,600.1902585
3.510255471,470.2064024,10.04080883,621.6647676
1.502831852,634.2909806,4.298742279,668.9798224
1.078217974,62.03657489,3.084155447,113.7399113
0.603693005,50.55093364,1.726813502,91.52330522
0.592602448,37.21740964,1.695090695,67.85564878
0.166941144,13.58554487,0.477525379,24.21949343
0.068418558,69.83648328,0.195705318,115.0261567
2326.496172,3272.058559,2332.457154,3315.917963
0.46352148,662.6505467,1.325870319,719.8749437
2.849893279,1187.048688,8.151896784,1305.48619
1.978164589,322.3976043,5.658382975,414.3348714
2.55238007,441.8583319,7.300878052,741.515426
1.168270669,120.5137593,3.341750365,189.5158659
1.250721952,147.9140131,3.57759698,237.8735317
1.427129682,228.3951158,4.082197302,298.8218665
2.775225978,419.9658409,7.938320176,597.4236332
3.283750371,506.5094142,9.39290878,654.5179982
3.463488284,443.3351281,9.907021856,647.0157713
3.064242549,274.429753,8.765019126,448.344233
2.808022272,418.6413205,8.032122906,552.9464659
2.288040932,211.2216218,6.544762343,340.5891235
2.874541308,497.7637582,8.222393449,780.6098289
1.548081487,370.4712275,4.428163173,645.0959723
2.874027125,259.6193623,8.220916463,396.0367302
4.887894146,438.7707068,13.98143122,842.3018796
2.367778027,603.3657413,6.772830676,1050.844368
2.433864711,264.2433099,6.961879605,499.8116694
332.011874,921.5270485,708.4994126,1964.256249
2.277806921,180.5604093,6.515488125,347.500425
2.623771765,186.7094694,7.505085903,373.6033457
1068.389029,3669.817025,1969.44712,6060.639298
2.109217612,136.2334655,6.033248468,278.1580602
0.610598674,46.50543386,1.746564188,90.50757753
1.110293104,255.2102382,3.175908855,244.7120772
2.178276504,169.3070438,6.230779947,290.5476887
1.350422583,105.2065303,3.862773073,198.2065818
1.588991894,106.5019339,4.545186552,196.7792105
1.209485488,109.9234526,3.459632027,194.3728244
1.083884067,292.382102,3.100359634,497.7847843
1.784590785,126.4725256,5.104682854,233.2641825
1.067267272,97.21739888,3.05283139,168.8860462
0.686050505,383.9173753,1.962396294,369.3646653
0.967043725,74.52431439,2.766155841,149.5396145
1.528761468,97.49543337,4.372903939,198.8563303
1.107705407,71.95420287,3.168499545,141.445888
0.576995609,42.0447275,1.650443739,78.35532399
197.9665513,511.1028471,421.8698805,1078.070517
0.395499259,34.98938361,1.131295468,65.8839176
0.996109461,139.019136,2.849287649,255.1242614
3.111227629,3783.69385,8.743801563,3765.725247
1.075077142,1392.082415,3.045291283,1385.26753
3.302017197,3304.982966,9.100250579,3285.018935
2.13344757,2587.478324,6.045118696,2496.225617
2.947516763,1595.07914,7.864328775,1584.003307
2.981779439,651.7731638,7.745890201,787.2808213
0.838020488,350.8869173,2.20351395,355.9428701
2.000810335,322.0930689,5.213895005,538.4515026
0.750163153,87.76485766,1.989064847,151.237797
2.835942867,201.2868679,7.390079691,357.4427186
2.838569504,431.5901635,7.398672444,758.6134124
1.747012,86.29905933,4.49584202,166.4872099
0.863172142,75.73662663,2.236847002,133.561886
1.367256884,67.90151635,3.535119793,135.8622117
0.643847254,30.85691318,1.641128067,59.92937804
0.442788067,12.98270481,1.130980964,24.649381
0.405630436,21.00960183,1.036170024,40.07385261
0.926390333,197.2361028,2.377080727,171.3414215
0.51963849,27.90139984,1.33927266,54.58713193
0.748927249,41.77612453,1.912924435,82.60709461
0.529709051,28.93851049,1.351139409,56.0713119
1.053279251,39.07617359,2.713564838,71.69960456
0.414989143,22.66115349,1.069649957,43.27916592
0.798699925,40.39102104,2.052327026,79.45038694
0.596604324,25.71257218,1.532920035,50.04803305
0.681417427,26.25674956,1.744533214,51.41695027
0.297900765,14.98814198,0.770526055,30.96975228
0.201053963,9.871445002,0.518592112,20.13497755
0.244989063,12.11263401,0.630792781,24.72849941
0.187794171,9.584654533,0.484714255,19.56147915
0.253054087,13.58553454,0.649182799,27.63284441
0.147825949,5.883489632,0.376510434,11.88147586
0.344115652,76.60655275,0.907852365,58.92020087
0.214382421,36.68598505,0.556541192,38.43141277
0.203537119,37.76013885,0.53262313,30.96207722
0.139284587,23.09704614,0.358962357,25.20225344
0.290484306,53.23247048,0.76157979,39.39953222
0.242644233,25.89193706,0.620114696,26.18900969
0.086151858,5.345088811,0.220831649,9.4702613
1778.084849,1489.172603,2594.91284,1827.661163
0.342516853,300.1908388,0.89969943,332.2070455
0.120923618,130.7135201,0.315079993,136.0553123
0.254295328,13.69485242,0.654617865,26.59122577
0.431665193,15.26011565,1.110165469,30.35972881
0.397925423,10.72329175,1.016297499,21.05538272
124.9743131,7866.605314,234.4623192,8737.076162
340.2330888,2184.620022,628.77424,2388.678111
325.0835087,2799.22087,600.980951,3296.447516
301.1809526,1064.527925,556.0379516,1577.622747
337.0692413,1368.429085,622.3527049,1928.316526
14108.0346,28080.40988,22589.23433,42490.23638
232.1221706,1717.240843,429.1584329,2067.018064
253.1423747,3071.559748,467.8527754,4455.679303
356.2164779,2066.676733,657.8583086,2999.745728
396.6860075,2589.713096,733.2927441,3858.36625
282.4158071,1454.812913,521.431048,2327.809463
558.7546755,2340.5339,1031.154305,3819.42205
538.5585025,2350.909327,994.2208422,3793.780197
1235.209795,3622.238226,2466.531166,6398.788122
713.4958286,3027.724167,1318.029837,4695.569963
744.2759369,3229.830187,1374.164289,5261.817148
302.0495876,1550.4028,557.6638508,2521.736784
345.2415393,1157.045319,637.2598491,1883.307199
481.4490096,2280.832036,888.6896839,3750.759529
712.0721758,3494.507502,1314.802066,5555.661899
585.0467776,2733.241807,1080.161205,4264.744967
818.6719713,3105.728945,1511.288238,5100.551902
4.603059329,9357.612153,13.16671142,9598.650869
6.597895673,10548.84235,18.87277876,10736.43527
6.893630948,9927.454041,19.71870224,10298.15487
1.924143983,3933.327295,5.503864449,4190.817245
1501.711561,9158.313805,2764.852115,14109.00636
0.477337464,481.24029,1.365383813,818.2522718
3309.579188,9697.582755,5205.418883,13565.94997
0.757154108,183.7387975,2.165777032,252.4323847
1623.769192,2966.882022,1628.429463,3003.891507
2.322477983,3966.608193,6.643265791,4123.582821
0.284317054,512.1361417,0.813274945,535.1901708
0.16489459,102.8177695,0.471684375,115.7141535
1.412909234,584.6731695,4.041515218,702.5489516
1.033537078,346.4953185,2.956348189,423.7125758
0.830132937,468.992744,2.37452887,716.5132177
2.481320141,4153.397546,7.097623549,4541.28271
0.859680752,392.5222279,2.459041013,445.9393884
0.222061098,170.3864233,0.635181041,191.5838755
1729.393276,7383.186045,3188.389589,10320.79382
2.600475738,2413.139172,7.438457189,2970.377659
3.618151933,1242.509826,10.34942814,1642.569374
4.29083301,1419.652837,12.27357613,1761.781437
2.189920308,1267.417831,6.26409074,1573.146266
1.398426331,842.9699575,4.000091154,1085.356713
0.675553854,619.9961861,1.932366834,763.744376
1.598142671,1949.473189,4.571352106,2236.866083
0.077986403,205.2728149,0.223082583,209.8230284
1976.268887,6575.464319,3636.60863,10687.01681
0.507731166,51.75780158,1.452322914,91.94381803
2313.030698,7853.506661,4926.513902,14292.60366
0.638218142,71.2913295,1.82557657,125.5969503
0.556968415,74.17768107,1.59316157,133.7720831
0.150798866,80.9191669,0.431342443,128.3779242
0.171035555,26.33784612,0.489230401,39.270556
0.692522359,118.1194692,1.980899058,194.6115945
1.5229279,710.9588769,4.356209824,1194.319528
0.463475405,61.66306106,1.325732194,108.1924602
0.201457903,62.96957886,0.576253662,109.3837134
2.251685027,1692.880288,6.440769909,2024.428935
63.55501067,1702.047626,66.58615773,2003.085099
0.89599659,278.7089828,2.562929415,336.8479111
0.873386069,308.0710662,2.498251162,369.9142957
0.551667865,188.3118232,1.578001668,209.4125653
0.83706797,295.7879367,2.394364394,392.7235153
0.694780936,224.8684702,1.987370681,269.8996154
0.902787932,279.9728239,2.582353016,337.163087
0.243287286,58.66283125,0.695901797,73.77941111
1.031788029,839.3252405,2.951352191,1058.652788
0.9937134,73.2173514,2.842435907,144.8192092
0.334256525,33.42113653,0.956115626,62.378681
0.516456431,49.13508525,1.477283398,93.27569179
2.589689646,1002.887313,7.407610838,1204.324727
0.836696915,157.5878044,2.393309453,223.3846709
0.786490443,270.4114577,2.249692512,387.0037695
0.693640862,200.4809342,1.984100963,230.723966
0.596922774,148.0465662,1.707451799,170.7481027
2.370966333,588.8501298,6.781967235,688.1908978
1.61634556,294.4541059,4.623431335,182.517129
0.639643699,161.5851084,1.829651234,208.1648042
0.438724641,105.6380927,1.254937419,130.6053779
1.038622786,240.8079633,2.970896754,310.2732285
1.352994502,250.5795301,3.870135911,324.631835
0.291045566,19.54120012,0.832515609,23.57595289
1.128663703,49.42616931,3.228456529,106.681365
0.519775299,17.51172674,1.486777508,34.45731224
1.407661497,146.4676758,4.026508737,260.8634339
0.844470602,94.81815009,2.41554286,177.4137665
0.550087741,141.6839361,1.573481577,251.2222051
0.411617324,26.50507953,1.177403283,49.7875001
0.562298375,41.80944279,1.608406258,81.53364532
0.09218317,11.60726035,0.263678398,18.43682775
4126.973108,9980.798765,7595.275362,16240.90442
2602.608719,8258.861657,4788.215687,12850.74183
0.424419503,679.9235338,1.21401659,696.0275149
8333.784074,24340.78472,15330.93185,36195.6037
1.405849602,381.3265306,4.021315805,637.3665573
1.274927456,330.7781375,3.64682189,525.2525866
0.88193202,151.3562807,2.522706587,238.2231529
1.344727731,502.936333,3.846487454,827.5265523
0.757828859,113.8472079,2.167707631,180.897697
0.735384999,201.1518991,2.103507863,313.2701818
1.35524443,196.7036633,3.876570699,304.7696627
10765.09786,25348.31264,19802.37716,40964.75722
3.916092458,1546.743899,11.20167258,1959.352916
1.582078347,467.534814,4.525408471,690.3062524
4.409090665,1559.763227,12.61183277,1909.385207
1.209514426,305.9821064,3.459719489,480.6887719
0.612771107,122.586604,1.752777765,174.0890155
0.809675875,284.4618001,2.316007073,447.5365857
1.726139344,508.9813949,4.937494581,646.8863253
0.771900038,287.9791782,2.207959528,417.3803997
0.935602475,281.4501234,2.676210087,444.2913372
0.851417328,358.9658945,2.435402081,527.1366844
0.897411785,365.1836988,2.566986672,530.5962181
0.609892765,162.2013322,1.744557854,219.5771419
0.224523331,92.79609043,0.642237009,118.5838559
186.2709656,6952.397402,346.5713966,7870.518411
0.571788857,836.8773156,1.635555967,867.2591323
0.35032955,632.4687627,1.002085344,687.3104068
0.934769173,1339.867946,2.673826033,1390.262031
0.341308139,882.3467257,0.976278654,912.2595494
0.520775388,319.8236025,1.489633436,327.2346088
0.290981967,1031.285918,0.832327501,1047.38779
0.586479393,565.335513,1.677587344,607.6357048
0.17424091,86.70964018,0.498399162,106.3604081
0.738371891,286.4364551,2.11206129,337.3288284
0,0,0,0
0,0,0,0
0,0,0,0
0,0,0,0
0,0,0,0
0,0,0,0
0,0,0,0
0,0,0,0
0,0,0,0
0,0,0,0
0,0,0,0
0,0,0,0
0,0,0,0
0,0,0,0
0,0,0,0
0,0,0,0
0,0,0,0
0,0,0,0
0,0,0,0
0,0,0,0
0,0,0,0
0,0,0,0
0,0,0,0
0,0,0,0
0,0,0,0
0,0,0,0
0,0,0,0
0,0,0,0
0,0,0,0
0,0,0,0
0,0,0,0
0,0,0,0
0,0,0,0
0,0,0,0
0,0,0,0
0,0,0,0
0,0,0,0
0,0,0,0
0,0,0,0
0,0,0,0
0,0,0,0
0,0,0,0
0,0,0,0
0,0,0,0
0,0,0,0
0,0,0,0
0,0,0,0
6.43261629,458.9730656,18.40002205,944.7946829
