0.322597332,33.4589752,0.922765608,49.89947169,0,0,0,0
0.484541419,50.37977406,1.385994922,74.0937721,0,0,0,0
0.715811769,83.98070235,2.04752649,130.2476989,0,0,0,0
0.505488497,51.12090218,1.445912145,74.6530671,0,0,0,0
0.158618522,17.52807997,0.453716242,26.396166,0,0,0,0
0.95841709,94.81290632,2.741480514,138.1014691,0,0,0,0
0.078096537,5.28141716,0.223389136,8.260835951,0,0,0,0
32.75321545,59.23125829,33.15073193,70.22833307,0,0,0,0
0.152088542,24.42629106,0.435037525,35.29557709,0,0,0,0
0.078198772,15.37364271,0.223681301,20.30904515,0,0,0,0
0.121482159,15.09597255,0.347490062,25.95480668,0,0,0,0
0.156712108,26.37316364,0.448263045,47.42415946,0,0,0,0
0.05414667,3.100401259,0.154882186,5.339698725,0,0,0,0
0.072228561,6.758143172,0.206604302,11.35137199,0,0,0,0
0.062222174,5.14133736,0.177981301,9.408395751,0,0,0,0
0.042590906,3.468778976,0.121827755,6.646493953,0,0,0,0
2.349789848,52.97333913,5.350739423,103.8988614,0.171646926,0,0.390859623,0
0.220073456,25.67879672,0.568705539,37.40658748,0.020597603,0,0.05322755,0
0.334326471,28.91534,0.832837507,43.12353781,0.031291024,0,0.077948774,0
0.408619211,34.84055494,1.022479151,50.61102653,0.038244395,0,0.095698135,0
0.194898808,22.8511418,0.507449077,33.22486393,3.0599E-05,0,7.96692E-05,0
0.153416145,15.4406114,0.390596233,22.73974447,2.40862E-05,0,6.13234E-05,0
0.238452786,90.63194953,0.600340061,143.2864645,0.000663969,0,0.00167164,0
0.449058649,23.83856496,1.044009692,32.34499517,0.03541137,0,0.08232736,0
0.193134583,46.11066553,0.446171018,71.85875831,0.026525708,0,0.061278523,0
0.411722048,19.60629535,0.981662132,29.23421126,6.46401E-05,0,0.00015412,0
0.568221397,15.62733513,1.309598785,26.75242036,0,0,0,0
0.395535323,14.01863135,0.91968643,24.36013651,0,0,0,0
1.854717667,64.47124801,2.794120485,113.425665,0.254732725,0,0.383753246,0
0.26450266,47.48846566,0.603253532,77.96596858,0,0,0,0
10.05069072,43.153046,18.65854731,70.97572658,0.863604745,0,1.60323409,0
0.651945634,12.05920545,1.49174395,22.03995581,0,0,0,0
18.64006376,63.59440026,39.7700708,123.0197423,0,0,0,0
0.1364922,18.65985776,0.390425503,27.35021713,0,0,0,0
0.120348087,10.83678806,0.344246343,15.06646533,0,0,0,0
0.016025859,18.11167554,0.045840847,29.45798207,0,0,0,0
0.063983643,15.08324809,0.183020485,24.28166356,0,0,0,0
13.29362964,28.61765649,13.50862703,37.17757278,0,0,0,0
0.115087201,29.9089177,0.329197689,50.07985378,0,0,0,0
0.046084409,4.670197022,0.131820684,8.606774312,0,0,0,0
0.072947693,10.94243551,0.208661014,18.26842445,0,0,0,0
0.072482157,8.175636951,0.207329305,14.79044373,0,0,0,0
0.089044772,5.139143135,0.25470517,9.58260206,0,0,0,0
0.070509721,7.301926309,0.201687265,12.69438046,0,0,0,0
0.017173511,2.210018965,0.04912337,3.853186791,0,0,0,0
0.027635202,3.081759637,0.079048398,5.285202386,0,0,0,0
0.055597581,9.478654641,0.159032409,16.404522,0,0,0,0
0.060065557,5.838453485,0.171812615,10.39624611,0,0,0,0
0.117508995,110.4288129,0.336124701,180.7683259,0,0,0,0
0.080687948,4.728010736,0.230801454,8.484587323,0,0,0,0
0.066158371,6.349083464,0.189240812,11.72222349,0,0,0,0
0.068241448,34.88298086,0.195199165,55.43202423,0,0,0,0
0.068357124,5.356344599,0.19552997,10.0241012,0,0,0,0
0.05942221,5.014981285,0.169972481,9.556277852,0,0,0,0
0.045878045,5.939058367,0.131230651,8.938428327,0,0,0,0
0.118765846,12.60974159,0.339720689,18.11483165,0,0,0,0
0.044336059,29.28433104,0.126819973,47.4727943,0,0,0,0
0.032456505,7.33820237,0.09283923,11.84827685,0,0,0,0
0.097716297,228.279712,0.279509487,378.3643746,0,0,0,0
0.152838269,42.80221751,0.437181654,70.4731978,0,0,0,0
0.025001628,136.4259466,0.07151517,223.3808589,0.015453722,21.59234866,0.044204144,35.40102272
0.071744418,7.639264471,0.205219091,13.99276871,0.008145152,0,0.023298546,0
0.034953437,153.4848544,0.09998139,253.9544186,0.034443873,58.03325427,0.098523823,93.79439948
0.079670681,110.7520788,0.227891356,180.7533157,0,0,0,0
0.120132016,13.46321056,0.343627933,23.45653135,0,0,0,0
0.138748153,122.615686,0.39687789,199.4046733,0,0,0,0
0.128901517,473.2909325,0.368712163,766.0224365,0,0,0,0
0.069631831,146.232058,0.199176111,237.6826771,0,0,0,0
0.189442294,41.63144085,0.541884826,67.96061792,0,0,0,0
14.72361527,57.91906544,27.12611254,93.76313086,0,0,0,0
0.007340233,1.354876678,0.020996023,2.030126493,0.002582557,0.12915334,0.007387155,0.136938526
22.72878313,61.88192259,48.44483365,129.4229437,0,0,0,0
0.107893881,7.621911766,0.308621483,15.43033795,0,0,0,0
0.067418192,106.2745268,0.192844393,173.7297478,0,0,0,0
0.050777208,35.09136904,0.145244147,57.96673929,0,0,0,0
0.093841042,10.10743289,0.268424982,18.99075422,0,0,0,0
0.103712933,7.230630311,0.296662661,12.18150088,0,0,0,0
0.067389248,11.35642118,0.192761646,17.59168237,0,0,0,0
0.086125931,16.12260709,0.246356688,26.73542628,0,0,0,0
0.046092453,3.055489216,0.131843661,6.147365902,0,0,0,0
0.090814108,21.41808581,0.259766566,37.11162684,0,0,0,0
0.077803477,4.993393203,0.222550447,9.799560293,0,0,0,0
0.044714441,4.103117169,0.127902172,7.882192042,0,0,0,0
0.069724867,5.378413234,0.199442292,10.39968686,0,0,0,0
0.072861697,119.3493441,0.208414845,194.9942753,0,0,0,0
0.104048845,6.142582598,0.297623201,12.33787936,0,0,0,0
0.025213613,1.728966488,0.072121586,3.294333601,0.000960165,0,0.002746477,0
0.027049049,1.984623176,0.077371685,3.657432748,0,0,0,0
0.022813592,1.402224965,0.065256557,2.492695937,5.48477E-05,0,0.000156888,0
0.035576978,2.19844855,0.101765097,4.20784672,0,0,0,0
0.085466318,6.49744327,0.244469702,12.21533916,0,0,0,0
0.037544866,3.044928279,0.107393978,5.942763722,0.00169594,0,0.004851096,0
0.153901696,421.8520613,0.440223525,683.5435044,0,0,0,0
0.0366142,3.305063232,0.104732171,5.470368292,0,0,0,0
0.053616764,21.05669531,0.153366742,34.02206219,0,0,0,0
0.12044456,40.69854292,0.344521707,66.71725383,0,0,0,0
0.052532077,12.92040107,0.150263567,22.05622685,0,0,0,0
0.043325412,4.020666343,0.123928719,7.242022385,0,0,0,0
0.021947002,1.249089481,0.062777534,2.320174673,0,0,0,0
0.052766258,6.741032784,0.150933516,12.80100167,0,0,0,0
0.032993837,2.582416404,0.094376062,4.581041857,0,0,0,0
0.037960707,2.592198573,0.108583681,4.838562889,0,0,0,0
0.086677056,6.155944303,0.247932776,11.95492793,0,0,0,0
0.039119715,2.583136242,0.111898763,4.927967236,0.002691824,0,0.007699743,0
0.016776668,1.062163167,0.047988243,2.094412636,0,0,0,0
0.02810561,2.258918945,0.080393915,4.281390374,0.001436073,0,0.004107774,0
0.033639108,2.677275066,0.096221978,4.939669193,0.002386759,0,0.006827134,0
0.05523719,17.1719793,0.158001613,29.16883522,0.002089765,0,0.005977607,0
0.037943065,3.458735231,0.108533193,6.390764845,0.001364576,0,0.003903265,0
0.039251857,2.342106151,0.112276675,4.690773002,0.000760581,0,0.002175578,0
0.049291936,4.078915254,0.140995616,7.386480362,0.002513445,0,0.007189507,0
0.093273727,10.96953093,0.266801925,20.07402345,0,0,0,0
0.096173548,5.441153207,0.275097049,9.127516145,0,0,0,0
0.106118004,10.05633877,0.303542658,17.47996706,0,0,0,0
0.068047474,3.34881433,0.194644295,6.211381609,0,0,0,0
0.060560074,6.811491828,0.173227067,13.56187245,0,0,0,0
0.07531712,5.197266014,0.21543852,9.612627622,0,0,0,0
0.056379685,6.92034436,0.161269568,12.45590545,0,0,0,0
0.058342793,2.750674323,0.166884542,5.80832122,0,0,0,0
0.082251214,4.270006642,0.23527302,8.542670252,0,0,0,0
0.092467855,9.00695587,0.264496581,16.78172216,0,0,0,0
0.041933093,3.851087899,0.119946255,7.533945336,0,0,0,0
0.027234106,1.90880083,0.077900891,3.343748004,0,0,0,0
0.054414514,3.283170797,0.155648407,6.73169303,0,0,0,0
0.03030032,2.445190765,0.086671685,4.848995798,0,0,0,0
0.047227451,4.22036307,0.135090436,8.322521439,0,0,0,0
0.110913296,13.48206454,0.317258498,24.29788585,0,0,0,0
13.82851197,54.71229658,25.5327371,90.32040256,0,0,0,0
0.055961197,4.040096673,0.160072569,7.593720914,0,0,0,0
0.051099513,5.651334653,0.146166081,10.10513191,0,0,0,0
0.03874841,1.676043462,0.110836721,3.08655658,0,0,0,0
0.041796063,2.99603833,0.119554345,5.696616171,0,0,0,0
0.100458385,8.335056826,0.287353116,15.42984169,0,0,0,0
0.138668712,13.13975014,0.396650814,21.22886936,0,0,0,0
0.039033629,4.726569608,0.111652549,7.779535087,0,0,0,0
0.079613304,7.169130521,0.227727559,12.68170042,0,0,0,0
0.062990336,14.59154853,0.180179022,21.37079656,0,0,0,0
0.044571651,6.234422792,0.127493752,8.615080254,0,0,0,0
0.136248638,29.57988317,0.389728321,47.52598352,0,0,0,0
0.022704594,2.27754938,0.064944609,3.518437685,0,0,0,0
0.065743163,2.527218238,0.188052769,4.487099217,0,0,0,0
0.048005778,2.676794212,0.137316354,5.709416333,0,0,0,0
0.044083694,4.647687808,0.126097712,8.880064302,0.024532148,0.317117697,0.070172152,0.568874591
0.0201542,1.807612721,0.057649403,3.992636604,0.02227076,0.818104491,0.063703646,1.316204673
0.051853318,3.761476917,0.148322003,9.061295909,0.021293348,0.622255656,0.06090781,0.391737669
0.042513312,3.324349055,0.121605708,6.545157264,0.003012448,0,0.008616852,0
0.073244498,7.910062961,0.20950978,14.60925419,0,0,0,0
0.049932485,3.775408774,0.142827875,7.479799529,0,0,0,0
0.048426491,3.780028676,0.138519986,7.535766523,0,0,0,0
0.123226284,9.170397103,0.352478856,18.9702392,0,0,0,0
0.077244085,8.504959677,0.220950434,15.67706847,0,0,0,0
0.131827145,7.915131627,0.377080557,17.11490198,0,0,0,0
0.075279867,9.939812535,0.215332301,15.0337234,0,0,0,0
0.022981152,80.49038667,0.065735759,130.2155605,0,0,0,0
0.009057553,46.59057498,0.025908501,75.35947931,0,0,0,0
0.075010218,8.761798511,0.214560683,16.2703513,0,0,0,0
0.087963231,14.02614086,0.251611371,24.71627085,0,0,0,0
0.086096907,6.054326754,0.246273073,12.08524921,0,0,0,0
0.092599433,8.465721355,0.264873223,15.63387081,0,0,0,0
14.00951793,57.33812439,25.92820148,96.98940751,0,0,0,0
0.055649763,8.127347833,0.159181631,14.4467146,0,0,0,0
0.121252375,7.610253812,0.346832354,15.54108624,0.001748531,0,0.005001528,0
0.091277819,10.39984669,0.261092597,17.34266826,0,0,0,0
14.85880499,21.19737694,14.93651854,22.65732117,0.016937892,0,0.017026479,0
0.041537457,3.315305359,0.118814678,4.933723891,0.001648652,0,0.004715842,0
0.090181017,7.58209846,0.257955565,15.01257784,0.003579351,0,0.010238447,0
0.057859828,4.394236793,0.165503274,8.484370036,0.00330946,0,0.009466437,0
0.039549158,2.902590357,0.113127239,5.688275303,0,0,0,0
0.022278711,1.744163395,0.063726506,3.441997399,0.005752915,0,0.016455762,0
0.03984943,2.402332773,0.11398602,4.691867543,0.002099618,0,0.006005786,0
0.042318479,3.110989371,0.121048649,5.651279161,0,0,0,0
10.64731008,38.23433229,19.62896591,63.02667061,0,0,0,0
0.032619161,2.123136784,0.09330447,4.260244331,0,0,0,0
0.064738777,4.629188807,0.185179864,9.009607386,0,0,0,0
0.028337645,1.808027252,0.081057652,3.411537539,0.001373332,0,0.003928311,0
36.07909706,96.5677156,76.86806139,203.4238552,0,0,0,0
12.81059323,25.52866793,13.01173547,31.34375645,0,0,0,0
0.054725818,93.26959128,0.156538664,156.0225015,0.030743872,3.057200311,0.087940298,9.844634992
0.087734176,7.584380626,0.25095667,13.39086966,0,0,0,0
0.05913371,5.906933942,0.169147041,11.66603123,0,0,0,0
0.091668599,12.41300007,0.262210595,19.30387058,0,0,0,0
0.080649969,5.312896692,0.230692736,10.40799949,0,0,0,0
0.088750532,4.877235571,0.253863663,10.01482908,0,0,0,0
0.072351781,7.116435635,0.20695633,13.26782132,0,0,0,0
0.055010098,3.860738694,0.157351933,7.616019183,0.003276403,0,0.009371885,0
0.055703619,4.90189478,0.159335677,9.283533275,0,0,0,0
0.041001285,1.371641977,0.117280857,2.474897984,0,0,0,0
0.105155396,5.995251329,0.300788603,12.0449892,0,0,0,0
0.094158035,11.64781538,0.269331488,22.03244113,0,0,0,0
0.06859936,6.147436438,0.196223072,10.4833594,0.002398071,0,0.006859494,0
0.042483437,2.78939993,0.121520503,5.596897699,0.002723697,0,0.007790919,0
0.044507296,3.444557816,0.127309643,6.579547271,0.003031693,0,0.008671921,0
0.0364254,2.677908128,0.104191704,5.415899907,0.003238886,0,0.009264552,0
0.023073055,1.646952682,0.065998756,3.087331534,0,0,0,0
0.033402015,2.66664947,0.095543756,5.150384241,0,0,0,0
0.041509485,4.05618599,0.118734625,7.397902884,0,0,0,0
0.054663203,4.141453722,0.156359787,7.403420707,0.003379086,0,0.009665608,0
0.053749219,4.066083584,0.153745329,8.055518587,0.001394467,0,0.003988761,0
0.032744569,2.258877276,0.093663142,4.459980504,0,0,0,0
5.303640687,17.77015939,9.825167095,30.35270876,0,0,0,0
0.097428693,25.75398067,0.278687282,42.89851077,0,0,0,0
0.056977166,17.37095206,0.162978838,26.39473128,0,0,0,0
0.094053174,27.19409109,0.269032253,42.58236479,0,0,0,0
0.066435717,100.1081868,0.19003422,162.5150339,0,0,0,0
0.15361825,31.45604283,0.439413175,48.92039133,0,0,0,0
27.35942253,76.16990476,58.29681675,156.4173857,0,0,0,0
0.050005349,23.5690452,0.143036263,39.51574585,0,0,0,0
0.042291327,11.27934925,0.120970869,19.36074082,0,0,0,0
0.03061071,2.425955902,0.087559246,4.841816325,0,0,0,0
0.052609398,10.14733513,0.150485042,17.52397294,0,0,0,0
0.027630696,20.3135874,0.079035229,33.61677512,0,0,0,0
0.090684165,19.7993086,0.259395308,31.75808656,0,0,0,0
0.152844826,38.73619937,0.437200874,62.73662713,0,0,0,0
0.036655903,4.606559574,0.104851036,8.796901314,0,0,0,0
0.052651104,4.343643815,0.150604127,8.274105038,0,0,0,0
0.037936897,3.65293511,0.108515349,6.884045065,0,0,0,0
0.028036237,4.85616859,0.080195557,8.634772922,0,0,0,0
0.041259724,4.144518528,0.118019955,7.783134708,0,0,0,0
0.054835915,6.467853467,0.156853679,11.68716707,0,0,0,0
0.032128092,2.762765889,0.091899912,5.071647184,0,0,0,0
0.137428394,19.46599723,0.393102568,37.496911,0,0,0,0
0.150415651,14.55289948,0.430251388,29.74777394,0,0,0,0
0.069377397,14.99538765,0.198448529,24.31998602,0,0,0,0
6.211502381,23.71736626,11.49320932,39.7424939,0,0,0,0
0.075557942,8.894397957,0.216127139,16.09043241,0,0,0,0
0.077419642,56.66379069,0.221453099,90.11323633,0,0,0,0
22.0802196,82.10843399,40.66622722,133.9223921,0,0,0,0
28.29003463,76.49515952,60.26712972,160.3395487,0,0,0,0
0.031612257,28.57566462,0.090424359,46.16052752,0,0,0,0
42.22408454,106.5136696,77.70148808,172.5766782,0,0,0,0
0.031342788,3.198116382,0.089653653,6.159744526,0,0,0,0
0.033341176,13.16570623,0.095369894,21.72479831,0,0,0,0
0.029232733,13.18888597,0.08361798,21.89715033,0,0,0,0
0.063614556,7.286752248,0.18196446,11.80000187,0,0,0,0
0.029347047,5.591150139,0.083944805,9.775571582,0,0,0,0
0.028678785,2.535611522,0.082033498,4.758596946,0,0,0,0
0.036924782,3.122476319,0.105620285,5.698600761,0,0,0,0
26.79844917,81.05785821,57.11061252,167.2760796,0,0,0,0
0.044459553,4.660800373,0.127172847,7.950880757,0,0,0,0
0.058791228,8.615697388,0.168167501,14.99804016,0,0,0,0
46.32796096,140.9700126,92.78776851,263.1246894,0,0,0,0
20.90857705,123.8879129,38.52916593,202.6172266,0,0,0,0
0.072375093,10.5625295,0.207022946,16.97827723,0,0,0,0
0.09294969,22.09667117,0.265875137,35.63838709,0,0,0,0
0.042648623,4.74313827,0.121992798,8.093038067,0,0,0,0
0.041417617,6.817353978,0.118471691,11.56201139,0,0,0,0
0.044395721,5.502969953,0.126990435,10.20053762,0,0,0,0
0.032395681,2.981399363,0.092665419,5.500327925,0,0,0,0
38.47045133,121.9435421,77.06138265,223.9148585,0,0,0,0
0.105665632,25.96053758,0.302248212,41.87720491,0,0,0,0
0.041761995,8.402129922,0.119456852,14.91343498,0,0,0,0
0.033971192,2.972645553,0.097171934,5.617111642,0,0,0,0
0.035086626,4.870022671,0.100362351,8.778580644,0,0,0,0
0.034108888,3.020256709,0.097565557,5.893978169,0,0,0,0
0.049449214,6.693394445,0.141445703,11.58455487,0,0,0,0
6.064240745,22.77969633,11.21233403,38.24590697,0,0,0,0
0.037935984,5.82607016,0.108512926,10.3225309,0,0,0,0
0.074522557,11.69381284,0.213165729,20.57044793,0,0,0,0
0.039481518,5.383894971,0.112933566,9.192879123,0,0,0,0
49.72694356,187.994905,99.59668541,338.9972783,0,0,0,0
0.089405835,15.57282831,0.255738389,26.84355172,0,0,0,0
0.051673253,5.119683982,0.147807294,9.845219649,0,0,0,0
0.043609009,4.16606531,0.12474017,8.228492219,0,0,0,0
0.056675264,50.39291266,0.162115085,82.76937578,0,0,0,0
0.0395268,28.32901358,0.113063135,46.85508566,0,0,0,0
0.039437578,35.95377881,0.112808046,59.50138569,0,0,0,0
0.031617683,3.87117388,0.090439751,7.656033965,0,0,0,0
0.026893726,3.012750789,0.076927434,5.921970834,0,0,0,0
0.03637468,4.309749995,0.104046745,8.488498613,0,0,0,0
0.034447101,3.527629803,0.098533166,7.165017778,0,0,0,0
0.056461872,7.906706395,0.161504711,14.08152729,0,0,0,0
0.049920086,5.192800579,0.142792575,10.03862414,0,0,0,0
0.045019388,49.85789398,0.128774245,79.800518,0,0,0,0
0.10775656,11.76293389,0.308229062,22.2369118,0,0,0,0
0.035312608,3.306038726,0.101009009,6.715284209,0,0,0,0
0.053694922,6.568616903,0.153590027,12.36017054,0,0,0,0
0.04393732,7.555559184,0.12567918,13.91958682,0,0,0,0
0.038813418,3.587940062,0.111022726,7.21725928,0,0,0,0
0.036147817,3.15340116,0.103397868,5.918438713,0,0,0,0
0.042549998,3.645180852,0.121710623,7.501135647,0,0,0,0
0.023876678,2.407320258,0.068297501,4.256780973,0,0,0,0
0.024943819,2.038980687,0.071349775,3.968554794,0,0,0,0
0.022383701,5.554376762,0.064026884,9.803298524,0,0,0,0
0.017545457,4.408389785,0.050187407,7.478691052,0,0,0,0
0.018766039,6.033466937,0.053678899,10.44986925,0,0,0,0
0.022296471,1.833188208,0.063777247,3.704945879,0,0,0,0
22.44960117,117.2100249,41.39204857,191.7983085,0,0,0,0
0.141218291,18.20439532,0.403943859,33.62191274,0,0,0,0
0.031010967,67.9726406,0.088704485,110.7211269,0,0,0,0
0.035257402,17.43383483,0.100850913,29.60706488,0,0,0,0
0.051863168,45.47627786,0.148350253,74.62423058,0,0,0,0
0.08794497,13.79080375,0.251559687,25.63216628,0,0,0,0
0.023086213,1.533671434,0.066036099,3.191311259,0,0,0,0
0.020246347,2.039718266,0.057912984,4.221570285,0,0,0,0
0.019948184,2.046031932,0.057060081,4.028532151,0,0,0,0
0.024183658,1.457697466,0.069175268,3.03480799,0,0,0,0
0.03898816,3.023928981,0.111522446,6.357735755,0,0,0,0
0.011651699,0.946811669,0.033328885,1.938227865,0,0,0,0
0.020245014,1.525420126,0.057909176,3.156989636,0,0,0,0
0.012497854,1.042552492,0.035749092,2.15582869,0,0,0,0
0.022779697,1.636269613,0.065159549,3.445476447,0,0,0,0
0.02301522,1.978399346,0.065833201,4.072240804,0,0,0,0
0.032357179,32.50843826,0.092555214,53.18289219,0,0,0,0
0.040041341,5.269598003,0.114535165,9.313623823,0,0,0,0
0.040125469,8.210868933,0.114775727,14.56366734,0,0,0,0
0.079449549,50.40505446,0.22725906,82.16503514,0,0,0,0
0.050912392,6.667618002,0.145630711,11.78589246,0,0,0,0
0.048846663,3.932203047,0.13972197,7.800901421,0,0,0,0
0.071419516,5.986614583,0.204289582,11.97999995,0,0,0,0
0.042157702,11.25144361,0.12058859,19.46874489,0,0,0,0
0.021260328,1.772423135,0.060813456,3.648515686,0,0,0,0
0.037341302,2.863653706,0.106811726,5.770906048,0,0,0,0
0.021488345,2.080765574,0.06146571,4.424881885,0,0,0,0
0.026302369,38.13479918,0.075235714,62.49202905,0,0,0,0
0.021291887,1.830927947,0.060903717,3.330146051,0,0,0,0
0.071986562,13.27584985,0.205912011,21.24553533,0,0,0,0
0.064922422,8.068695634,0.185705418,12.95618127,0,0,0,0
0.099656414,20.4545389,0.285059779,25.79738391,0,0,0,0
0.090573883,19.12578787,0.25907978,23.30727306,0,0,0,0
0.064471576,12.21698242,0.184416017,17.00332253,0,0,0,0
71.59966838,233.2003384,120.9922124,365.2090919,0,0,0,0
7.339714397,25.19996232,15.70961949,50.5633167,0,0,0,0
0.037204333,4.630535296,0.106420071,7.647785699,0,0,0,0
0.052882409,5.692993825,0.151265874,10.53242787,0,0,0,0
0.030302693,11.71406837,0.086678208,20.04853459,0,0,0,0
0.048199306,13.62368434,0.13787028,22.97555322,0,0,0,0
0.09018274,15.21708302,0.257961051,21.99635154,0,0,0,0
0.189526946,225.4718679,0.542127075,354.9904381,0,0,0,0
0.09339269,20.33974343,0.267143039,26.56675493,0,0,0,0
0.005790629,32.45254882,0.016563611,52.61311053,0,0,0,0
0.000572083,0.68446562,0.001636411,0.828188581,0.002464988,0.399834984,0.007050962,0.494209811
104.1551155,346.9243651,191.6582885,558.8157831,0,0,0,0
0.07006178,6.736384114,0.200406052,11.9095862,0,0,0,0
0.057955362,28.27370177,0.165776776,46.3119022,0,0,0,0
0.008349254,7.593602254,0.02388236,12.63243162,0.039966168,5.526062799,0.114319963,8.705572945
0.024644595,42.4774767,0.070493935,64.90677242,0,0,0,0
51.002051,182.98928,93.8235062,295.1549783,0,0,0,0
0.006687454,4.999923135,0.019128984,6.068009856,0,0,0,0
0.091718907,39.8651803,0.262354834,63.44383371,0,0,0,0
0.053660733,4.272531696,0.153492346,6.889676439,0,0,0,0
0.138916367,12.23302257,0.397359279,20.20810144,0.041564519,0.698184633,0.118892017,2.027220779
0.08000203,14.56683695,0.228839296,27.43180963,0.019294348,1.568529141,0.055189912,1.572354432
0.074528483,7.17715201,0.213182559,13.45052088,0.00211705,0.316798097,0.006055647,0.533534551
0.060486101,7.125415675,0.173015588,12.96972428,0.006192891,0.598153536,0.017714261,0
0.040583892,3.553777993,0.116087082,6.178571393,0.002385795,0.462118853,0.006824382,0.666516014
122.3526278,362.5669181,225.112693,590.1112671,42.24195648,44.26823481,77.71962688,71.28594859
0.046554038,4.690763572,0.133164101,10.87500601,0.060346334,3.070995528,0.172615859,5.193392861
0.062550198,11.92211119,0.178919895,21.56256478,0,0,0,0
0.123337601,35.2652532,0.352797344,59.33080907,0.002951987,0,0.008443923,0.982011704
0.063636513,7.618088247,0.182027041,16.18418838,0.0665479,2.86798688,0.190354827,5.449380007
8.04395528,55.65714867,15.86137422,96.79949718,8.063367586,14.860712,15.89965214,24.63331415
0.070009262,9.216307414,0.200255768,16.68029461,0.061451398,2.45838205,0.175776697,4.320221688
0.054117955,9.728463154,0.154799915,17.4171954,0.070672713,4.682715308,0.202153424,7.402023268
0.03866159,7.339313476,0.110588377,12.29063624,0.033491706,1.982859219,0.09580034,3.316479779
0.015495043,6.370209106,0.044322298,10.38611371,0.028738156,3.86692049,0.082203135,7.267389556
0.036296405,6.639382893,0.103822878,14.40293912,0.051544854,4.193706284,0.147439809,5.824369463
0.079842759,6.988555918,0.228383653,15.11769605,0.022677956,1.540952593,0.064868432,1.833198599
0.002090841,0.319033998,0.005980655,0.357936952,0.005417118,3.729568354,0.015495157,4.184351319
0.042377329,14.56307176,0.121217019,19.2472576,0.049712196,2.255031143,0.142197829,2.794977851
0.001912935,4.172830164,0.005471881,4.36545002,0.002244035,0.741612666,0.00641898,0.806804932
10.08992136,37.21417931,18.64731302,62.01300914,0.095167129,0,0.175879591,0
250.649322,803.5244929,461.1076765,1292.771173,101.7382793,3.669691084,187.1630898,14.73402571
0.023367295,3.036041924,0.066840218,5.772116519,0.011180822,0,0.031981818,0
0.048490161,15.90094076,0.138702055,25.04984416,0.014240765,0,0.040734518,0
67.99046182,252.6689541,126.1286535,413.6148022,44.04528799,65.44423454,81.70812077,110.1020613
0.027071383,3.838001773,0.077435368,6.05060267,0.019904003,0,0.056933694,0.844236889
130.8144886,479.8794426,241.7514669,783.4739325,73.42057416,0,135.6847524,0
0.040619609,13.73205408,0.116189252,20.39371321,0.02330388,0.572538312,0.066658948,0.94362642
0.009096221,1.530015744,0.026018931,2.474916145,0.004155066,0.213724507,0.011885196,0.382154507
0.151627141,27.77673696,0.433717194,49.78518491,0.017227189,0,0.049276984,0
0.123589512,9.103644335,0.353517728,18.70308799,0.018615846,0,0.053249111,0
0.204093919,25.82153732,0.583793857,46.79832651,0.014522611,0,0.041540734,0
0.04931,5.983452507,0.141047158,13.41069449,0.016597923,0.3142194,0.04747698,0.044834567
0.03626416,2.606101518,0.103730543,5.360937175,0.012815704,0.039635184,0.036658229,0.080037048
0.012909094,1.47530044,0.036925281,3.145640688,0.006992645,0.28280896,0.020001821,0.576444266
0.010455323,0.796272013,0.029906538,1.637389541,0.006118323,0.296139513,0.01750093,0.60803547
0.013392349,6.012472866,0.038307966,7.231896587,0.01073273,2.488873415,0.030700296,2.938437794
0.121425004,15.64813326,0.347326621,27.06573294,0.036299128,1.284727801,0.103830786,2.358239882
0.169104817,20.36054072,0.483710836,37.87064048,0.007563334,0,0.021634314,0
0.05688706,6.43910115,0.162720868,10.95262022,0,0,0,0
0.065203742,6.15925718,0.186509838,11.15060334,0.00364953,0,0.010439175,0
0.080686654,9.976431768,0.230797893,15.12284938,0,0,0,0
0.04130258,4.10141929,0.118142796,6.836279387,0,0,0,0
0.024251198,1.900153089,0.069368705,3.075194633,0.000345042,0,0.000986968,0
0.081304155,11.60571109,0.232563801,21.40252386,0,0,0,0
0.022309473,3.520451435,0.063814451,6.250853814,0.032802012,1.195178424,0.093827516,2.123020342
0.014637948,1.412980598,0.041870594,2.667630865,0.013948613,0.366670853,0.039898811,0.751065368
0.033594634,3.349644149,0.096094683,5.597307809,0,0,0,0
0.04289633,7.419128739,0.122701743,10.56167278,0.007510446,0.435299435,0.02148307,0.463758877
0.045598804,8.154073602,0.130431546,12.65656059,0,0,0,0
0.006166202,1.033923954,0.017637961,1.887972737,0.01542244,0.947746944,0.044114739,1.576103184
0.019239024,3.130157455,0.055031617,6.71125717,0.031146809,2.662350039,0.089092839,3.567705373
0.051978414,5.691279187,0.148679986,10.47851039,0.009278955,0,0.026541689,0
0.066538894,9.890907908,0.1903292,14.78395811,0,0,0,0
0.038662412,7.657857358,0.110590582,10.99213597,0.010978198,0.051491376,0.031402213,0.591302578
0.021097562,5.933799666,0.060347815,11.13998292,0.022897407,2.175741991,0.065496122,2.864834118
0.017322089,7.124314558,0.049548445,13.11842439,0.023163836,3.497750009,0.066258295,4.469123675
0.037465509,4.344433062,0.107166964,8.76853695,0.042727209,2.218644991,0.122217617,3.973462443
0.059283795,8.550403354,0.169576623,12.98311441,0,0,0,0
0.036772195,28.98879046,0.105183978,42.61543083,0.029093981,1.904579379,0.083221049,3.218710624
7.170326219,24.23509108,15.27739507,52.45840128,2.86142362,5.058719035,6.096668096,9.402164545
0.159301349,10.63842214,0.45566842,22.69121872,0.003298245,0.184899794,0.00943436,0.39438195
0.068772102,6.360347915,0.196716823,13.48643016,0.021953457,0.246806924,0.062796019,0.523327401
0.146756606,14.18362749,0.419785189,28.19738021,0.014037354,0,0.040152695,0
0.042570949,4.643621057,0.121770764,9.739661299,0.02569621,0.305190601,0.073501934,0.640115343
4.137028201,17.43607631,8.81005488,34.42324732,2.456728758,0.5387695,5.231754325,1.298707271
0.035111895,12.67187468,0.100434759,17.74255828,0.016165053,2.321532973,0.046238837,3.251596263
0.012186886,3.083319785,0.034859582,5.309687369,0.008940142,0.784557449,0.025572537,1.351061539
0.015155192,1.801458669,0.043350185,3.234620516,0.005172299,0,0.014794938,0
0.018070826,2.117515098,0.051690063,4.196515417,0.020319572,0.920301148,0.05812241,1.823863244
0.017650974,1.915244894,0.050489062,3.692991773,0.014637295,0.746548816,0.041868695,1.439501886
0.013012398,3.438445843,0.037220874,6.14336988,0.013927472,1.017127939,0.039838366,1.81727252
0.009115709,1.448644366,0.02607473,2.782959756,0.017548631,0.668590606,0.050196404,1.284415135
0.003929258,0.851960751,0.011239324,1.467205946,0.008837869,0.482498555,0.025280004,0.830935872
0.007731969,1.161850441,0.022116711,2.08658831,0.009840283,0.463539131,0.028147383,0.832478345
0.011072874,1.583284015,0.031672996,3.017191072,0.014446656,0.642061377,0.041323408,1.22354665
10.6495162,43.2216055,19.60201019,70.38572069,10.15529556,8.375910845,18.69232398,13.64004216
0.076365927,8.610772569,0.218438405,15.06812636,0.002147592,0.234789861,0.006143009,0.410862472
0.014927767,2.842259148,0.042699753,4.043207146,0.000713475,0,0.002040842,0
0.003815194,1.674290447,0.010913112,1.991421772,1.86412E-05,0,5.3322E-05,0
0,0,0,0,0,0,0,0
0.116575171,22.79026703,0.333454279,33.40377901,0.050583535,2.285604852,0.144690298,3.521820078
0.445162468,63.4592944,1.273350884,122.0281388,0.193161984,7.720751848,0.55252408,15.13163312
0.045173179,11.18692618,0.129214559,14.87498669,0.02514839,1.304639419,0.071935122,1.941574462
0.064381728,14.23419664,0.184159228,19.02294997,0.035841994,1.63030694,0.102523405,2.481416876
0.197272622,38.51354184,0.564283398,48.4124997,0.124407317,6.173720945,0.355857712,8.079848799
0.088401047,12.89960449,0.252864064,19.81528024,0.028002136,0,0.080097851,0
0.083070324,37.10124797,0.237616269,58.32721886,0.046246135,5.479370482,0.13228351,9.10278764
0.043475658,6.233133266,0.124358573,9.819650846,0.033532276,1.43027675,0.09591634,2.818102649
0.186777585,36.0397943,0.534262937,47.39532181,0.151122903,7.680441664,0.432275456,11.91997004
0.05654122,6.594281001,0.161731535,11.20302253,0.052956359,2.398141918,0.151477334,4.244719446
0.036481258,4.655282829,0.104351674,8.561827355,0.038282691,1.562357383,0.109504527,2.87370179
0.057513586,5.94935963,0.164512866,10.97023024,0.05500638,2.087858297,0.15734121,3.849425855
0.078237462,10.33028251,0.223791968,19.11933871,0.076969041,2.54219185,0.220163751,4.93958298
0.011714622,3.167303325,0.033508699,7.170430692,0.018211213,2.528933535,0.052091652,3.728039303
0.058718311,15.23818686,0.167958871,37.35414165,0.14988122,10.07310658,0.428722831,15.36620074
0.043301457,11.62563154,0.123860612,15.2894525,0.110528984,15.76079172,0.316159974,20.89252601
15.49634585,49.51302213,15.67016865,59.07393749,39.55514363,64.24394851,39.99883439,72.46840326
0.013620288,2.756527294,0.038959808,4.551926637,0.028926771,3.895241778,0.082742849,5.955402014
18.72452601,85.59445135,18.95964682,117.0029937,15.70801269,21.13449375,15.90525565,28.17153233
0.120932855,21.681852,0.345918825,39.36889496,0.029265478,5.370222521,0.083711574,9.622697473
0.127157196,33.87172347,0.363722566,70.05394204,0.25320001,9.988123296,0.724257535,20.76596898
0.096738402,28.35000469,0.276712405,50.62137932,0.106354944,11.4083531,0.304219746,17.70775242
0.135990711,17.4643379,0.3889905,31.52137229,0.028927696,3.296593079,0.08274535,6.104133929
0.100298516,13.11984317,0.286896247,19.61407568,0.036658021,3.027349173,0.10485747,4.78719652
0.060116618,191.2359604,0.171959044,318.563304,0.025960044,31.22543001,0.074256744,38.69020931
0.04923988,6.374228792,0.140846646,11.26932428,0.027280623,2.32104802,0.078033989,4.184865371
0.100655865,40.99605562,0.287918422,65.11612246,0.036788628,10.80729233,0.105231065,17.20968481
0.033508971,3.80235489,0.095849757,6.857362224,0.032982024,1.736904923,0.094342467,3.269711128
0.150742049,12.22462816,0.431185429,23.93612672,0.001222035,0,0.003495531,0
0.193262027,48.56103904,0.552810851,82.53251492,0.073215881,10.29784673,0.209428278,17.58738327
25.9400415,50.64628051,26.21115382,63.86588433,2.552230595,0,2.578905231,0
0.047478385,11.21443162,0.135808269,18.10099486,0.003640984,0,0.010414754,0
0.04965637,73.9257466,0.142038077,118.4301797,0.014248382,0,0.040756357,0
0.175003625,17.40390059,0.500584475,24.35661922,0.024453843,0,0.069948345,0
0.07256079,14.07527733,0.207554338,26.61578263,0,0,0,0
0.083358787,7.467398332,0.2384409,14.6472571,0,0,0,0
0.087516153,7.795102859,0.250333143,14.67367843,0,0,0,0
0.124930016,193.5660661,0.357352811,312.6571996,0.004186248,0,0.011974444,0
0.055722368,18.51844593,0.159389393,29.08458999,0.002864295,0,0.008193088,0
0.061228706,9.745831824,0.175140043,16.03609865,0.002051697,0,0.005868723,0
0.027592017,3.134419955,0.078924717,5.275219965,0.000891261,0,0.002549379,0
0.099297931,22.70897566,0.28403379,39.24869829,0,0,0,0
0.079478149,7.204803309,0.227340688,13.17397002,0,0,0,0
0.100745774,12.13757854,0.288175768,18.09696537,0,0,0,0
0.023430715,3.755999888,0.067021868,5.677506717,0.010624512,0.672832409,0.030390649,1.339956495
0.077893668,3.770622485,0.222808661,5.796131115,0,0,0,0
0.1444538,15.61325171,0.413198498,31.708723,0,0,0,0
0.075011339,8.823790128,0.214563865,15.65625953,0.030818578,1.985049166,0.088154047,3.879950399
0.187390363,20.76455842,0.536015153,38.62653114,0,0,0,0
15.21683511,28.09105032,15.29228173,30.74670204,6.155338349,2.603863871,6.185857145,2.836029968
0.02967319,7.943997236,0.084877967,11.54015734,0.043034753,2.831782656,0.12309773,4.14473238
0.039960728,28.8175904,0.114304767,33.88927482,0.024346606,5.404555371,0.069641702,6.427397563
0.047862005,7.0654057,0.136905341,11.855078,0.044171684,1.904624032,0.12634948,3.227971439
0.07784377,10.95162671,0.222665914,17.35973972,0.007657719,0.287769473,0.021904295,0.484398937
0.074553953,15.25073718,0.213255591,25.59955015,0.025030598,1.93626981,0.071598013,3.391163747
0.061877003,6.491354228,0.17699406,10.61403553,0.009657837,0,0.027625447,0
0.021562752,5.047915646,0.061678669,7.965880385,0.027591739,1.758050237,0.078924145,2.942409955
0.013786209,2.057898354,0.039434345,3.315297192,0.01097607,0.768531693,0.031396167,1.246904213
0.031005485,55.24465321,0.088688815,87.25431597,0.027632366,14.57635845,0.079040268,22.32660197
0.018224222,68.25524238,0.052129027,108.6234659,0.023319749,20.34912645,0.066704405,32.3805581
0.107493435,11.23799818,0.307476364,22.03442042,0.02701002,1.742705774,0.077259999,2.77484312
0.077616116,16.94500032,0.222014759,33.00995107,0.054440206,4.048519546,0.155721904,7.839745849
0.018334132,4.184032122,0.052443306,5.764898829,0.012394432,0,0.035453273,0
139.4180868,494.8421941,258.8854894,816.0222145,65.08280532,15.1938121,120.8522818,25.03946491
0.017723974,3.733508835,0.050697956,5.365356242,0.009339013,0,0.02671347,0.009670029
0.005158641,0.675460096,0.01475583,1.159864144,0.000876095,0.011890984,0.002505991,0.033702012
0.033572238,5.694982728,0.09603078,8.130376274,0.020141615,0,0.057613527,0.105801467
0.075926702,13.43373624,0.217182169,24.06528266,0.083213154,6.866961544,0.238024471,11.3242649
0.034822546,4.86098908,0.099607062,8.512289558,0.046100653,2.085050091,0.131867169,3.61987595
0.031436356,4.590131797,0.089921259,6.868093137,0.010212365,0.516332347,0.029211676,1.197171331
0.038309707,5.024066103,0.109581821,8.486445401,0.01244523,0.856821447,0.035598575,1.574819554
30.19678036,49.15996056,30.33557357,52.40060428,7.645894868,4.988489162,7.68103763,5.372967053
0.019392196,3.073063759,0.055469883,5.445845774,0.00072068,0,0.002061449,0
0.035269947,10.38594345,0.100886988,16.73663592,0.011457739,1.944331664,0.032773986,3.243071747
0.152901625,46.0277416,0.437362592,74.35145484,0.033449925,2.428569448,0.095680775,6.469505819
0.07074127,28.90706875,0.202349708,46.45672712,0.028168844,3.071018531,0.080574709,6.61523355
9.679673613,16.89203598,9.74075608,17.72404121,5.828663179,6.142560534,5.865444288,6.453625222
0.051972704,10.52088154,0.148664048,13.97328902,0.046638181,2.812963083,0.133405042,3.997982055
0.054734618,11.93775135,0.156564017,21.42298715,0.039862399,4.967178116,0.114023219,8.993488056
9.683865856,18.68847058,9.75274755,22.32717075,5.83118756,6.350507256,5.872665011,7.474007303
0.037868879,5.608782057,0.108321153,8.59281019,0.017732764,0.625894609,0.050723272,1.122266714
0.02235431,3.018158706,0.063942457,5.365894597,0.001445364,0,0.004134333,0
0.117753527,29.58519564,0.336824587,52.5073111,0.029363639,0,0.083992351,0
11.91756467,40.32823196,25.42361261,83.85159299,1.314367321,0,2.803925678,0
0.089107783,15.06104126,0.254885594,28.06840241,0.08145772,3.819176695,0.233003208,6.036558817
0.02402199,5.395379872,0.068712982,7.996491938,0.021092694,1.244099266,0.060333963,2.106261406
0.13700142,14.26627835,0.39188175,25.37114699,0.008858112,0,0.025337929,0
0.040883691,11.37664543,0.116944875,20.56418836,0.001227268,0,0.003510512,0
0.069102476,29.13706319,0.197662286,46.18357974,1.41904E-05,0,4.05905E-05,0
0.113737089,9.776409164,0.325335613,18.29361812,0.000286256,0,0.000818811,0
0.082765312,8.443540215,0.236743611,15.97496288,0.012248736,0,0.035036538,0
0.057317467,9.602774357,0.163951849,16.90635586,0.000570303,0,0.001631304,0
0.106047225,9.903456261,0.303339762,18.21249406,0.017390264,0,0.049743486,0
0.104396521,71.97206,0.298617958,118.2332573,0.001932746,0,0.005528466,0
58.96334552,97.42170332,59.34933224,108.2898801,6.379391726,0,6.421152595,0
0.003297224,1.371696466,0.009431504,2.431998538,0.004670223,0.26971336,0.013358884,0.478098779
0.018160986,2.056428517,0.051948116,3.817832985,0.001964882,0,0.005620396,0
10.07063877,39.69530832,21.50000215,83.04787091,1.69111353,0,3.610391094,0
0.089261004,7.08292,0.255324068,13.97581849,0.000762205,0,0.002180227,0
0.072825676,8.227357279,0.208312136,14.31466739,0.021910531,1.265419632,0.062673357,2.304085221
0.052166694,14.38786262,0.149218739,20.3294721,0.042132942,1.682324591,0.120517978,2.759424772
0.034651485,10.51038268,0.099117973,13.29585201,0.031569413,2.665973042,0.090301938,3.584013855
0.042250654,12.69836382,0.120854836,16.59316551,0.04335657,3.265413666,0.124018226,4.637640539
30.92170846,79.17151197,31.0769735,87.99441901,30.10532513,23.16298851,30.25649093,25.702148
0.104185214,25.47073501,0.298013921,31.96065495,0.105600805,6.024408464,0.302063111,7.522446311
0.034211636,13.75633053,0.097859617,21.9883878,0.016702424,0,0.047775932,0
0.050403499,16.31478718,0.144175328,26.5079436,0.042217959,1.922554428,0.120761219,4.607400328
0.07642799,10.87988516,0.218616369,16.46889114,0.055354529,2.897638332,0.158337361,5.173624899
0.108381969,12.39070489,0.310017998,20.95386658,0.070423171,1.711179407,0.201439876,4.125842256
0.059825346,8.171791602,0.171125816,13.41212028,0.045250979,1.213068964,0.129436956,2.27643952
0.107109264,15.56342921,0.306377788,22.63155479,0.041480105,0,0.11865064,0
46.70992217,108.2607484,46.89319848,136.222576,1.168471014,0,1.173055758,0
0.095722753,12.15347123,0.273807472,17.76028162,0.019803703,0,0.056646949,0
0.071049849,12.1042205,0.203232854,17.88411857,0,0,0,0
0.068850577,12.26467798,0.196941644,20.83855512,0.00299683,0,0.008572197,0
0.092814223,8.96367881,0.265487877,15.47661141,0,0,0,0
0.089347355,8.146427884,0.255571005,14.33923795,0,0,0,0
20.48598356,73.79119848,43.51734236,151.3215488,3.627910542,0,7.706587514,0
0.099197868,42.54062975,0.283747574,71.07908033,0,0,0,0
0.007876435,15.03121745,0.022529996,24.93818555,0.006150168,1.986713515,0.01759213,1.448590131
0.055260539,7.727385774,0.158068755,12.43939444,0.021278976,0,0.060866963,0
0.046715348,7.551858603,0.133625602,13.17320386,0.042359245,2.052233977,0.121165311,3.56692341
0.034066527,4.358164042,0.097444585,8.401816583,0.034576173,0.73974002,0.098902389,1.486208977
0.075899522,8.732991648,0.2171047,14.82692348,0.066966589,2.021325433,0.191552737,4.405509248
0.027200161,3.123884949,0.077803961,5.027885447,0.020281105,1.191306091,0.058012535,2.100428856
0.028837846,5.606957588,0.082488493,7.71338923,0.017156116,0.544915377,0.049073782,0.775621701
0.019702284,3.266956884,0.05635691,4.359262986,0.008717182,0.140003946,0.024934848,0.289543613
0.044975451,63.07775085,0.128648871,101.8443559,0.021312609,0,0.060963103,0
0.032716654,12.68039458,0.0935835,22.97975287,0.019463684,1.440198924,0.055674387,1.176567647
0.052395809,5.276948408,0.14987441,8.332956706,0,0,0,0
0.021347349,52.19822821,0.061062315,84.54803729,0,0,0,0
0.048529356,3.295466203,0.138814136,6.072520726,0,0,0,0
0.054148133,4.845874963,0.154886344,8.870731485,0,0,0,0
0.060460663,5.080291316,0.172942941,9.294346698,0,0,0,0
0.064286571,10.31164901,0.183886783,14.98598383,0.015170781,0,0.043394849,0
0.036118607,3.524777921,0.10331456,5.645579287,0,0,0,0
0.064007496,9.906916226,0.18308872,15.26596913,0,0,0,0
0.032419693,9.195018854,0.092733847,15.16945015,0,0,0,0
0.052087962,5.171287407,0.148993363,8.9556916,0,0,0,0
0.031994478,2.551268814,0.091517867,4.510309163,0,0,0,0
0.018677836,2.772999715,0.053426391,3.791166255,0,0,0,0
0.032337464,2.728157193,0.092498685,4.560947223,0,0,0,0
0.047085482,8.792681686,0.13468448,13.33309486,0.032928906,0,0.094190659,0
0.044367748,6.042652016,0.126910362,11.0148732,0.030000369,2.168913303,0.085813634,4.504914057
0.04281293,4.514066423,0.122462999,7.94468736,0.037765976,1.278696289,0.108026588,2.403786723
0.020064576,2.680814931,0.057393047,4.672566086,0.015939228,0.208335668,0.045592833,0.486222919
0.054619578,5.818440673,0.156234989,11.01908028,0.043750353,1.123148825,0.125144429,1.956767308
0.040873093,9.464670201,0.116914484,15.62009549,0.026469818,0,0.075714971,0
0.025939376,3.542468113,0.074197474,6.51073955,0.018415045,0,0.052674737,0
0.026311814,3.060471619,0.075262793,5.522077599,0.023638156,0.894032268,0.067615014,1.665977165
0.033930372,6.040061698,0.097055304,9.637649062,0.021370009,0,0.061127319,0
0.034249401,5.418584246,0.097967637,9.120901254,0.028227974,0,0.080743833,0
0.091792412,9.489440857,0.262565003,14.31907401,0.001758235,0,0.005029295,0
0.025219587,17.6040893,0.072138929,18.85316492,0.000513202,0,0.001467978,0
0.081489419,10.14901911,0.233094205,15.8510679,0.009300527,0,0.02660344,0
0.039967303,6.345503139,0.114323592,8.930787203,0,0,0,0
0.042670128,4.819798529,0.122054564,8.028971313,0,0,0,0
0.037857086,3.834482358,0.10828713,6.230159295,0,0,0,0
0.054426941,8.882459339,0.155684047,15.11126554,0,0,0,0
0.043929935,3.921288036,0.125658177,6.888820227,0.003024456,0.151399519,0.008651223,0.236512963
0.082535965,25.5714672,0.236088113,37.26876448,0.059554939,2.8297987,0.170352563,3.380198663
0.105879235,27.57703057,0.30285984,34.88128327,0.076168869,4.652888603,0.217875502,5.885286489
91.84307038,210.6439896,92.21388057,218.7496042,63.06682146,7.859932028,63.32144948,8.162383476
0.009073499,4.334952535,0.025954059,5.133776611,0.007181933,0.450860031,0.020543377,0.864681598
0.04086567,11.12645948,0.11689317,13.96811382,0.026021447,1.651930277,0.074432388,2.073826824
0.096910792,26.53831722,0.27720594,36.33777209,0.067503325,4.786093008,0.193088119,6.56224579
0.062630568,13.35143328,0.179149741,19.56762307,0.033188666,1.798892483,0.094933532,2.637983414
0.079716677,48.67473984,0.22802352,76.87522183,0.019088639,0,0.054601606,0
0.049777689,10.57481419,0.14238511,15.50605834,0.038879881,1.971550322,0.111212798,3.507212844
0.039179185,7.18298952,0.112069009,10.43968351,0.013364235,0.623845642,0.038227354,1.217722851
0.023884196,3.993864197,0.068318952,5.961118248,0.000581443,0,0.001663175,0
0.056956605,22.15463397,0.162919931,36.71362798,0.018644793,0.38573385,0.053331978,0
0.053774084,12.1502188,0.153816522,19.34098474,0.019797254,0,0.056628483,0
0.036416133,4.554608777,0.10416557,7.076335109,0,0,0,0
0.037821938,4.736618368,0.108186861,6.926553002,0,0,0,0
0.034316782,4.936631577,0.098160547,7.616418306,0,0,0,0
0.072480136,9.796158851,0.207323759,15.97738776,0.012096429,0.368912586,0.034600888,0.786341512
0.117608811,16.0660178,0.336410771,27.31266034,0.016846423,0,0.04818787,0
0.026807657,4.547157511,0.076681401,6.689084937,0.013689545,0,0.039157974,0
0.052840656,7.559175553,0.151146727,11.02817208,0.021158427,0,0.060522091,0
0.044299878,7.829740874,0.126716459,12.05043202,0.019953328,0,0.057074991,0
0.007143632,4.624328273,0.020433964,7.354493352,0.003647953,0,0.010434768,0.400271633
0.028064318,29.47651382,0.080276005,47.3788117,0.01591246,0,0.04551647,0.119335453
0.006472166,1.082654451,0.018513089,1.733478257,0.002599359,0,0.007435247,0
0.018893619,2.242122282,0.054043773,3.772165012,0.008889522,0,0.025427807,0
0.043449454,6.746865508,0.124283688,11.65429934,0.021751468,0,0.062218335,0
0.043172761,5.300549945,0.123492313,9.047869623,0.009973912,0,0.028529598,0
0.025775849,4.47143469,0.073729823,7.639474679,0.01374242,0,0.03930913,0
0.037074795,5.34093233,0.106049587,9.361205554,0.011581063,0,0.033126735,0
7.514819618,28.26909749,16.02225755,58.269728,2.025972091,0,4.319551004,0
0.039761571,4.840118877,0.113734848,8.332251983,0.009472674,0.007152035,0.027095839,0
0.023288963,3.456581973,0.066616389,5.986700475,0.005565387,0,0.015919386,0
0.036627376,5.489014514,0.104769723,9.252859314,0.016315713,0.420045357,0.04666981,0.674111755
0.06961872,8.396261415,0.199139066,14.36711104,0.013633523,0.108962759,0.03899766,0.095514019
0.054226416,6.307737603,0.155110646,9.000745942,0.009442957,0.354765596,0.027010879,0.582472476
0.02345388,3.524545681,0.067088237,5.85453224,0.004084245,0.234998092,0.011682707,0.423537645
0.013824917,1.689570455,0.039545043,2.257952454,0.00285264,0.121263741,0.008159743,0.173337286
0.00608799,0.939336277,0.01741416,1.506634145,0.001622356,0.088121502,0.004640606,0.150280124
0.025419079,5.968804351,0.07270931,9.24041613,0.004426464,0.410524658,0.012661557,0.674210202
0.004625044,0.624598898,0.013229786,1.033716009,0.000847554,0.038960376,0.002424399,0.073607099
0.027965041,3.795996536,0.079991779,6.445984909,0.005741618,0.261152973,0.016423441,0.456206623
0.018809335,3.194128536,0.053802545,4.897096821,0.013111089,0.844199967,0.037503184,1.280086986
0.028642237,4.694168747,0.081928964,7.655957978,0.019299972,0.755594977,0.055206116,1.234930107
0.013917039,2.758959006,0.039808896,4.444713853,0.000512249,0,0.00146526,0
0.018499215,2.943188017,0.052915613,4.26492239,0.000877778,0,0.002510817,0
0.098133552,14.64965503,0.280702954,25.69867683,0.004656383,0,0.0133192,0
0.012606321,2.594544266,0.03605959,3.884624952,0.000598163,0,0.001711008,0
0.067858609,13.70557201,0.194104163,20.14238817,0.001667021,0,0.004768383,0
9.886602579,25.6616714,21.05080649,54.36101051,0.341440281,0,0.727003358,0
11.0242763,37.7353017,23.49550917,74.5841238,1.73057997,0,3.688301748,2.187605702
0.01358703,1.931543881,0.038864651,3.145603118,0.007863615,0.258361441,0.022493264,0.422423283
0.016173454,4.3185573,0.046262925,5.525133095,0.009158557,0.719753469,0.026197351,0.934986442
0.024083495,57.04100186,0.068889076,96.73518432,0.009601435,4.679554574,0.027464201,5.267692558
0.002399431,0.393012864,0.006863353,0.604639064,0.001751576,0.08335478,0.005010224,0.131719155
0.01185987,1.964059316,0.033924319,2.797501051,0.00553598,0.170492387,0.01583528,0.296100542
0.018693604,3.00288878,0.053471596,4.863417256,0.013646267,0.644014854,0.039034081,1.026913005
0.007928318,1.288803931,0.022678246,2.095500971,0.004537943,0.15927704,0.012980381,0.268871198
0.026000109,5.283929135,0.074371388,8.390266398,0.018259787,0.82137596,0.052230771,1.612839742
0.013703513,2.122061778,0.039197835,3.379832037,0.00429442,0.018580593,0.012283853,0.091014894
0.022290565,10.22740552,0.063760541,12.58962673,0.013032675,0.025174565,0.03727902,0.235028482
28.55709151,62.59729725,28.66579077,64.86265798,18.68455121,11.87906823,18.75567179,12.36750418
0.046278249,17.68715555,0.132375366,21.33829523,0.026718058,1.076636119,0.076424947,1.404257413
0.012345849,5.008822718,0.035314399,6.674331811,0.00867608,0.667761471,0.024817292,1.01793697
0.019167397,4.796324574,0.054826849,6.654252622,0.012817533,0.309544351,0.036663559,0.587620473
0.023628754,5.798253684,0.067588213,7.925361757,0.018541703,0.27815697,0.053037098,0.803101277
0.021946824,5.25602172,0.062777251,7.864153648,0.015141996,0,0.043312548,0.243794092
0.02569421,4.845081124,0.073496156,7.539869388,0.007107449,0,0.020330268,0
0.019798321,4.936911204,0.056631532,7.35580388,0.013251634,0.171631021,0.037905251,0.564066747
0.051065509,6.639427776,0.146069266,10.16006443,0,0,0,0
0.00497631,0.481676594,0.014234551,0.7892827,9.20826E-05,0,0.000263399,0
0.014562694,1.568990329,0.041655358,2.512830161,0,0,0,0
0.014011559,2.260213893,0.040078833,3.708272951,0.002212701,0,0.006329237,0
0.007089309,0.997055512,0.02027836,1.582413255,0.002390535,0.05007095,0.006837919,0.066937729
0.023225697,3.316793307,0.066435114,5.236043597,0.001539095,0,0.004402448,0
0.018405164,2.053348515,0.052646402,3.307578973,0,0,0,0
0.027051012,8.919473649,0.077377472,14.25097227,0,0,0,0
0.014382148,64.54263086,0.041138703,105.0852047,0,0,0,0
0.043732531,7.62593849,0.125093282,10.75061585,0,0,0,0
0.033698521,4.362144306,0.096392128,6.422186486,0.005557028,0,0.015895467,0
0.136474163,25.05992299,0.39037317,47.97544265,0.056470034,1.388342216,0.16152791,2.657892645
0.023263448,3.769733693,0.066543398,5.771266494,0.009625908,0.20674292,0.027534208,0.318424115
0.042074436,5.103169428,0.120350369,8.560753176,0.006938251,0,0.019846281,0.040951087
0.048653708,13.22522226,0.139170087,21.87807017,0.01677262,1.290033751,0.047976756,2.298921955
0.015515818,2.731573373,0.044381792,4.852972074,0.008522657,0.170070824,0.024378398,0.302460762
0.036371529,3.273901228,0.104037722,5.622605741,0,0,0,0
0.012722348,2.646542465,0.036391202,3.737351755,0.007287189,0.416360841,0.020844387,0.646648249
0.026955728,6.501896709,0.077104627,10.30772475,0.022800537,1.225159973,0.065219047,1.95049363
0.012809256,2.447182125,0.036639694,3.891194624,0.004634779,0,0.013257357,0
0.065514104,9.065103103,0.187398133,12.89947716,0.019143021,0.633947101,0.054757162,0.888559096
0.003893564,1.65596855,0.011137377,2.112124803,0.000833562,0.130851482,0.00238437,0.169465657
0.016756884,2.305460731,0.047931991,3.931793961,0.003555337,0.149880659,0.010169814,0.263991307
0.027270837,4.189832462,0.078005974,7.180405032,0.007319743,0.312478257,0.020937519,0.559678654
0.024518942,4.536273724,0.07013472,6.990308629,0.004488224,0.065294915,0.012838251,0.10061818
0.020395638,3.067500611,0.058339911,4.933354461,0.001462055,0.007580012,0.004182079,0
0.064420449,7.079198566,0.184269801,10.09585328,0.003183709,0.205044757,0.009106759,0.302151905
0.068448407,10.09790431,0.195791362,15.48298054,0,0,0,0
0.05254919,5.558645629,0.150313133,9.275627183,0,0,0,0
0.016939522,2.382182449,0.048454077,3.415426932,0.002599276,0.114136237,0.007435011,0.202775542
0.052559472,5.50730147,0.150341964,8.530785862,0.004538028,0.203707422,0.01298065,0.315541905
0.060502412,8.198702524,0.173062605,13.99380857,0.00270272,0,0.007730928,0
0.03513536,4.476983282,0.100501986,7.42395381,0.008050921,0.432202131,0.02302904,0.735692717
0.029881004,4.579637198,0.085472152,6.899944151,0.000804049,0.092862386,0.002299915,0.16281411
0.041143913,6.37356365,0.117688797,10.45894132,0.0108243,0,0.030962024,0
0.012877179,2.147815966,0.036834054,3.842856233,0.005616076,0,0.016064298,0.052925741
14.11990678,62.32080424,25.9848485,101.0662311,3.461287375,0,6.369803246,0
0.062248687,7.89470467,0.178057341,12.01913181,0.004094099,0,0.011710839,0
0.041156851,5.303567207,0.117725789,8.637735396,0.003298438,0,0.009434911,0
0.065030434,12.46178468,0.186014536,19.52227811,0.00636938,0,0.018219118,0
0.085362347,9.36889509,0.244172543,16.4681358,0.027038999,0.008096605,0.077343012,0.062082598
0.042181172,4.525696548,0.120656094,8.372790483,0.01427055,0.398443758,0.040819844,0.662856901
0.03453275,3.973028011,0.098778151,7.411424996,0.019456429,0.610902889,0.05565355,1.257137796
0.029934551,3.902548806,0.085625381,7.137898532,0.019668591,0.615838123,0.056260427,1.184448227
0.050333631,4.779690954,0.143975432,8.866446719,0.002433928,0,0.006962061,0
11.42925274,49.90917374,21.05198555,81.49743082,2.77835608,1.500160599,5.117562223,2.520913429
0.047283383,3.986595604,0.135250367,7.414231005,0,0,0,0
0.042999991,7.452690721,0.122998229,11.32238767,0.03152355,1.283740169,0.090170735,2.311265129
0.075165828,11.4232782,0.215006069,18.91587453,0.045557748,2.439181888,0.130314435,4.039055842
0.080472476,9.597874163,0.230185071,15.30886227,0.008669283,0,0.024797789,0
0.015920794,2.876906637,0.045539951,4.099873013,0.000119312,0,0.000341281,0
0.022013552,2.002406099,0.062968324,3.924727323,0.003704542,0.147953326,0.0105966,0.289989358
0.010903921,0.948385967,0.031189837,1.778934456,0.002530159,0.028505066,0.007237327,0.053468362
0.067532804,8.390473089,0.193172477,16.68574089,0.115041145,6.231030058,0.329066495,12.39135767
0.094996356,8.835912684,0.271729927,17.49030829,0.161824906,6.561827555,0.462887965,12.9888548
0.074032979,11.76992136,0.211765766,24.67967434,0.126114098,8.740714973,0.360739892,18.32790487
0.395617315,81.87939671,1.131631099,158.8027236,0.673928321,60.80622351,1.927717059,117.9319132
0.115296929,9.319366122,0.329798284,18.76177178,0.196406635,6.920855332,0.561806562,13.93308371
0.081717479,7.926071014,0.233746598,16.0047243,0.139204533,5.886150424,0.398183919,11.88561326
0.115409382,8.727029038,0.330120005,17.97710922,0.196598198,6.480967124,0.56235461,13.35036853
0.095031699,13.66031975,0.271830854,24.68559398,0.211283616,12.71308726,0.60436051,22.97384806
0.093527183,86.86423007,0.267527319,141.9150758,0.184754206,64.50356113,0.528475206,105.3831682
19.54872707,122.2749749,36.01555619,197.7014216,33.30530112,28.79015483,61.35995145,46.54962753
0.117979701,26.93575811,0.337471918,51.44310535,0.629949165,49.34145096,1.801921436,94.23449118
29.62789058,52.56217269,29.73650042,55.73793849,55.85014022,57.24586033,56.05487551,60.70461092
0.078456845,14.18137798,0.224419703,24.06353056,0.127492979,5.177699631,0.364683751,8.785728262
0.044572073,11.28180732,0.127494876,18.76245788,0.062822882,2.540740485,0.179699866,4.225434366
0.045183592,8.649532226,0.129244089,15.59692661,0.10045651,8.049757251,0.287347894,14.51540613
0.044131039,8.253341242,0.126233268,15.30525055,0.08717674,6.128758649,0.249362018,11.36535907
0.139494061,8.96184701,0.399012358,18.50321657,0.014363433,0,0.041085528,0
0.16482556,7.845193258,0.47147096,17.51270284,0.021660466,0,0.061958114,0
0.096503629,6.525409501,0.276041326,13.23193879,0.012681975,0,0.036275829,0
0.17596942,9.545166408,0.503347351,20.17341736,0.018119229,0,0.051828699,0
0.097820276,13.02800647,0.27980712,22.99985478,0.001958261,0,0.005601451,0
28.04001561,49.85973928,28.27531482,57.00412883,7.21504699,0,7.275592423,0
0.038026245,50.15672724,0.108771188,82.02366069,0.005345599,0,0.015290682,0
0.139462823,30.31780771,0.398922195,55.09713187,0.020780587,0,0.059441199,0
19.75292289,99.85995681,20.00021393,149.165257,3.653004912,0.603708191,3.698737657,0.901785764
0.044064895,9.464382009,0.126043981,18.18353269,0.011580163,0,0.033124098,0
0.038767284,4.54550633,0.110890808,9.201742659,0.008871277,0,0.025375599,0
0.073418353,6.088695044,0.21000748,10.68716827,0.091900126,0,0.262873152,0
0.055723264,18.36042863,0.159392143,31.24021348,0.061882446,0,0.177010013,0
0.056670185,11.5196649,0.162100803,22.11596724,0.087081643,1.899666817,0.249090492,3.647065211
0.098063163,11.12216592,0.28050223,19.99883909,0.118212983,1.438845819,0.338139262,2.587198053
0.051914954,8.810407634,0.148498683,15.65600144,0.069728228,0.621726955,0.199452166,1.104802242
0.135267078,84.23357877,0.386920771,141.8710304,0.150218365,0,0.429687747,0
0.15499001,29.43242621,0.443336618,51.3759634,0.017329695,0,0.049570216,0
0.084718134,4.72976258,0.242329595,8.387066833,0,0,0,0
0.037463697,5.897430238,0.107161916,11.22355646,0,0,0,0
0.04787974,22.75359514,0.13695621,37.71582891,0,0,0,0
0.117414474,8.773077495,0.335855526,16.49245729,0,0,0,0
0.139101736,39.30825068,0.397889322,66.83655865,0,0,0,0
0.099311069,9.200293436,0.284071354,17.71834027,0,0,0,0
0.115584096,16.91194638,0.330619379,30.34947961,0,0,0,0
0.114281786,10.6790649,0.326894029,20.00366319,0,0,0,0
0.084241273,45.30395293,0.240965333,75.52755226,0,0,0,0
0.159500605,14.13305605,0.456238898,27.33327597,0,0,0,0
0.067143067,7.904113031,0.192057567,15.47472732,0.055056771,0,0.157485648,0
0.07082058,4.466806984,0.202576841,8.586102629,0.034890845,0,0.099802587,0
0.069788787,15.69797673,0.199625394,23.85845694,0.044010122,0,0.12588753,0
0.113683775,81.99990903,0.325183446,136.8886772,0.093219774,0,0.26664779,0
0.060014535,9.678039189,0.171666886,17.35527237,0.01514332,0,0.043316283,0
0.080083755,47.82381351,0.229073248,79.55681009,0.010156287,0,0.029051257,0
0.037077174,5.375005245,0.1060563,9.827549596,0.052659223,2.021944511,0.150627508,3.696881968
0.089677224,13.03797222,0.256514753,24.25360077,0.144194671,10.4100854,0.412457688,19.36513217
0.06052323,8.360461762,0.173121935,14.69761704,0.083187581,0.460988421,0.237951528,0.810413522
0.060103176,8.587449273,0.171920313,14.26477545,0.083767939,1.156322568,0.239611467,1.920789429
0.120026767,25.42199867,0.343326958,38.81747982,0.145838101,1.705646915,0.417158215,2.604394547
0.159898526,41.20871283,0.457377073,79.2181987,0.224955299,0,0.643466819,0
0.11643749,263.1112735,0.333060385,433.9994831,0.11402169,0,0.326150177,0
0.147843765,22.85899165,0.422895357,40.81370557,0.208380962,5.148001903,0.596057203,9.191526782
0.066194036,16.35292033,0.189342701,26.04505177,0.111607027,4.690632211,0.319242899,7.470699811
0.087765816,12.68760224,0.251047439,25.6827571,0.115418561,2.268428895,0.33014601,4.591845426
0.027960757,5.450753292,0.079979569,7.712116642,0.031110154,0,0.088988173,0
0.105517713,19.24542227,0.301825042,36.13639495,0.129719689,3.216646481,0.371052875,6.039774343
0.061750113,6.899214082,0.176631284,14.15860266,0.133291706,5.698109534,0.381270319,11.69368973
0.036732946,5.133551918,0.105071643,10.45329706,0.16710054,9.114323859,0.477977684,18.559223
0.125585579,15.40715173,0.359227548,31.34620596,0.06586719,0,0.188407852,0
0.076734082,39.68897841,0.219491658,67.87036408,0.120349718,18.026367,0.344250672,30.82609179
0.08408839,8.31739923,0.240528046,16.42568608,0.037131642,0,0.106212062,0
0.025929324,7.819501746,0.074168896,13.13235805,0.005653236,0.183301036,0.016170658,0.307842484
0.098140568,7.591301886,0.280723725,15.21868273,0.001689111,0.103099873,0.004831575,0.206689746
27.52794738,63.49904153,27.76194302,86.66437506,0,0,0,0
0.098304433,8.27847581,0.281191969,16.24555032,0,0,0,0
0.069690619,8.036290915,0.19934455,17.22867081,0.013669328,0,0.039100042,0
0.04802197,43.61040011,0.137362971,71.70852547,0.009419174,0,0.026942788,0
0.096711077,7.980204195,0.27663454,16.19892926,0,0,0,0
0.098947506,7.809657631,0.283031532,14.32247838,0.000565079,0,0.001616364,0
0.103059661,42.02558291,0.294794523,71.48348933,0.001545103,0,0.004419652,0
0.02200891,2.674407209,0.062954742,5.091338021,0.012621116,0.018555372,0.036101703,0.03532434
0.078363124,8.366303613,0.224151487,16.92697101,0,0,0,0
0.057222739,5.891139245,0.163681085,11.95035494,0.017743563,0.058714265,0.050754047,0.119103671
0.042545688,4.120816835,0.121698482,8.271907911,0.005953174,0,0.017028569,0
0.079838978,7.289265223,0.228373142,13.90713554,0.047675055,0,0.13637076,0
0.069869608,7.791404498,0.199856443,14.96705931,0.00613395,0,0.017545674,0
0.055979424,30.08943028,0.160124759,51.70465999,0.0660476,2.402201761,0.188923987,4.127862314
0.045894265,11.5555752,0.131276793,19.64403404,0.024147212,0,0.069071128,0
0.088095688,8.744583363,0.251990812,17.54054966,0.020959159,0,0.059952031,0
0.073146871,7.243088704,0.209230936,13.45255248,0.012352018,0,0.035331988,0
0.071535176,8.33294897,0.204620584,16.82548325,0.046939449,0,0.134266496,0
0.068446407,5.582869181,0.195785693,11.07685938,0.008983457,0,0.02569649,0
0.100445298,12.01989374,0.287315734,23.20219038,0.067494828,0,0.193063553,0
0.075794624,28.1665363,0.216804532,47.81921503,0.012309391,0,0.03521004,0
0.097694463,11.00052987,0.279447568,17.41906185,0.017460065,0,0.049943184,0
0.123460956,12.21406729,0.353150366,25.81825,0.016686395,0,0.047730122,0
0.078763221,5.748661499,0.225296063,11.82897153,0.010277098,0,0.029396838,0
0.069954001,6.676136668,0.200098034,13.47735638,0.015639721,0,0.044736219,0
0.07209687,24.24191807,0.206227286,42.99996036,0.019421276,0,0.055552995,0
0.074602333,10.3225423,0.213394133,21.16826376,0.025258584,0,0.072250203,0
0.040580742,3.850307991,0.116078138,7.791989276,0.006590497,0,0.018851617,0
0.038890676,16.25302477,0.111243544,27.38598339,0.006845242,0,0.019580245,0
67.05756735,225.1993513,142.8433378,469.2041127,32.59392017,0,69.43026019,0
0.044691474,6.414274923,0.12783632,11.82083283,0.015131475,0,0.043282352,0
0.084328955,14.12971511,0.241216278,25.07462279,0.021173129,0,0.060564055,0
0.06747215,6.120789644,0.192998899,11.32920511,0.027282405,0,0.078039222,0
9.777870429,22.78386459,9.861217892,29.38680989,5.09646688,0,5.13990963,0
0.074585532,6.738571724,0.213346021,13.20639578,0.030158705,0,0.086266593,0
0.12865802,11.13957646,0.368016023,21.88131271,0.037734965,0,0.107937864,0
0.083137673,22.43850502,0.237808736,40.87020781,0.05146791,0,0.147219885,0
0.113191683,17.36423874,0.323775783,34.26819392,0.059366996,0,0.169814558,0
28.17032433,100.6190272,51.89099952,164.3548511,0,0,0,0
0.078829484,6.603886631,0.225485495,12.71391938,0,0,0,0
0.15468557,14.41602497,0.442465926,27.51600327,0,0,0,0
0.069774123,6.508433067,0.199583372,12.226119,0.001892493,0,0.005413326,0
0.08869714,7.003715915,0.253711042,14.56148153,0.0173247,0,0.049555911,0
0.114510123,9.474651577,0.303902442,19.75400565,0,0,0,0
0.245078169,12.3046997,0.629347458,25.55498918,0,0,0,0
0.26631246,11.78925739,0.673056442,19.71935641,0,0,0,0
0.143887571,8.810974495,0.387087453,16.32796683,0,0,0,0
0.219811924,10.16928095,0.5690264,20.16309517,0,0,0,0
0.069137607,5.365962726,0.177790618,9.08107501,0,0,0,0
0.565575087,47.88471081,1.38789515,95.24110494,0.039591084,0,0.097154691,0
0.399297554,20.47378281,0.992452103,36.99545029,0,0,0,0
0.320009683,19.38746866,0.777676039,36.24015068,0,0,0,0
0.256208182,14.23625314,0.616666201,27.57294644,0,0,0,0
0.164942046,16.49104124,0.396004996,29.9646879,0,0,0,0
0.16189722,6.259796376,0.387975236,12.81127516,0,0,0,0
0.177067347,19.91840405,0.426476182,35.15210156,0,0,0,0
0.214935481,17.07884228,0.563315644,33.16036026,0,0,0,0
0.069120314,4.365080284,0.17523421,7.298834079,0.07648517,1.970376446,0.193905635,3.294658933
0.019617097,22.66152864,0.048498115,42.57450505,0.158166916,51.76663681,0.391026121,97.25464577
53.71404944,90.78877936,53.90332888,92.60025359,59.437349,40.9816225,59.64679641,41.79931334
0.197916145,14.59258334,0.49438821,27.32451953,0.294608463,9.153213154,0.735922535,17.13933344
0.201492688,9.532106715,0.493027099,17.78880872,0,0,0,0
0.074775445,6.081549062,0.180025662,11.07170984,0.119324468,3.363439757,0.287279686,6.123280217
0.220417134,9.905603154,0.530343369,18.7649114,0.017401946,0,0.041870641,0
0.357506995,22.72101189,0.878877415,40.25752228,0,0,0,0
0.189957378,12.43960995,0.476948343,23.26983268,0.33483704,9.815102255,0.840714761,18.36036564
0.248466886,20.32109615,0.688207175,41.39715577,0,0,0,0
0.209557866,12.47696929,0.523522135,25.25632086,0,0,0,0
0.224272627,10.53389831,0.576602695,21.28862544,0,0,0,0
0.010082959,0.796405468,0.024391854,1.607327216,0.019093183,0.777271372,0.046188636,1.568710262
0.437251967,9.487525907,1.067493239,19.58683868,0,0,0,0
0.214738949,11.26909364,0.533248415,22.68786777,0,0,0,0
0.210375155,10.89163987,0.525855555,21.98281402,0.033515622,0,0.08377594,0
0.107017478,3.988909111,0.258619886,8.208943498,0,0,0,0
0.111407104,4.242028483,0.266945558,8.640323548,0,0,0,0
0.394550497,19.60381391,0.999780141,39.77191693,0,0,0,0
0.414778239,19.9993424,1.042915966,40.63959062,0,0,0,0
0.081006373,3.225034316,0.210168779,6.452735585,0.016405955,0,0.042564792,0
0.132886967,14.24667212,0.331813689,25.75767772,0.136471701,0,0.340764633,0
0.141392071,9.73113289,0.341667878,18.08635234,0.145206237,0,0.350884647,0
0.153854682,12.17350071,0.372477964,22.04347607,0.217469747,3.690692632,0.526488291,6.683015562
0.088827148,7.931880394,0.215473298,16.74889433,0.165696302,6.847123638,0.401939379,14.45833076
0.170551031,13.50092533,0.41840763,25.25924068,0.150652907,0,0.369592168,0
0.126786696,13.71100561,0.304484563,28.19694939,0.186882605,7.381219924,0.448807881,15.17962216
0.161177162,15.45295592,0.397985244,27.11473925,0.142372683,0,0.351552455,0
0.336524443,20.3638176,0.829491999,39.22615604,0,0,0,0
0.140794032,8.564296522,0.344700369,16.37996035,0.01630042,0,0.039907664,0
0.203922336,12.45386355,0.494363043,21.61227528,0,0,0,0
0.537821554,44.68596923,1.291364759,81.5665609,0,0,0,0
0.207310731,15.79388227,0.499514714,29.62521694,0,0,0,0
0.321951986,22.17054358,0.822193689,41.66587444,0,0,0,0
0.394943632,16.02007151,0.969101801,31.1366302,0,0,0,0
0.330509978,15.60118632,0.80448755,29.37907889,0,0,0,0
0.162981437,9.159111261,0.398633551,17.7657756,0,0,0,0
0.499989212,26.9822909,1.2202216,51.38880285,0,0,0,0
0.273667857,12.33401022,0.667956588,23.16797194,0,0,0,0
0.238314753,19.03374048,0.600074951,35.2567469,0,0,0,0
0.101003259,5.332154652,0.243683235,9.37503247,0,0,0,0
0.12573346,6.111639896,0.302633419,11.57980244,0,0,0,0
0.13239442,6.320098091,0.323627968,12.3022415,0,0,0,0
0.09244001,3.172989088,0.221639398,6.296357215,0,0,0,0
0.205478446,20.22660528,0.504073993,36.20799651,0,0,0,0
0.327329871,19.74252509,0.822961079,37.87779335,0,0,0,0
0.316275764,14.52970333,0.772441571,26.90461764,0,0,0,0
0.218486168,10.38038808,0.532652188,19.74343421,0,0,0,0
0.084955101,72.88966324,0.215171327,118.6825954,0,0,0,0
0.128003293,10.37709659,0.307700088,18.50009409,0,0,0,0
0.072327987,15.73643348,0.17530039,26.10944972,0,0,0,0
0.090499318,3.954432168,0.217529356,7.923487164,0,0,0,0
0.111899273,9.001139461,0.26968766,15.26997047,0,0,0,0
0.147432532,19.09860978,0.35800483,33.14686311,0,0,0,0
0.02077944,4.190553923,0.051136538,8.840858358,0.135496678,8.747509954,0.333446476,18.45471933
0,0.815257212,0,1.773259814,0.035249303,4.992391685,0.090871399,10.85891351
0,0.396515356,0,0.85206912,0.019534555,1.69328597,0.048522885,3.638690566
0,4.04323364,0,9.193954738,0.138507591,12.12487237,0.328898199,27.57088452
0.126233148,8.484248004,0.318596466,16.0579317,0.131012695,1.766322334,0.330659437,3.343075707
0.169298155,7.89902102,0.427862844,16.31689541,0,0,0,0
0.05663716,3.672624549,0.141287393,7.14546536,0.142687489,5.494351351,0.355949049,10.68982052
0.110802404,5.544473253,0.266087621,10.64078232,0.033199538,0,0.079727387,0
0.152287504,7.387351736,0.365972611,14.47884389,0,0,0,0
0.159357156,6.742853393,0.382162976,13.43490338,0,0,0,0
0.133601109,9.757093093,0.335393571,19.77498358,0.264271653,11.46083964,0.663430221,23.22801613
0.393888155,17.43432811,0.966567139,34.59719656,0,0,0,0
0.065267905,4.6558289,0.164778024,9.590505395,0.115121337,3.740358466,0.290640037,7.704735035
0.146513928,5.475221289,0.353135085,10.11886988,0,0,0,0
0.184569053,10.35614159,0.441856993,20.32939882,0,0,0,0
0.150188268,16.76290773,0.363327189,29.95938831,0,0,0,0
0.091099731,3.362927716,0.218370167,6.850781278,0,0,0,0
0.067750834,3.284912623,0.163015088,6.455655835,0,0,0,0
0.045935702,8.178400629,0.110380712,13.62807176,0,0,0,0
0.062710329,2.384239922,0.150385104,4.908684379,0,0,0,0
23.89450096,62.49887261,50.89049101,132.6285675,0,0,0,0
0.101390346,4.136094737,0.243351115,8.246378069,0,0,0,0
0.181956544,6.310088673,0.520472203,11.23099085,0.018478929,0,0.052857504,0
0.043217092,3.346507403,0.123619205,6.242265489,0.004388991,0,0.012554374,0
0.180243791,13.68269163,0.515573334,27.09837218,0,0,0,0
0.097796516,11.96130058,0.279739443,24.26617068,0.002379795,0,0.006807221,0
0.117873779,10.07411971,0.337168272,18.49499727,0.014423071,0,0.041256012,0
6.99606536,28.05495402,13.01466846,51.43815233,0.637405002,0,1.185754327,0
0.115566267,7.384064619,0.330567756,14.28825032,0,0,0,0
0.151835398,13.27058759,0.434312782,26.2854255,0,0,0,0
0.120166351,26.72564881,0.343726112,47.41162991,0.034451951,0,0.098547015,0
0.057900469,5.600280078,0.165620163,11.31920604,0.000784479,0,0.002243947,0
0.051942351,6.196078369,0.148577081,11.52999476,0.000703754,0,0.002013035,0
0.102979028,6.816848205,0.294563173,12.69549619,0,0,0,0
0.030301925,27.34526164,0.086676285,44.72411889,0,0,0,0
0.047826472,3.678698389,0.13680383,7.456712584,0.000647989,0,0.001853522,0
0.035682934,72.88201651,0.102068213,119.6342483,0,0,0,0
0.085754181,7.214557938,0.245292776,15.13196416,0,0,0,0
0.149274273,18.30814197,0.426986977,35.94024775,0,0,0,0
0.050721182,2.960894709,0.145083841,6.311703821,0.005065843,0,0.014490434,0
0.032089133,1.621970662,0.09178844,3.425991512,0.003357575,0,0.00960408,0
8.675096096,37.73890388,16.00533502,62.52448973,0.939763365,0,1.733839872,0
0.046193385,2.144672847,0.132132379,4.355723904,0.004613624,0,0.013196891,0
0.161789121,10.37508021,0.462784464,22.87667594,0.018005379,0,0.051502905,0
0.094806815,4.888035211,0.271187171,10.56906226,0.006404063,0,0.018318302,0
13.82402719,39.69491838,29.50315411,84.90478344,0,0,0,0
0.053448174,3.620270558,0.152884167,7.960156985,0.006235574,0,0.017836354,0
0.076935585,4.911776893,0.220068379,10.39887396,0.009545094,0,0.027303014,0
0.055946529,4.896306309,0.160030534,9.895227686,0.006941065,0,0.019854355,0
0.009827036,3.409545448,0.028109407,5.834217505,0.000758178,0,0.002168704,0
24.8156017,63.75296925,45.72633966,104.8233754,1.914579226,0,3.527889473,0
0.102544405,5.130896783,0.293319931,11.42076969,0,0,0,0
0.161116385,10.53438044,0.460860242,21.74850699,0,0,0,0
0.087696194,3.136936894,0.250848156,5.438277744,0.008229446,0,0.023539693,0
0.046734053,208.0669008,0.133679112,338.5975028,0.004385542,0,0.012544502,0
0.035306837,2.358914547,0.100992416,5.009306338,0.008679912,0,0.024828202,0
0.058382282,32.62296142,0.166997856,56.03119159,0.016848032,0,0.048192449,0
10.3867667,55.87967483,19.1829031,92.13796054,1.689310245,0,3.119919381,0
0.086878361,13.87009532,0.248508454,26.00101696,0.014580588,0,0.041706581,0
0.059204642,10.16166288,0.169350123,18.23137383,0,0,0,0
13.50761343,38.38131828,28.81197438,81.80868079,0,0,0,0
0.056411458,3.769356463,0.161360344,7.793095313,0,0,0,0
2.404308936,15.33247155,4.588319778,29.96293703,0,0,0,0
0.048759683,3.884870034,0.13947341,8.047596113,0,0,0,0
0.097294195,44.19686909,0.27830223,74.22652548,0,0,0,0
0.03109277,43.62949437,0.088938382,70.9803701,0,0,0,0
15.30212944,78.90936689,32.67826154,156.791265,5.862239684,0,12.51902896,0
0.030543884,4.359879052,0.08736843,9.244934705,0.013096672,0,0.037462023,0
11.20576584,19.35993631,11.26108719,20.45401766,9.141623409,4.551451748,9.186754367,4.808666357
0.073030882,4.280518839,0.208899061,8.238199416,0.024934732,0.037559816,0.071323829,0.072286858
0.076384621,17.65297206,0.218492047,31.66113406,0.064248443,4.037126342,0.183777489,7.240706998
0.094360288,5.390652343,0.269909953,11.84031878,0,0,0,0
0.082803476,6.872952272,0.236852668,15.10927864,0.066202877,1.655479168,0.189367995,3.639352498
0.043733317,3.487829369,0.125095587,7.67289014,0.064816546,2.168519521,0.185402447,4.770534992
0.079767246,3.617480628,0.22816759,8.073534625,0,0,0,0
0.115479165,7.203770883,0.330318951,14.56181378,0,0,0,0
0.082555636,4.55677028,0.23614367,9.856125978,0,0,0,0
0.041616276,2.694604147,0.119040147,5.454141788,0,0,0,0
0.044115168,2.740939825,0.126187776,5.982608681,0,0,0,0
18.13438148,46.52617988,38.61854756,98.63556494,0,0,0,0
0.083168352,5.339296001,0.237896177,11.59875731,0,0,0,0
0.052052249,3.618702496,0.148891205,7.697181156,0,0,0,0
0.019260941,1.319416553,0.05509428,2.846320126,0,0,0,0
0.052240496,2.821450661,0.14942963,6.174752877,0,0,0,0
0.061394248,2.313742535,0.175613347,4.448792652,0.001605564,0,0.004592587,0
0.071012187,9.130673791,0.203124438,18.20623792,0.001455097,0,0.004162184,0
0.110188098,5.902717731,0.315184039,12.45153067,0.010480219,0,0.029977809,0
8.898594977,41.26024078,16.44965465,69.52016102,0.926085204,0,1.711931132,0
13.87517558,46.38683558,29.65886504,97.49250827,0.904453992,0,1.933314552,0
0.103634018,21.25961693,0.296436523,38.93563314,0.008984879,0,0.025700501,0
0.104859674,6.507167213,0.299942475,14.13474163,0.023699533,0,0.067790566,0
0.086853132,6.601008056,0.248436337,13.06379626,0.002294738,0,0.006563911,0
0.110829418,7.402969975,0.317018732,15.78118541,0.011690604,0,0.033440041,0
0.107741237,5.58517084,0.308185117,11.73679933,0.000982144,0,0.002809344,0
0.076001366,5.496922688,0.217395752,11.71568116,0.006839317,0,0.019563311,0
0.20915735,12.53400381,0.598277803,27.14437134,0.025308677,0,0.072393439,0
0.214232887,10.80861957,0.612795796,23.34280368,0,0,0,0
0.157546285,11.5932161,0.450648507,25.43153404,0.016618432,0,0.047535691,0
0.186128795,10.33460992,0.53240639,22.9103594,0,0,0,0
0.085667234,5.51441873,0.245044208,11.77996914,0.009980099,0,0.028547267,0
0.281820464,22.3988492,0.806124785,44.73572041,0,0,0,0
0.136274433,6.987188751,0.389801829,15.28733817,0,0,0,0
0.219840759,14.57435837,0.628836652,30.76637128,0,0,0,0
0.17684236,10.03033012,0.505843134,21.77916165,0,0,0,0
0.124246973,7.580905919,0.355398432,16.49371428,0.00069024,0,0.001974376,0
0.09909658,7.597700987,0.283457838,15.7248901,0,0,0,0
0.142779641,7.769702153,0.40840963,16.69212438,0,0,0,0
0.037357254,1.657226248,0.10685734,3.60546763,0,0,0,0
0.18205545,44.42466468,0.520754639,78.66478615,0,0,0,0
0.138709112,9.476733029,0.39676626,20.65328317,0,0,0,0
17.32230792,52.50261214,36.96557492,111.3378127,0,0,0,0
0.067655297,3.720850005,0.193522592,8.22488634,0,0,0,0
0.214069762,13.12621714,0.612329267,27.48782462,0,0,0,0
0.184348161,9.91045028,0.52731279,22.1920558,0,0,0,0
0.168468216,9.320652112,0.481889526,20.59115731,0,0,0,0
0.166776681,11.63723923,0.477051249,25.9184668,0,0,0,0
0.145152547,72.69202014,0.415197118,123.1921258,0,0,0,0
0.125591534,8.934250286,0.359244257,19.70173808,0,0,0,0
0.029320407,1.776474421,0.083868793,3.892114104,0,0,0,0
0.058965478,4.955984042,0.168665862,10.25830196,0,0,0,0
0.181925416,20.08736232,0.520382947,37.862698,0,0,0,0
0.056569947,8.882217221,0.161813791,16.1515465,0,0,0,0
0.090133475,10.38158487,0.257819597,19.91084984,0,0,0,0
0.039694648,2.209234179,0.113543355,4.547886083,0,0,0,0
0.030582648,1.511143143,0.087479142,3.252538334,0,0,0,0
0.0977476,14.13646336,0.279599262,25.17404337,0,0,0,0
0.111417105,20.98806001,0.318699567,37.35763701,0,0,0,0
37.52642067,143.5165004,39.36302464,246.3782606,0,0,0,0
0.302857728,34.47452148,0.866299825,72.34076063,0,0,0,0
0.095235811,9.685634914,0.272414679,17.99996791,0,0,0,0
0.012921124,1.841736863,0.03695982,3.62582203,0.019596853,0.898618695,0.056055197,1.769108023
0.136376734,8.441489777,0.390095039,15.74042565,0,0,0,0
0.041345603,47.73340493,0.118265918,79.7643348,0.066320524,24.63218067,0.189704759,41.1613106
0.080970287,8.56288583,0.231609049,15.1981386,0,0,0,0
0.057141643,6.656017323,0.163449151,11.57089392,0,0,0,0
0.029508449,101.3515249,0.08440655,164.5952973,0,0,0,0
0.030119739,2.941581628,0.086155266,4.936056137,0,0,0,0
0.033073202,3.056700787,0.09460326,5.974497616,0,0,0,0
0,0.04640984,0,0.085450104,0.010130425,1.206249888,0.028977244,2.220955278
0.118229666,11.55552879,0.338186751,20.36427788,0.017174914,0,0.049127503,0
0.1117119,7.443464101,0.319543548,15.00840431,0.021835483,0.3425289,0.062458768,0.690647814
0.022593837,3.1064842,0.064627955,4.780852583,0.004416247,0.14295234,0.012632339,0.220002428
0.024329978,6.594817599,0.069594023,14.15493693,0.056178961,3.5466156,0.160695577,7.612359157
0.051851219,5.29435329,0.148316523,8.61993591,0,0,0,0
0.044302042,4.554922807,0.126722663,7.590265797,0,0,0,0
32.31166119,102.2240667,65.55491894,195.0919629,4.894752784,0,9.930629075,0
0.024309987,2.227632726,0.069537002,3.940832956,0.001462652,0,0.004183814,0
0.062065503,3.140559093,0.177533526,5.562071876,0.003734278,0,0.010681611,0
0.055015914,5.041717462,0.157368716,9.36837856,0.003310127,0,0.00946836,0
0,0.916842773,0,1.803086218,0.024114255,2.465959388,0.068976924,4.849618188
0.070093728,6.22295168,0.200497454,11.43045903,0,0,0,0
0.015361477,92.6351665,0.043940412,149.9661654,0,0,0,0
0.03121813,6.21305664,0.089297172,10.25804537,0,0,0,0
0.014819858,3.291334088,0.042390887,5.770680778,0,0,0,0
0.019201144,5.439900182,0.054923142,9.238236239,0,0,0,0
0.030107287,3.253453194,0.086119417,5.657309978,0,0,0,0
0.036239838,11.77579794,0.103661266,19.93456853,0,0,0,0
0.046448317,4.157084794,0.132861588,8.059674162,0,0,0,0
0.027501595,3.190225482,0.078665919,5.821917986,0,0,0,0
0.021976066,9.643580627,0.06286088,16.21967684,0,0,0,0
0.014059221,1.205096232,0.040215363,2.220546735,0,0,0,0
0.015019289,1.585716737,0.042961511,2.82691883,0,0,0,0
0.042899444,28.2951072,0.122710546,46.57857216,0,0,0,0
0.254411153,25.73448553,0.727722202,52.86715458,0,0,0,0
0.07453735,5.044381407,0.213208398,9.794235589,0,0,0,0
0.023244223,1.100572222,0.066488034,1.947900397,0,0,0,0
0.023415246,2.006429805,0.066977574,3.8562333,0,0,0,0
13.34510895,28.2935453,13.43681985,31.03643613,20.67313881,18.39518682,20.81520975,20.17849071
0.096491619,46.19038016,0.2760064,76.92633137,0,0,0,0
0.042764657,7.048605428,0.122324972,12.51969374,0,0,0,0
0.034611194,7.145745601,0.099002368,11.5294512,0,0,0,0
0.001768135,0.364171169,0.005057609,0.760880679,0.005184979,0.248723263,0.014831214,0.519669708
0,1.621882553,0,3.207870097,0.04218688,2.329640226,0.120672421,4.607721566
0.061632644,10.90142812,0.176295379,20.45194287,0.142368049,8.238901598,0.407232718,15.45683216
0.11279789,11.88348768,0.32264949,20.78493624,0,0,0,0
0.058900259,39.92677909,0.168479615,66.04145857,0,0,0,0
0.015180344,3.161906696,0.043422312,4.194789188,0,0,0,0
0.032575196,3.028862734,0.09317883,6.199428919,0,0,0,0
0.061385315,6.796741307,0.175587704,13.22436706,0.005135241,0,0.014688938,0
0.046321832,3.482453932,0.132499867,7.220898982,0,0,0,0
0.024411343,2.815681131,0.069826562,5.003195438,0,0,0,0
0.005241086,0.922391631,0.014991764,1.930399248,0.007212487,0.473053368,0.02063082,0.990015343
0.031677163,2.398337286,0.090609994,4.644611666,0,0,0,0
0.04291923,3.358364758,0.122766977,6.855141092,0,0,0,0
0.019635702,1.907701039,0.056166363,3.33007282,0,0,0,0
0.076878858,11.55035366,0.219905781,21.25784142,0,0,0,0
0.059963274,5.037307174,0.171520043,9.72198867,0,0,0,0
0.036480165,3.192574324,0.104348425,5.979952624,0,0,0,0
0.024807979,7.57913468,0.070961317,12.9033958,0,0,0,0
0.0337859,2.932607812,0.096641798,5.663447676,0,0,0,0
0.016619822,1.289425494,0.047539515,2.461138073,0,0,0,0
0.012842578,1.064121089,0.036735069,2.014661596,0,0,0,0
0.021343664,1.927175522,0.061051785,3.560813142,0,0,0,0
0.030027724,2.992416658,0.085891986,5.375871042,0,0,0,0
0.026738279,2.277443235,0.076482709,4.355113909,0,0,0,0
0.051552502,5.156382676,0.147461622,9.610199605,0,0,0,0
0.070683534,33.8945286,0.202184803,55.9075803,0,0,0,0
0.033881524,13.36596235,0.09691531,22.54297715,0,0,0,0
0.040251635,3.299556254,0.11513674,6.274838747,0,0,0,0
0.036451259,3.961029237,0.10426592,6.825499208,0,0,0,0
0.026691985,8.60624051,0.076350097,14.57494899,0,0,0,0
0.026665909,2.614185221,0.076275542,5.060711747,0,0,0,0
0.030775252,25.07332271,0.088029982,41.31081361,0,0,0,0
0.0410977,4.916128893,0.117556594,8.867659791,0,0,0,0
0.020692155,2.683707863,0.059188227,4.745861539,0.030253812,1.139872599,0.08653857,2.015747541
0.0464914,4.274926439,0.132984669,7.938329727,0,0,0,0
0.018383266,2.423672756,0.052583806,4.029409645,0,0,0,0
0.019820094,1.92884085,0.056693885,3.463241392,0,0,0,0
0.012532162,1.412510839,0.035847141,2.611852276,0,0,0,0
0.00990738,1.51740298,0.028339163,2.288698048,0,0,0,0
0.049734978,32.29299591,0.142262911,52.32467397,0,0,0,0
0.049433578,18.8897695,0.141400652,31.61878197,0,0,0,0
0.052407713,2.164330759,0.149908177,4.457587853,0.040032802,0.688243556,0.11451071,1.417484875
0.067190008,4.676655495,0.192191916,9.7396305,0,0,0,0
0.038163893,3.371042745,0.109164725,6.77375297,0.029152343,1.071970371,0.083387914,2.154010801
0.063131376,24.80430042,0.180582276,40.45512917,0.048224312,7.887611381,0.137941806,12.86447639
0.09280193,9.528015325,0.265452426,19.83857073,0.055658806,2.378904793,0.159207519,4.95319008
0.022187853,2.62523029,0.063466616,4.793287452,0.013960199,0,0.039932056,0
0.085882546,13.07563204,0.24566,25.89899781,0.089846118,4.898061997,0.256997474,9.701626398
0.042795524,2.723963348,0.122412946,5.702351441,0,0,0,0
0.065498682,5.725720607,0.187353588,12.07057081,0.075783188,2.477139544,0.216771567,5.2221354
0.047779066,3.801590603,0.136668252,7.235444036,0,0,0,0
0.175988185,15.20071926,0.503399706,32.65271127,0,0,0,0
0.059482305,4.815468727,0.170144153,9.721697533,0,0,0,0
0.121800525,13.25146832,0.348400533,25.16096994,0,0,0,0
0.073187339,26.74576253,0.209346719,44.46968711,0,0,0,0
0.060256859,4.890699578,0.172359717,9.480419412,0,0,0,0
0.037264274,4.06730817,0.106591572,7.454272868,0,0,0,0
0.067346743,16.22555256,0.192639968,28.06991488,0,0,0,0
0.051999572,7.016483239,0.148740357,13.98126163,0,0,0,0
14.11950309,23.10025247,14.23878358,27.99630664,0,0,0,0
0.035175449,2.857975779,0.100616678,5.542150633,0,0,0,0
0.062465211,9.049646891,0.178676784,17.0076276,0,0,0,0
0.076119332,5.243859747,0.217733074,10.75902913,0,0,0,0
0.123333599,8.138757473,0.352785643,17.19007145,0,0,0,0
0.072960491,4.713324714,0.208697466,9.519647437,0,0,0,0
0.024697038,7.212449547,0.070643734,12.54566134,0,0,0,0
0.066904579,5.66346108,0.191375029,12.17682976,0.058666707,2.062194012,0.167811276,4.433858566
0.03576379,36.75278124,0.102299498,60.42903092,0.017484158,6.151852945,0.050012054,10.11489469
0.043170855,6.118790426,0.123486675,12.47892389,0.024586708,1.445091967,0.070328253,2.947182599
0.073297766,27.96080137,0.209662341,48.28378035,0,0,0,0
0.024930363,1.620049862,0.071311298,3.080668017,0,0,0,0
0.033439358,2.542663128,0.095650511,5.327346206,0,0,0,0
0.122080429,116.3572018,0.349201131,190.8700859,0,0,0,0
0.053977655,8.933270481,0.154398713,15.81000462,0,0,0,0
0.028698473,1.647179738,0.082089742,3.103825681,0,0,0,0
0.057771136,3.44031686,0.165249751,7.40046717,0,0,0,0
0.08372459,7.872033204,0.239487318,15.19294952,0,0,0,0
0.094771853,7.162126943,0.271087641,13.71601812,0,0,0,0
0.092090655,7.20587937,0.263417819,14.164825,0.000670754,0,0.001918637,0
0.084358278,5.778257839,0.241299873,12.00966098,0,0,0,0
0.095471355,15.5255717,0.273088126,28.27232646,0,0,0,0
0.03614123,2.700900741,0.103379184,5.540902583,0,0,0,0
0.033972686,2.409833524,0.097175955,5.11892755,0,0,0,0
0.038844059,2.271847304,0.111110389,4.691579913,0,0,0,0
0.052435758,3.66463264,0.14998831,7.629248183,0,0,0,0
0.045371743,12.90958052,0.12978218,22.4689499,0,0,0,0
0.029270494,1.988159909,0.083725727,3.974695546,0.000398423,0,0.001139655,0
0.027934609,1.85442613,0.079904802,3.787466638,0,0,0,0
0.12091861,7.586761353,0.345877935,16.1271764,0,0,0,0
0.115396341,12.82143198,0.330081811,24.47981936,0,0,0,0
0.104182836,9.419943917,0.298006614,18.64725991,0,0,0,0
0.069244039,8.211483249,0.1980669,15.83220065,0,0,0,0
0.044109892,3.190156136,0.126172583,6.655054979,0,0,0,0
0.040893673,3.123513355,0.116972904,6.370074845,0,0,0,0
0.083771107,11.81628596,0.239620425,21.79804473,0,0,0,0
0.033727246,1.995294535,0.09647401,3.796327552,0,0,0,0
0.036509874,3.303759348,0.104433446,6.402292692,0,0,0,0
0.0753215,5.809949166,0.215451201,11.91043877,0,0,0,0
0.086614184,5.590474745,0.2477527,11.94216487,0,0,0,0
0.036616133,2.386156913,0.104737397,5.199871966,0,0,0,0
0.052575503,3.741462366,0.150388123,7.90622851,0,0,0,0
0.067392564,11.73007673,0.19277115,21.30771311,0,0,0,0
0.080782305,7.621177868,0.231071166,14.96600963,0,0,0,0
0.084879482,5.064284281,0.24279068,10.83093427,0,0,0,0
0.050111477,4.016264992,0.143339777,8.577489837,0,0,0,0
0.075504028,9.180073487,0.215973121,17.02014807,0,0,0,0
0.068398437,5.748572671,0.195648103,12.10709865,0,0,0,0
0.024206068,1.760698654,0.069239416,3.448819295,0,0,0,0
0.164173243,16.02792878,0.469604189,30.46017073,0,0,0,0
0.050573328,3.936073542,0.144661063,8.120517664,0,0,0,0
0.076349341,4.823369053,0.218391147,9.903412325,0,0,0,0
0.068477449,8.476608622,0.195874241,15.11480788,0,0,0,0
0.047316606,3.710580506,0.135345229,7.356825434,0,0,0,0
0.033944339,1.411250121,0.097095073,2.917909099,0,0,0,0
0.028684853,1.927931178,0.082050775,4.105783952,0,0,0,0
0.224936639,19.75158393,0.643413031,38.97671398,0,0,0,0
0.072198462,5.043861683,0.206517806,10.16525846,0,0,0,0
0.12612269,16.23612916,0.360763528,30.53036232,0,0,0,0
0.159055925,10.60380527,0.454966671,21.62557321,0.003204661,0,0.009166676,0
0.073542525,5.702280928,0.210362444,11.25335822,0.013381571,0,0.038276902,0
0.04986275,9.133660581,0.142628401,16.61983956,0,0,0,0
0.039033435,2.785451016,0.111652081,5.784780982,0,0,0,0
0.046152636,3.080291106,0.132015829,6.463803835,0,0,0,0
0.060808621,3.796644933,0.173938173,8.14691511,0,0,0,0
0.067487277,4.480220166,0.193041901,9.505030262,0,0,0,0
0.035850179,2.749268803,0.102546489,5.802710995,0,0,0,0
0.049500982,3.840153362,0.141593483,8.137003128,0,0,0,0
0.023478446,1.752598746,0.067158144,3.677086784,0,0,0,0
0.037620466,2.378568874,0.107610124,5.075117677,0,0,0,0
0.048043621,3.612409638,0.137425081,7.310089008,0,0,0,0
0.104873009,11.27891242,0.299980873,21.72108832,0,0,0,0
0.104420314,7.871284899,0.29868594,15.69514399,0,0,0,0
2.897326984,21.69354697,6.227507442,40.99377319,0,0,0,0
0.070686081,4.814841517,0.20219169,10.20410057,0,0,0,0
0.990187318,5.130023216,1.845693277,8.906528514,0,0,0,0
0.062624274,14.86306528,0.179131725,26.36329028,0,0,0,0
0.07021232,7.210262191,0.200836571,13.8867413,0.049432303,0,0.14139704,0
0.161653163,11.691349,0.462395771,24.95043895,0.046687984,0,0.133547195,0
0.058818899,11.68930827,0.168246551,20.93528526,0,0,0,0
0.068686697,4.558842295,0.196472716,9.445256386,0,0,0,0
0.055363313,3.908262195,0.158362359,8.209954748,0,0,0,0
0.146512453,29.16804261,0.419088125,41.34886962,0,0,0,0
0.193182282,33.49473988,0.552583079,51.6973459,0,0,0,0
0.118635535,8.862107033,0.339347521,11.8697537,0,0,0,0
0.113512773,13.66884263,0.324694621,18.42877677,0,0,0,0
15.81389018,55.64277677,16.21995926,73.86593328,0,0,0,0
0.118665469,13.58684423,0.33943313,23.39687963,0,0,0,0
0.210411442,22.27326456,0.601865129,36.93936386,0,0,0,0
0.081599047,6.524120312,0.233407394,11.6060647,0,0,0,0
0.222298748,81.84332248,0.635867828,133.1799583,0,0,0,0
0.077994838,90.37891159,0.223098001,147.2280724,0,0,0,0
0.056852474,18.21147312,0.162621882,30.13854281,0,0,0,0
0.062315842,5.808950831,0.17824949,10.09362385,0,0,0,0
0.073018525,14.73522309,0.208863946,21.78056127,0.065288312,1.876748154,0.186752257,3.707712736
0.142965271,33.39502697,0.408941569,45.94289542,0.127830042,4.005763457,0.365648369,6.586238133
0.161018375,43.69950287,0.460580289,75.47959077,0.074406258,1.219167193,0.212833198,2.116799034
0.028834675,6.391875152,0.082479447,9.858794587,0.019856543,0.991303174,0.056798167,1.291506109
19.97415798,44.35782849,20.0987733,48.81342546,13.7548881,7.563525134,13.84070247,8.501939437
0.099410319,19.70868299,0.284355468,28.44212192,0.040287491,1.686287822,0.115239226,2.433526576
0.194453199,30.49678647,0.556218041,58.0687409,0.01705202,2.595377372,0.048775958,5.514910257
0.151377985,17.71001119,0.43300468,31.45982598,0.009150087,1.260597556,0.026173095,2.622765713
29.82257886,123.9515161,55.0922763,206.1051581,2.361471953,0,4.36242841,0
0.142035718,11.60117465,0.406281808,20.70197335,0.013191589,0,0.037733485,0
0.152183497,42.82440508,0.435308864,71.08794789,0,0,0,0
0.157661431,22.15087444,0.450978335,33.61235928,0,0,0,0
0.109453075,10.27647146,0.313081793,17.24739401,0,0,0,0
25.81491441,45.12551907,26.0431621,52.98409736,0,0,0,0
0.063244006,6.719861093,0.180904538,10.98203941,0,0,0,0
44.75368321,127.4629471,70.50078117,195.3065661,0,0,0,0
31.25240588,83.47078263,66.58013346,175.697183,0,0,0,0
0.117741382,9.651435684,0.33678962,17.48836864,0,0,0,0
0.107933823,19.88884238,0.308736543,32.79682831,0,0,0,0
0.069296095,7.242578775,0.198216028,12.40808403,0,0,0,0
0.047876589,9.94112298,0.136947173,17.69817526,0,0,0,0
0.042165623,14.4571924,0.120611385,24.04392862,0,0,0,0
0.069790927,9.479374951,0.199631231,17.51355028,0,0,0,0
0.219155258,28.24513571,0.626876245,46.58264602,0,0,0,0
0.084036309,23.63551982,0.240379305,32.3844039,0.024415208,0,0.069837798,0
57.09374095,94.74841563,57.25474766,95.98785598,42.22312784,21.16785733,42.34219881,21.44613447
11.72373377,21.31074093,11.82841737,24.92001123,4.762572001,5.304607416,4.805097974,6.23099041
31.21076978,57.30389622,34.59640005,66.68847685,13.12766759,0,14.551709,0
0.07526526,8.746864815,0.215290206,14.11907796,0.020026717,0,0.05728481,0
0.091687904,18.40258961,0.262266307,25.57248441,0.070920229,2.846808582,0.202861944,5.076063817
0.089982964,34.99166009,0.25738911,56.00638095,0.069601464,9.183605778,0.199089451,13.78978259
31.75162529,115.6143433,67.66278679,242.5046538,12.43977216,0.023552793,26.50918319,0.11935509
0.036300036,10.39439584,0.103833454,14.87361234,0.036890167,7.213410431,0.105521478,10.32146841
11.69706305,102.1629267,21.5259225,166.2229573,24.55533474,36.03565089,45.18879913,58.63533366
0.099084322,24.28163764,0.283422858,44.30842043,0.057074539,0.487947886,0.163257201,0.891830309
0.155944088,13.01442129,0.446065495,24.37123933,0.012475418,1.129181791,0.035684927,2.036198104
0.096199998,16.66584723,0.275172338,32.34805353,0.067133437,0.717336443,0.192029783,0.593169577
0.035663956,12.69686464,0.102013897,25.41645239,0.056124776,6.847265223,0.16054044,11.87764879
0.129585635,13.2388734,0.37066932,23.10813928,0.033508977,0.453943507,0.095849742,0.787719502
33.74250253,121.6344629,71.93588821,251.9763375,10.86349703,5.013246959,23.15996887,10.38129406
0.130881422,10.36834762,0.374375571,20.46300094,0.013479238,0.745704864,0.038556254,1.467662868
0.09261028,10.82035008,0.264904309,14.82919513,0,0,0,0
0.050585355,6.881590876,0.144695391,11.30057086,0.028255248,0.095693191,0.080821893,0.157121324
0.082231797,11.18171727,0.235217566,21.31263999,0.003459124,0,0.009894551,0
0.115494176,29.3494669,0.330362434,46.73991539,0.002858875,0,0.008177598,0
0.168372321,21.7398593,0.481615451,39.62400168,0,0,0,0
0.107659274,9.911079363,0.307950758,17.69657578,0.001468945,0,0.004201799,0
39.39519773,161.7745191,72.68029756,264.2624318,0,0,0,0
0.159897372,15.76245462,0.457373517,28.94179698,0.005600427,0,0.016019569,0
61.89110186,225.3372163,123.1102875,407.081691,0.458553704,0,0.912129153,0
0.150655794,16.38791514,0.430938786,29.17087666,0.007137139,0,0.020415212,0
0.140871494,12.32198396,0.402951622,22.91040361,0.013035704,0,0.037287587,0
0.099477699,9.06505042,0.284547903,15.83660129,0.004228821,0.39163918,0.012096199,0.678205729
0.187458256,14.72371237,0.536209738,25.14387408,0.004873328,0,0.013939775,0
0.095513101,7.722909602,0.273207788,13.66643097,0,0,0,0
0.127886941,12.30260567,0.365810178,24.41250893,0,0,0,0
0.050269634,5.001304825,0.143792278,9.323781683,0.000847894,0,0.002425334,0
0.07240579,5.119003683,0.20711096,9.775087249,0.002627988,0,0.007517149,0
0.088906755,8.267559081,0.254310804,15.17813266,0,0,0,0
0.07334087,5.341060256,0.209785567,10.64675756,0,0,0,0
0.099490263,16.70490717,0.284583958,30.24578402,0,0,0,0
0.081828391,5.62315007,0.234063628,10.42410654,0,0,0,0
0.08900958,9.899592944,0.25460482,16.94019173,0,0,0,0
0.164596001,14.62590549,0.470813812,25.76281789,0,0,0,0
39.27564097,144.8555627,72.43853549,238.4175618,0,0,0,0
0.212756289,21.75044182,0.608572188,39.93659378,0,0,0,0
0.104444027,13.02529172,0.298753724,23.95142999,0,0,0,0
0.089593339,8.316751353,0.25627466,15.14822193,0,0,0,0
0.21529423,20.95252666,0.615831932,39.0225561,0,0,0,0
0.144394885,50.08108624,0.413030043,82.92732739,0,0,0,0
0.072422089,14.0901429,0.207157584,19.46292264,0.050675046,3.10742736,0.144951909,6.252244815
0.10242821,17.86284609,0.292987696,28.45525693,0.050670763,0,0.144939662,0
0.031228353,6.026920454,0.089326241,11.13596637,0.061728791,6.292106539,0.176570339,10.45408269
0.120900472,10.5155511,0.345826,19.64399111,0.024446506,0.493343735,0.06992725,1.082180485
36.16157262,150.3437583,66.67321759,252.6134193,0,0,0,0
0.057778347,299.3605021,0.165270195,488.2470448,0,0,0,0
0.092675897,6.414084975,0.265091876,12.43775285,0.000796367,0,0.002277943,0
0.113577811,16.81194631,0.324880294,29.51626217,0.002860549,0,0.008182373,0
0.186192573,18.60717782,0.532589568,28.383023,0,0,0,0
0.087691366,9.885588366,0.250834322,15.92037812,0,0,0,0
0.074062422,7.941295441,0.211849615,15.25048929,0,0,0,0
0.125363618,13.15242223,0.358592509,24.33095732,0,0,0,0
0.102572473,8.518436308,0.29340048,16.68915496,0,0,0,0
0.164021184,14.72578866,0.469169688,27.40877863,0,0,0,0
0.159279813,14.07747186,0.455607162,26.3509815,0,0,0,0
0.149120142,15.99975747,0.426546217,28.81512032,0,0,0,0
0.160798068,15.33236693,0.45994989,28.7012922,0,0,0,0
0.110900564,69.97485444,0.317222275,115.5114855,0,0,0,0
0.095234014,14.11972603,0.272409385,25.48397879,0,0,0,0
0.070183526,5.513273368,0.200754414,10.49555512,0,0,0,0
13.0378667,45.07931871,24.07519546,71.33906395,0.369751301,0,0.682767746,0
0.075212972,6.022907677,0.215140774,11.61701057,0,0,0,0
0.053941013,3.938503131,0.154293915,7.636876557,0,0,0,0
0.034287926,2.524520932,0.098077761,4.835585591,0,0,0,0
15.73324413,24.75139348,15.9020943,29.39062877,0,0,0,0
0.116699907,8.69097729,0.333810737,17.09247945,0,0,0,0
0.055082762,4.412290624,0.15755981,8.827124624,0.001178072,0,0.00336978,0
0.057916176,4.049900813,0.165664496,7.829504912,0.002048924,0,0.00586078,0
29.92093187,82.48652708,63.73348624,174.6524752,1.849606069,0,3.939778463,0
0.076539524,5.834045993,0.21893536,11.5420648,0,0,0,0
0.072856383,6.44132117,0.208399841,10.38620347,0.000786457,0,0.002249598,0
62.11244208,196.5624919,123.5270655,359.817999,0,0,0,0
0.073893154,8.514356535,0.211365346,13.96215983,0.003885616,0,0.011114488,0
0.084121008,6.525261635,0.240621409,12.06527629,0,0,0,0
0.110364577,8.099889397,0.315689042,14.97673124,0,0,0,0
0.042817086,3.774405291,0.122474757,6.967459645,0.002790921,0,0.007983199,0
0.084009805,7.49948711,0.240303464,14.05196473,0,0,0,0
0.059925352,5.301777068,0.171411748,9.54988123,0.001459482,0,0.004174735,0
0.094033174,7.542289517,0.268974519,13.10079597,0.000200012,0,0.000572119,0
0.111253411,20.46144403,0.318231524,26.96696597,0,0,0,0
0.045099297,7.779875645,0.129002819,11.05996466,0.009260976,0,0.026490258,0
0.069319151,7.787263167,0.198281702,12.43885884,0,0,0,0
0.045688919,6.042355234,0.130689487,9.636195163,0,0,0,0
0.044838576,9.244088714,0.128257042,13.25818182,0.01851754,0,0.052967893,0
0.075638431,12.76683643,0.216357721,18.4804423,0,0,0,0
0.128938131,18.09162453,0.368817154,25.24203363,0,0,0,0
0.15186689,12.07384657,0.434403248,23.15123975,0,0,0,0
0.058126466,4.735624425,0.166266129,9.55059807,0.004233523,0,0.012109656,0
0.173590338,11.28128005,0.496541416,22.52246167,0.006369787,0,0.018220271,0
0.126561777,9.723274478,0.362019859,18.8555622,0,0,0,0
0.066640745,4.546685378,0.190620602,9.323604538,0,0,0,0
0.093239557,6.301320349,0.266704407,12.6420529,0.004618672,0,0.013211346,0
0.108318494,7.715568128,0.309836445,15.58637142,0.001243984,0,0.003558317,0
0.072735321,4.509506686,0.208053456,9.360288319,0,0,0,0
27.99379554,41.26712765,28.21336963,47.45323875,0,0,0,0
0.090428741,12.54531184,0.258664419,17.46471524,0,0,0,0
0.109504556,12.87212333,0.313229366,17.02754933,0,0,0,0
0.050804641,15.86935537,0.145322931,26.87248276,0,0,0,0
0.164360887,27.46950319,0.470141877,35.99743641,0,0,0,0
0.014831009,2.500241533,0.042422858,3.461026254,0,0,0,0
0.037099218,4.374606691,0.106119442,5.827048562,0,0,0,0
0.067110521,8.875842677,0.191964209,14.75893807,0.012810059,0,0.036642135,0
0.098677797,14.7990977,0.282259966,25.9533499,0,0,0,0
0.120408265,15.56063597,0.344418043,25.87592182,0,0,0,0
0.111897933,12.72043527,0.32007531,23.05663413,0,0,0,0
0.083740685,11.91519674,0.239533652,23.19179563,0,0,0,0
0.081614223,22.50901238,0.233450879,38.03767096,0,0,0,0
0.04768899,5.051664857,0.136410604,6.877018661,0.009302801,0,0.026609931,0
0.016244758,1.937710107,0.046467045,3.016632194,0.003255251,0,0.009311427,0
0.593087516,62.70300804,1.696477621,131.8311573,0.115694949,0,0.330935799,0
0.008536668,2.661977461,0.02441843,5.000120718,0.001710644,0,0.004893154,0
0.051742902,4.091082727,0.148006456,7.85230294,0.010368644,0,0.029658681,0
0.07504185,6.45334765,0.214651312,12.16085584,0.011820837,0,0.033812574,0
0.03889689,3.554112001,0.111261408,6.710907501,0.00758833,0,0.021705805,0
0.061559344,6.229279098,0.17608546,11.8776261,0.011913999,0,0.034079017,0
0.054960957,4.536253276,0.157211272,8.083964297,0.004680255,0,0.013387482,0
0.027011511,6.501394322,0.077264285,12.63980763,0,0,0,0
18.992923,27.74750134,19.07957235,29.52397705,0,0,0,0
0.009462346,1.397303504,0.027066383,2.165743848,0,0,0,0
0.095726575,13.4653919,0.273818776,18.3889897,0,0,0,0
0.006593705,0.861882797,0.018860814,1.12665261,0,0,0,0
4.831733208,22.68899173,8.967155908,36.53625683,0,0,0,0
0.047077265,5.357205961,0.134660749,8.916346436,0,0,0,0
0.060332527,12.37889671,0.172576495,20.24193723,0,0,0,0
0.036611104,3.190749939,0.104723224,5.850809656,0,0,0,0
0.074905344,5.834150705,0.214260793,10.64194919,0,0,0,0
0.048808575,16.89683274,0.139612764,28.56862423,0,0,0,0
41.34367524,110.3849396,88.08172283,232.3230428,0,0,0,0
0.051127489,4.435723372,0.146246224,8.150487825,0,0,0,0
0.080733696,9.491892621,0.230932278,16.04423953,0,0,0,0
0.073919528,7.743775269,0.211440804,12.30073727,0,0,0,0
0.023281876,3.112465361,0.066595906,4.433477816,0,0,0,0
0.046598492,4.177940523,0.13329145,7.763731604,0,0,0,0
38.9669017,105.0987862,82.96919734,219.7546337,0,0,0,0
0.037301723,1.935162537,0.106698799,3.491320911,0,0,0,0
0.034590917,8.813240934,0.098944629,15.1215063,0,0,0,0
0.077165828,7.092207924,0.220726618,13.65183844,0,0,0,0
0.083639591,7.666143499,0.239244227,14.30285825,0,0,0,0
0.053762857,6.521193271,0.153784393,11.88877321,0,0,0,0
0.036909201,40.21370703,0.105575669,66.21170178,0,0,0,0
36.03826656,139.4892311,66.39841047,227.6985782,0,0,0,0
0.035977158,5.269767316,0.102910086,9.189821096,0,0,0,0
33.92133216,88.52690273,72.24192934,186.6919227,0,0,0,0
0.042889722,69.13088442,0.122682569,113.1787644,0,0,0,0
5.057111406,15.80100665,9.326529775,26.70160777,0,0,0,0
0.09902083,67.58284496,0.283241217,111.122465,0,0,0,0
27.08828455,118.3471249,49.8634975,192.2266113,0,0,0,0
0.093610558,8.350615916,0.267765488,15.27254417,0,0,0,0
0.064040351,5.121514604,0.183182241,9.333699368,0,0,0,0
0.121492507,35.27573642,0.34751962,58.46565057,0,0,0,0
0.026496561,1.12528615,0.075791401,1.8224652,0,0,0,0
0.020867094,8.208482191,0.059688839,13.47026271,0,0,0,0
1.517079954,7.415445526,2.830598684,11.85095654,0,0,0,0
0.050091397,4.353962284,0.143282372,8.222950584,0.000908746,0,0.002599394,0
0.043805195,2.996730775,0.12530109,5.349911983,0,0,0,0
27.58227562,96.50515292,50.75743686,157.2543697,0,0,0,0
0.029310008,2.872285698,0.083838854,5.348722422,0,0,0,0
0.023096803,3.969570702,0.066066514,6.458853523,0,0,0,0
0.050659175,4.350765063,0.144906697,7.620378314,0,0,0,0
0.020220569,2.869819102,0.057839243,5.102344594,0,0,0,0
0.042661303,2.571719277,0.12202924,4.650313181,0,0,0,0
0.054260882,6.493535778,0.155208909,12.06845255,0.010434964,0,0.02984838,0
0.038242349,3.333416986,0.109389045,6.361790071,0.004374486,0,0.012512851,0
0.054141598,5.563589991,0.154867793,10.70158063,0.008839703,0,0.025285277,0
0.055954446,22.08519439,0.160053079,36.62976646,0,0,0,0
0.087338915,26.76438915,0.249825835,44.34953575,0,0,0,0
0.062758939,7.048857298,0.179516904,12.10039724,0.001466506,0,0.004194822,0
0.038885349,4.192457319,0.111228711,6.645757281,0,0,0,0
40.28764896,103.054003,85.79868932,218.8030322,0,0,0,0
0.011271916,7.155391866,0.032242318,11.5758059,0,0,0,0
0.031595683,7.766693749,0.090376949,12.95450314,0,0,0,0
0.03259367,4.143943226,0.093231567,6.222876797,0,0,0,0
0.042465782,6.997664277,0.12147009,11.79913765,0,0,0,0
0.057710824,5.875918956,0.165077074,10.64052145,0,0,0,0
27.77083478,97.86107437,51.11762366,158.4285389,0,0,0,0
0.062464714,6.424567516,0.178675342,11.02390558,0,0,0,0
0.035313867,3.690026901,0.10101257,6.309349176,0,0,0,0
4.645869571,15.67856262,8.602171098,25.09333991,0,0,0,0
0.049549397,4.406712715,0.141732113,8.358308326,0,0,0,0
0.037498143,3.230617105,0.107260521,5.589729075,0,0,0,0
0.030638734,3.415293686,0.087639682,6.121554905,0,0,0,0
0.023490432,2.090096814,0.067192451,3.714530012,0,0,0,0
0.101580267,9.412278715,0.290562083,17.75564863,0,0,0,0
0.054984674,4.303958406,0.157279532,8.036300629,0,0,0,0
0.069923774,7.330293969,0.200011211,14.47310239,0,0,0,0
0.047434373,3.830522053,0.135682276,7.399685117,0.001666771,0,0.004767667,0
0.061240137,4.237504746,0.175172507,8.15776274,0,0,0,0
0.142066292,29.96726935,0.406369235,50.84527716,0,0,0,0
0.057286927,14.35050624,0.163864745,24.3289175,0,0,0,0
0.025514174,2.568931187,0.072981282,4.789265214,0,0,0,0
0.049795324,2.885308872,0.142435595,5.403938986,0,0,0,0
0.039268656,3.092246005,0.112324982,6.091929982,0,0,0,0
0.045068662,3.721271367,0.128915277,7.314887098,0,0,0,0
0.05261473,4.862113943,0.150500253,9.491624411,0,0,0,0
0.041338956,4.099761069,0.118247078,6.707348996,0,0,0,0
0.03702757,11.28832359,0.105914356,19.03517311,0,0,0,0
0.042838136,7.704576946,0.122534898,12.78423665,0,0,0,0
0.044039865,3.869050217,0.125972364,7.395446747,0,0,0,0
0.016872475,2.99268737,0.048262227,3.880438461,0,0,0,0
0.083773702,6.928358025,0.239627865,13.60818944,0,0,0,0
0.108903421,13.44368532,0.311509383,26.90470849,0.014958547,0,0.042787706,0
0.137896446,11.62042542,0.39444182,22.13037956,0,0,0,0
0.096288926,8.745055362,0.275426672,16.02691047,0,0,0,0
0.122306407,14.05666995,0.349847557,25.80508943,0.012756336,0,0.036488464,0
0.051479053,23.6341221,0.147251552,39.56398887,0,0,0,0
0.108555249,13.78043989,0.310513712,24.83006376,0,0,0,0
40.98560876,110.6647442,87.3130545,232.7017491,0,0,0,0
0.078792509,8.318143595,0.225379541,15.62013025,0,0,0,0
0.062761776,4.469451361,0.179525082,9.160150003,0.007855324,0,0.022469531,0
0.109957429,12.20619769,0.314524231,23.65366815,0.012974959,0,0.037113809,0
0.05828136,3.889723004,0.16670912,7.719011611,0.006483323,0,0.018545021,0
34.87926353,121.2784152,64.20894287,197.9504816,0,0,0,0
0.135500673,12.59847681,0.387588914,23.92039145,0,0,0,0
0.060402264,4.218627906,0.172775838,7.447390652,0,0,0,0
0.074801202,6.124061596,0.213962771,12.0430773,0.000866824,0,0.002479479,0
0.054070527,4.487613163,0.154664448,8.517123876,0.007517218,0,0.021502406,0
0.054388412,4.009455502,0.155573647,7.958067391,0.00725135,0,0.0207419,0
0.036038016,3.274536842,0.103083937,6.451929233,0.003523134,0,0.010077651,0
0.065950051,4.839080576,0.188644997,9.597748227,0,0,0,0
0.077321894,5.315340382,0.221173182,10.79541107,0,0,0,0
0.067388137,5.387927889,0.192758382,10.81693774,0,0,0,0
4.54297934,40.05391418,8.452817851,66.86068828,0,0,0,0
0.071979935,8.454631711,0.205892914,15.79124795,0.000659155,0,0.00188546,0
0.063173321,33.21448288,0.180702366,55.08231449,0,0,0,0
0.067838302,4.374310632,0.19404613,9.191031924,0.002159346,0,0.006176638,0
0.045486586,5.720899541,0.130110667,10.71348471,0.001785021,0,0.005105908,0
0.033894906,3.244113973,0.096953473,6.562634301,0.004444107,0.03679983,0.012711986,0.074443693
0.050323996,3.357688443,0.143947747,6.943814256,0,0,0,0
0.080626828,5.958840136,0.23062665,11.99037026,0,0,0,0
0.045330591,3.44380036,0.129664576,7.131342468,0.003467677,0,0.009919015,0
0.043756505,3.000961474,0.125161891,6.207216415,0.004289964,0,0.012271091,0
0.057764753,4.577944502,0.165231546,9.013170424,0.006886378,0,0.019697945,0
0.057252366,3.596056473,0.163766085,7.353915294,0,0,0,0
0.083482346,4.741001786,0.238794527,9.909195083,0,0,0,0
0.052871724,3.415631012,0.151235324,7.081774746,0.001759614,0,0.005033234,0
0.060925025,3.654511781,0.17427113,7.603805909,0.001145388,0,0.00327629,0
0.066013744,4.739433939,0.188826919,9.756123772,0,0,0,0
0.066180477,25.83529707,0.189303927,44.03938518,0.008057211,0,0.023047004,0
0.079173504,4.86716998,0.226469605,10.11768051,0,0,0,0
0.085975664,6.530256301,0.245926499,13.33868041,0.000804337,0,0.002300743,0
0.063492186,4.371875591,0.181614286,9.180302969,0,0,0,0
0.076000482,4.976496708,0.21739334,10.37719881,0.009396336,0,0.026877472,0
0.07673918,6.146676376,0.219506381,11.56743146,0,0,0,0
0.057372874,4.788649352,0.164110571,9.451460608,0,0,0,0
0.082064459,6.175308278,0.234738757,11.94914804,0,0,0,0
0.062091633,4.774079006,0.177608092,9.361209818,0.007003348,0,0.020032512,0
0.054623563,4.54428724,0.156246213,8.389088893,0.007110178,0,0.020338081,0
0.041862484,10.68604851,0.119744164,18.88531869,0,0,0,0
0.08322582,5.706839684,0.238060644,11.29808171,0,0,0,0
0.055152689,3.98626164,0.15775986,8.022998328,0.005713663,0,0.016343478,0
0.040394424,3.010776671,0.115545102,5.881720312,0,0,0,0
0.065061279,5.343755812,0.186102661,10.59586488,0.007689576,0,0.021995425,0
0.10429034,46.57613937,0.298314324,75.69199782,0,0,0,0
0.0820787,3.943026424,0.234779866,7.420144155,0.010376631,0,0.029681563,0
0.105844735,7.781612078,0.302760902,15.62796516,0.002118623,0,0.006060161,0
0.099192191,7.222340584,0.283731712,14.92724504,0.001985463,0,0.005679267,0
0.073801404,6.277417591,0.211103359,11.98146764,0.001883049,0,0.005386321,0
0.171508485,10.81075819,0.490587042,21.29092993,0.00343297,0,0.009819751,0
14.88346502,157.9851652,15.29593112,254.5797744,0,0,0,0
0.173918163,18.96903562,0.497479414,36.17904527,0,0,0,0
0.042044203,4.772191203,0.12026418,8.685313273,0.008098507,0,0.023165152,0
0.010986066,1.373927654,0.031424867,2.3217619,0,0,0,0
0.059898455,7.764706395,0.171334801,14.26021287,0,0,0,0
0.132242011,20.70950225,0.378267788,37.04306391,0,0,0,0
0.128591002,16.89739156,0.3678243,33.3743782,0.016109544,0,0.046080066,0
4.603178622,19.45326081,8.562402909,34.33897107,0,0,0,0
0.106340637,21.0756189,0.304178805,39.88342659,0,0,0,0
0.044045035,27.79753639,0.125987291,45.33268983,0,0,0,0
0.028673991,2.550931557,0.082019763,4.74682419,0,0,0,0
0.009529785,0.958332089,0.027259207,1.947049704,0,0,0,0
0.098924887,35.4623402,0.282966716,60.3600047,0,0,0,0
31.31578427,130.5925975,66.7566635,254.5378624,0,0,0,0
0.038563778,5.981477982,0.110308558,9.954644943,0,0,0,0
0.049471884,6.226674715,0.141510392,10.20586838,0,0,0,0
0.070356895,15.94299371,0.201250396,27.16818739,0,0,0,0
0.050704773,6.501492699,0.145036866,11.93734026,0,0,0,0
0.047757692,4.214489114,0.136607214,8.224095973,0,0,0,0
0.038007744,5.379048552,0.108718361,9.734343901,0,0,0,0
0.051599702,6.310468977,0.147596725,11.49221145,0,0,0,0
0.056113408,6.303432931,0.160508055,11.45301978,0,0,0,0
43.12338272,122.8440685,88.68611781,239.6879355,0,0,0,0
0.032192696,4.095446766,0.092084598,7.53105801,0,0,0,0
0.011732088,1.334244624,0.033558716,2.327904664,0,0,0,0
0.004124276,5.546253306,0.011797048,10.19326672,0,0,0,0
0.071941268,6.558088353,0.20578216,11.76111045,0,0,0,0
0.023040851,4.149844697,0.065906502,7.296051071,0,0,0,0
0.022438074,3.921886047,0.064182157,7.210668893,0,0,0,0
0.0422814,6.954296901,0.120942631,12.83855172,0,0,0,0
0.053049042,7.775428994,0.151742444,14.57300517,0,0,0,0
0.02390729,4.110266655,0.068385018,7.441659876,0,0,0,0
0.045153812,9.290781816,0.129158779,16.20056607,0,0,0,0
0.063742637,11.45314323,0.182330821,20.18944005,0,0,0,0
0.044342019,4.891252446,0.126836874,9.071208314,0,0,0,0
0.048893548,5.252273323,0.139856368,10.02202003,0,0,0,0
0.06444901,3.698703475,0.18435145,7.174745935,0,0,0,0
0.102660364,13.69269974,0.293651822,25.56487371,0,0,0,0
0.062102284,5.007471814,0.177638534,9.877650106,0,0,0,0
32.02792798,89.21908627,68.23387266,186.7759068,0,0,0,0
0.033928682,2.96882714,0.097050387,5.818498923,0,0,0,0
0.045739884,6.859425498,0.130835427,12.40675274,0,0,0,0
0.093593641,14.48995195,0.267717194,26.36811804,0,0,0,0
0.065454157,9.311551411,0.187226395,17.2014819,0.000826068,0,0.002362902,0
24.05811681,61.89368201,51.23523413,131.2001758,0,0,0,0
0.029136372,9.769252187,0.083342165,16.08842965,0,0,0,0
0.091330807,51.2309264,0.261244572,85.52100908,0,0,0,0
0.03407323,7.47656215,0.097463743,13.29321379,0.011446105,0,0.032740666,0
10.83175555,20.12876282,10.89166404,21.54130791,6.86717227,0.416070655,6.905153365,0.423474862
0.048371917,4.678740069,0.13836392,9.149140901,0.021090263,0.281524099,0.060326974,0.49645818
0.131392764,17.95887458,0.375838311,33.12011496,0.001770073,0,0.005063151,0
0.087178099,16.08577645,0.249365992,28.8825373,0.004282202,0,0.012248898,0
0.101157815,7.317049906,0.289353874,14.76165295,0.024539498,0,0.070193278,0
0.074065123,7.728061533,0.211857278,15.73038238,0.010941444,0,0.031297114,0
0.082224226,7.056976485,0.235195735,14.22860123,0.015978285,0,0.045704589,0
0.045137628,5.881206503,0.12911261,11.3086099,0.019289305,0.152411659,0.055175529,0.293062996
0.055644587,5.244942999,0.159166884,10.51883155,0.02813114,0.432851753,0.080466873,0.868092308
0.0802573,8.104179905,0.229569619,15.73707966,0.007262855,0,0.020774818,0
0.10481298,10.53785305,0.29980924,18.8922103,0.016782014,0,0.048003624,0
0.055747462,8.704344518,0.159461455,16.15542964,0.025776331,0,0.073731272,0
0.044095018,4.561455622,0.126130483,8.570218739,0.023824582,0.126190017,0.068148424,0.237090118
0.062743799,5.965734368,0.179473691,11.64002564,0.038481661,0.72633868,0.110073759,1.417193649
0.0794134,7.832076828,0.227155608,15.90787188,0.051220681,0,0.146512617,0
0.023969925,3.179024114,0.068563986,6.274050291,0.011442996,0,0.032731744,0
0.031920742,2.998559124,0.091306689,5.884498969,0.024171978,1.033774441,0.069141978,2.028722589
0.081641915,6.701770351,0.2335301,13.38388813,0.000914895,0,0.002616983,0
0.074565785,12.59288785,0.213289351,23.0500359,0.014880009,0,0.042563054,0
0.040041366,4.114642656,0.114535185,7.720679467,0,0,0,0
0.048849179,2.333055475,0.139729,4.7338353,0,0,0,0
0.084612314,7.774859446,0.242026793,15.42181223,0.010229455,0,0.029260543,0
0.056157613,3.780058663,0.160634241,7.845506326,0,0,0,0
0.032848448,2.593993636,0.093960372,5.268212523,0,0,0,0
0.100135078,9.063239176,0.286428531,17.87475244,0,0,0,0
0.084355396,6.853005169,0.241291972,13.62128897,0,0,0,0
0.083171324,5.271263461,0.237904997,10.85809413,0,0,0,0
0.101700631,9.221321439,0.290906569,17.33334361,0,0,0,0
0.068608264,16.21176923,0.19624848,27.9977296,0,0,0,0
0.079839685,7.710010251,0.228375017,14.5211491,0,0,0,0
0.042442842,43.5869722,0.121404317,72.03174024,0,0,0,0
0.044547561,3.62043956,0.12742487,7.225381735,0,0,0,0
0.048404465,5.520697756,0.138457024,10.28448088,0,0,0,0
0.0441539,4.220568419,0.126298841,8.602019249,0,0,0,0
0.073019374,9.911991857,0.208866131,17.82350576,0,0,0,0
0.066193182,5.700553094,0.189340478,10.85135349,0,0,0,0
38.3020516,112.5997059,78.80483118,221.7136475,0,0,0,0
0.085442038,12.50432232,0.244400198,22.73041737,0.010387894,0.385559563,0.02971375,0.700872032
0.091614374,9.463992483,0.262055587,18.69561908,0,0,0,0
0.075638832,6.071834164,0.216358707,12.39252383,0,0,0,0
0.051261032,6.505605293,0.146628302,12.21635771,0,0,0,0
0.050418399,4.200578493,0.14421754,8.39451184,0,0,0,0
0.03959874,3.01283698,0.113269122,5.965971351,0,0,0,0
0.038556832,3.106698568,0.110288956,6.146051913,0,0,0,0
0.02773884,4.627907,0.079344691,8.167780917,0,0,0,0
0.024945269,2.309511455,0.071354001,4.485749744,0,0,0,0
0.123070929,11.18549916,0.352034528,22.03290069,0.020444207,0,0.058479016,0
0.078058431,7.948669282,0.223279877,15.0381721,0.031032899,0,0.088767116,0
0.129790183,9.495588052,0.371254471,19.27462842,0.003556187,0,0.010172188,0
0.013501095,1.219578382,0.038618905,2.413890754,0,0,0,0
0.213320365,6.807340461,0.503200947,13.5989358,0.067806981,0,0.159949741,0
0.220465459,5.27532327,0.523646469,9.301318327,0.113580199,0,0.269774098,0
0.178052801,8.462155073,0.431116702,15.72053638,0.191748708,1.909640169,0.464278406,3.547626757
0.44877644,5.342170918,1.030342047,10.16869506,0.14265012,0,0.327509207,0
0.250329167,20.41309058,0.613840077,39.67771681,0.128965493,0,0.31624037,0
0.225513032,7.540741069,0.511871869,14.4994274,0.242859603,1.701706235,0.551245299,3.272061165
0.70714841,26.00675436,1.601863066,52.16172114,0,0,0,0
1.254642787,24.24522932,2.838536142,48.77534402,0,0,0,0
0.866944529,19.62031752,1.963072622,38.51797894,0.175181534,0,0.396673675,0
0.137268542,8.633078045,0.331037119,16.31305111,0,0,0,0
0.212784539,3.537748658,0.49658472,7.544852424,0,0,0,0
0.261901649,3.004982649,0.607427367,6.047718695,0,0,0,0
0.084564953,4.478880816,0.191205726,7.123797765,0.046844702,0,0.105918289,0
0.263481065,10.76658566,0.596004393,21.1651797,0,0,0,0
0.50577113,12.01070335,1.146709039,23.64214164,0,0,0,0
0.351060516,6.313888187,0.79905293,13.22393045,0,0,0,0
0.166819632,2.811780109,0.376566795,5.891808263,0,0,0,0
0.680451365,12.70705215,1.552161241,26.33555799,0,0,0,0
0.252078268,6.272844376,0.58352872,11.86324633,0.312717283,1.099533945,0.723900228,2.079446142
0.117330466,97.67401859,0.28213104,160.45132,0.063767987,0,0.153335523,0
0.704541157,13.00075956,1.593824613,26.58288939,0,0,0,0
0.608138842,20.36248418,1.379826021,37.51652973,0,0,0,0
0.044378062,1.017837399,0.099984931,2.045016085,0.056008033,0.174006624,0.12618756,0.349610209
0.209018881,4.946278023,0.483126315,9.958406205,0,0,0,0
0.035039544,10.88660788,0.08630592,18.17154916,0,0,0,0
0.115959074,5.351780229,0.279871963,9.463582472,0,0,0,0
0.100474105,4.119480201,0.250005974,7.436730601,0,0,0,0
0.047808797,0.979709737,0.108120393,1.813276231,0,0,0,0
0.67240808,12.25832728,1.531154135,25.88398584,0,0,0,0
0.743391666,12.06427783,1.678930194,25.16462649,0,0,0,0
0.218752096,3.897229003,0.49626022,7.889141862,0,0,0,0
0.407526003,10.57110886,0.921841502,20.5500787,0,0,0,0
0.575130958,11.07471917,1.313543989,23.13821975,0,0,0,0
0.802493364,18.18296074,1.830195421,36.04169725,0,0,0,0
0.56170267,10.1264613,1.277245639,21.02524576,0,0,0,0
0.063593111,4.215779883,0.16368838,8.076435578,0,0,0,0
0.22388559,7.852600591,0.519430735,14.8523085,0,0,0,0
0.088313259,1.112253165,0.204397641,2.358051969,0,0,0,0
0.474006203,7.766926266,1.077976702,16.38247971,0,0,0,0
0.636623903,13.50760329,1.439886906,26.62559189,0,0,0,0
0.669537661,12.76011228,1.52196495,25.85223463,0,0,0,0
0.493279281,10.93839995,1.124934577,21.52294205,0,0,0,0
0.346413302,5.253410089,0.780291089,11.06116307,0,0,0,0
0.470552068,7.270629534,1.064622396,15.39015374,0,0,0,0
0.254364091,4.474518874,0.572773043,9.181635374,0,0,0,0
0.448748894,14.80958443,1.026310965,28.29909927,0,0,0,0
0.601494017,10.48784938,1.373105534,22.02871168,0,0,0,0
21.48383171,39.42762203,22.02822691,48.6724992,5.621173133,0,5.763612326,0
0.102055024,2.1161526,0.230736575,3.772961401,0.045318345,0,0.102460412,0
0.11997583,3.247568921,0.272058836,6.775385698,0.099653283,0.443987108,0.225975151,0.926287931
0.470996518,11.73855419,1.072168275,24.46972603,0.123234673,0,0.280529264,0
0.254058917,6.344103788,0.577318197,13.29985929,0.211024214,0.867325793,0.479527033,1.818272745
0.30233916,6.026955449,0.689188852,12.52229677,0.299688971,1.638733336,0.683147687,3.404821112
0.728810466,13.72132599,1.650995716,28.45153366,0,0,0,0
0.429002958,10.32126676,0.970906308,21.4524918,0.272433051,0,0.616562106,0
0.430534359,13.13054903,0.976718677,25.87282127,0,0,0,0
0.221921273,5.686509041,0.52814944,11.24631575,0.104817129,0,0.249453815,0
0.441478806,14.32514828,0.9968067,28.11860085,0.163719073,0,0.369658219,0
0.153698333,3.642933508,0.350699705,7.619538528,0.160818986,1.263982985,0.366947187,2.643739456
0.455471197,8.030228552,1.032062535,16.71262199,0,0,0,0
0.404105964,8.871672412,0.922528906,18.3360211,0.199045638,1.650898364,0.454399021,3.412085776
0.248296294,8.036518829,0.561804299,14.9747953,0.063183519,0,0.142961347,0
0.663122014,13.58823451,1.499453375,27.32602425,0,0,0,0
0.47735297,18.27945137,1.081898303,32.73723772,0,0,0,0
0.086239574,2.159313148,0.197187747,4.307377946,0.102309785,0.662112687,0.233932464,1.32077628
0.300333873,6.701039864,0.685715035,13.65649133,0,0,0,0
0.046252243,0.816607467,0.104173199,1.611467038,0,0,0,0
0.445850839,7.382804678,1.007777419,15.27874569,0,0,0,0
0.336318931,6.87504696,0.759273382,13.42931607,0,0,0,0
0.223385479,3.496226403,0.510489524,7.091456276,0.092377087,0,0.211103853,0
0.350306215,10.4496747,0.80639756,20.94916231,0.207666827,0,0.47804468,0
0.257505798,5.714142781,0.587020221,11.92782506,0.212421311,0.184476557,0.484243872,0.385080349
0.551830211,20.9326647,1.255565311,38.40184022,0,0,0,0
0.814151514,14.93200948,1.838670401,29.71728554,0,0,0,0
0.285766122,6.623069589,0.649735021,14.01998655,0.268975749,0,0.611559421,0
0.096332381,6.705874834,0.226282012,11.45625737,0,0,0,0
0.368945383,11.40347067,0.847744977,21.76920791,0,0,0,0
0.521978924,8.490525883,1.182282597,17.05225975,0,0,0,0
0.330439178,7.858922562,0.748848941,14.77450711,0,0,0,0
0.419619102,6.934578452,0.952312843,14.19497924,0,0,0,0
0.15355728,6.895162534,0.350231742,12.70731354,0,0,0,0
0.194877603,3.821742671,0.442604463,7.773723531,0,0,0,0
0.255130991,4.170646155,0.576323538,8.696861241,0,0,0,0
0.161823039,2.398673834,0.365452349,4.947653736,0,0,0,0
0.284980999,6.596783772,0.645793603,12.75365047,0,0,0,0
0.228757775,5.392514405,0.522284446,10.90823968,0,0,0,0
0.375767998,8.345910028,0.854277848,17.05898888,0,0,0,0
0.307950381,8.102386359,0.707303503,15.39063078,0,0,0,0
0.577567678,17.74521218,1.315045034,33.92051898,0,0,0,0
0.402489967,11.4211831,0.908256713,21.45647837,0,0,0,0
0.141832721,2.496719495,0.320367144,5.22564222,0,0,0,0
0.429185523,10.30075495,0.971724952,19.95038771,0,0,0,0
0.165745129,2.580756899,0.374025165,5.396551533,0,0,0,0
0.395807056,11.56523582,0.898859623,21.84419446,0,0,0,0
0.229162444,4.109925798,0.518882252,8.524038689,0,0,0,0
0.206849358,4.427271371,0.471323461,8.534195867,0,0,0,0
0.365452998,9.346680962,0.823770829,17.618677,0,0,0,0
0.273986093,6.923181307,0.646038142,12.90655505,0,0,0,0
0.225838971,7.699464741,0.508636418,14.02662395,0,0,0,0
0.574088989,8.981842497,1.296501266,18.63999648,0,0,0,0
0.31358886,5.975080134,0.711437253,12.54128137,0,0,0,0
0.491542286,9.244892014,1.116477241,18.89546296,0,0,0,0
0.278551398,4.856877804,0.627898304,9.932409648,0,0,0,0
0.224603465,3.526087353,0.507626234,7.328610164,0,0,0,0
0.195236896,3.667564035,0.442732091,7.739046967,0,0,0,0
0.255316709,5.77889883,0.577063445,12.08210872,0,0,0,0
0.127401302,5.182371488,0.287183751,9.878741357,0.17039218,1.998891292,0.384092349,3.810327013
0.204898782,3.37893209,0.461512961,6.998099381,0,0,0,0
0.368418856,6.47866924,0.837831007,13.59578519,0,0,0,0
0.265469793,69.64065553,0.622666242,114.2338373,0,0,0,0
0.558529105,16.21054746,1.268201405,30.88006071,0,0,0,0
0.736891406,20.1778415,1.675516969,38.3593818,0,0,0,0
0.217309066,33.34015089,0.500701135,54.90225904,0,0,0,0
0.643426101,14.97361016,1.466170787,29.61446627,0,0,0,0
0.209305955,4.198567962,0.481604175,8.639204429,0,0,0,0
0.245058587,3.386864221,0.553433813,6.782063339,0,0,0,0
0.248907106,5.117833542,0.562677135,10.4304002,0,0,0,0
0.200644096,3.319369665,0.454667185,6.643025027,0,0,0,0
0.257215183,3.815289016,0.579734608,7.661820387,0,0,0,0
0.125861629,4.428623374,0.283508951,7.926474905,0,0,0,0
0.378819349,6.130785738,0.854018801,12.59023876,0,0,0,0
0.372938813,9.497787245,0.847559104,18.76165561,0,0,0,0
0.169079655,18.24274873,0.482465885,39.68634097,0.086200435,0.268784094,0.245971458,0.584728614
33.55920147,179.6939349,36.09243495,338.5589146,5.281142606,0.560610821,5.679792356,1.056239272
0.261533867,25.3864666,0.745636584,55.06763602,0.133335576,0.374037844,0.380141525,0.811352765
0.270088691,20.24672158,0.769274957,42.55059751,0.042503303,0.063165912,0.12105922,0.132749753
0.404817064,35.66024269,1.154480901,75.14657769,0.06370523,0.111253159,0.181678288,0.234442997
0.131824492,23.68197649,0.37544371,44.4800796,0.000470504,0,0.001340021,0
0.180560212,21.56683341,0.513841705,43.57570049,0.002809475,0,0.007995259,0
0.175216471,28.66858456,0.49847444,58.04476878,0.003476294,0,0.009889729,0
0.077767286,10.53191442,0.220529395,17.31828874,0.002568436,0,0.007283469,0
0.099204782,7.967092715,0.281337906,16.22913761,0,0,0,0
0.175697222,15.98301415,0.499491674,30.47601979,0,0,0,0
0.050346336,4.820977004,0.14362948,10.09989704,0,0,0,0
0.047224082,5.263305009,0.134666851,10.34363849,0,0,0,0
0.035866704,68.64362902,0.101837208,111.9012607,0,0,0,0
0.023977553,1.892612856,0.06805057,3.876480784,0,0,0,0
0.030895441,2.447723158,0.087633531,4.991141033,0,0,0,0
0.037322407,5.877886683,0.105928099,10.60050476,0,0,0,0
0.021477092,1.882517835,0.060946611,3.713436544,0,0,0,0
0.029123235,8.439568659,0.082613889,14.62689207,0,0,0,0
0.051702409,6.217449118,0.146996369,12.30425505,0,0,0,0
0.030927212,5.969390766,0.087817773,10.72967042,0,0,0,0
0.116991169,13.4999785,0.333721714,29.34145436,0.092909469,1.159539119,0.265027758,2.520193951
0.14117264,17.26225829,0.403025697,37.38323071,0.120859595,1.009905096,0.345035146,2.1870554
0.121123216,15.01580418,0.345105428,31.27565919,0.103695041,0.878479334,0.295448907,1.829740181
0.278586479,47.06113584,0.795103028,97.44595362,0.216474741,1.19837673,0.617832291,2.481388541
0.348502778,30.10604809,0.992425049,58.36213789,0.015904114,0,0.045289856,0
0.014780567,3.227051325,0.042114512,6.891546619,0.011738105,0.277177645,0.033445576,0.591928194
0.140716693,17.2887197,0.401461967,32.80853019,0.004987423,0.613668341,0.01422902,1.164548715
0.023991205,5.268737426,0.068225233,9.78129563,0.001094852,0,0.003113496,0
0.095748674,6.372459998,0.271833715,11.60676776,0.003393621,0.226192397,0.009634605,0.411985737
0.073301213,10.94588673,0.209097388,21.61589615,0.085016367,9.102225307,0.242515774,17.97504046
0.039935284,4.584779658,0.11323162,9.425331879,0.044541285,1.916453395,0.126291372,3.939820585
0.007348448,14.71446979,0.020856531,25.35084186,0.01021372,10.93907411,0.028988811,18.84639691
0.058958166,6.018099362,0.167907529,12.69147927,0.019253417,0,0.054831991,0
0.08207267,8.75927917,0.234588014,19.6675011,0.026801704,0,0.076607213,0
0.013634707,2.040194272,0.038806968,4.311446842,0.024624554,1.295824222,0.070086163,2.738404536
0.14798325,12.81419208,0.422005126,27.52942503,0.063183802,3.868819972,0.180181801,8.311596137
0.123848289,10.84256997,0.352850699,23.42614859,0.052878997,3.273554118,0.150655219,7.072748012
0.06759638,7.324576074,0.19282123,15.65201872,0.022074317,0,0.062967825,0
0.002313025,0.251765597,0.006567873,0.514124921,0.002904312,0.171594177,0.008246844,0.35040865
0.145982882,14.71554488,0.415749146,29.31675157,0.003245251,0.327055906,0.009242251,0.651570623
0.54359071,38.19543247,1.545528045,75.31979864,0.012084215,0.848901069,0.034357638,1.673997476
0.253396411,21.79624673,0.721223703,42.84184283,0.005344944,0.461947542,0.015212923,0.907985866
0.092637267,12.17821954,0.263214416,20.24502688,0.001304614,0,0.003706858,0
0.080504311,6.351063821,0.228811447,14.07308304,0,0,0,0
0.120390601,10.10923751,0.342655727,20.59628814,0.040323902,0.14205872,0.114769891,0.289426609
0.021621445,3.934862605,0.061516123,7.965171339,0.000153049,0.032381791,0.000435448,0.065549053
0.155359569,12.53054732,0.441397717,25.53301182,0.000867328,0.081327917,0.002464196,0.165718752
0.080780175,8.841490342,0.229304109,17.44237926,0.084138295,3.59679851,0.238836532,7.095718176
0.093807438,8.087503196,0.266428365,16.07925072,0.002618594,0,0.007437233,0
0.116014402,11.01945723,0.32959588,23.52538894,0,0,0,0
0.050973573,6.643003596,0.144685021,11.95499283,0,0,0,0
0.025862948,3.285515184,0.073815694,7.155048941,0.025656837,1.359660944,0.07322743,2.961009173
0.037747313,3.813287569,0.107754242,8.363191775,0.037446491,1.578071592,0.106895509,3.460980878
0.010346962,2.062824316,0.029407516,4.288536373,0.023084991,1.094247065,0.065610778,2.274899663
0.01909334,73.07296514,0.054306009,119.2864132,0.032370078,51.88066403,0.092068215,84.69149039
0.042441591,5.451246168,0.120648054,11.74940844,0.046387221,1.474730073,0.131864235,3.17857705
0.028317885,3.241375207,0.080550953,7.221530481,0.046147584,2.34409374,0.131267987,5.222457543
0.133269805,16.70312773,0.378681568,33.5405266,0.041199068,2.787470555,0.117065736,5.597348699
0.060891906,6.116745031,0.173010672,13.20039625,0.081964693,4.334643171,0.232884264,9.354486282
0.049878246,6.128392151,0.141939869,12.55261305,0.01989307,0,0.056610246,0
41.89644688,60.3763132,42.13362711,68.41264986,0,0,0,0
0.108183613,9.345365417,0.307504412,19.24612397,0,0,0,0
0.132427311,9.480743787,0.376391205,20.45154445,0,0,0,0
0.100936129,7.740967559,0.286845093,16.20631419,0.027077473,0,0.07695005,0
0.091514468,6.183856863,0.259756724,13.14016621,0,0,0,0
0.070965262,7.931006764,0.20290035,16.9717924,0,0,0,0
0.02242392,2.613371712,0.063599364,4.473739413,0,0,0,0
0.18583944,16.49152136,0.527108621,32.78042383,0,0,0,0
0.054700291,3.920834307,0.155194545,7.848715768,0,0,0,0
0.074397989,5.54499222,0.211287095,11.61457153,0,0,0,0
0.049301991,21.89445392,0.140008971,37.38326543,0,0,0,0
0.040809983,7.1567972,0.115805731,12.96574495,0,0,0,0
0.086395257,11.31966014,0.245608975,20.4660641,0,0,0,0
0.24398137,19.67179186,0.694152197,39.92512204,0,0,0,0
50.1935151,78.58597029,50.46534188,86.97793877,4.648654324,4.119581051,4.673829464,4.559499197
0.180341748,12.99552482,0.511573976,26.83463481,0,0,0,0
0.099291514,8.503285797,0.281725149,17.23673769,0,0,0,0
0.049317473,23.68959663,0.139847543,39.72708098,0,0,0,0
0.045383942,4.63940225,0.129416617,9.730463368,0,0,0,0
0.059656484,5.160093733,0.169397755,9.707642657,0,0,0,0
0.039175566,2.770301046,0.111205622,5.764239768,0,0,0,0
0.060401485,4.486798355,0.171654139,9.599249199,0,0,0,0
0.08239394,6.130828292,0.234058172,12.89092113,0,0,0,0
0.023903904,1.640759499,0.067855908,3.497030665,0,0,0,0
0.017348528,32.15271048,0.049282209,52.68030595,0,0,0,0
0.092221667,6.928273412,0.262329935,14.76032203,0,0,0,0
0.022473801,2.441852943,0.064165988,5.307418969,0.021032132,1.337399304,0.060049813,2.906865646
0.072958026,5.942783708,0.207518089,12.64731622,0,0,0,0
0.021399641,1.569892861,0.060796621,3.348050651,0,0,0,0
0.119702365,9.041067189,0.340863019,19.45192616,0,0,0,0
0.014896534,3.437507116,0.042491162,4.764962286,0,0,0,0
0.065771018,10.10586012,0.186676109,18.74034614,0,0,0,0
0.063241135,4.318621442,0.179587643,9.325071157,0,0,0,0
0.031138328,2.146811904,0.088421987,4.605789841,0,0,0,0
0.036534094,8.477842544,0.103732415,14.89758727,0.000493754,0,0.00140193,0
0.050427024,4.048683749,0.143107818,8.395889642,0,0,0,0
0.048849126,11.03980146,0.139216442,19.99012565,0.036732099,3.082796778,0.104683801,5.582119856
0.034849002,4.869208781,0.098976704,8.888562819,0.002213385,0,0.006286365,0
0.04351777,3.209133479,0.123596479,6.313273917,0,0,0,0
0.094792912,44.11714816,0.269317753,75.11748745,0,0,0,0
0.111145723,12.3193268,0.315620085,22.02493824,0.002156318,0,0.006123288,0
0.088502824,21.40777773,0.251195466,36.95220789,0,0,0,0
0.053987881,4.287026568,0.153075693,8.021892575,0,0,0,0
0.040623336,3.033934381,0.115298221,6.337488168,0,0,0,0
0.011954092,0.97224692,0.033919092,1.935415095,0,0,0,0
0.011839346,1.087303841,0.03362901,2.203688027,0,0,0,0
0.118665717,61.54328847,0.336716381,102.5879345,0,0,0,0
0.037302503,2.935515843,0.105911368,5.761362249,0,0,0,0
1.118630628,104.5811956,3.184546183,187.9164302,0,0,0,0
0.319242307,39.30009529,0.907867303,73.80856225,0.237683817,1.403865512,0.675929729,2.636566
0.066906052,5.980459935,0.190781077,12.40942421,0,0,0,0
0.146405243,11.65310146,0.4169815,24.6610827,0,0,0,0
0.071300088,5.731421243,0.20290682,12.13926136,0,0,0,0
0.139338177,22.35761859,0.397055061,42.89992243,0,0,0,0
0.082197746,6.576254873,0.234081472,13.92768959,0,0,0,0
0.078350783,5.406014051,0.222941956,11.96227718,0,0,0,0
0.065609462,5.701678293,0.186700574,11.77797473,0.060077974,3.74130826,0.170959979,7.728432204
0.190867599,15.52258926,0.543918531,33.20888952,0,0,0,0
0.028025629,27.13459139,0.079614108,44.54347147,0,0,0,0
0.027680179,14.38855507,0.078539247,24.11983458,0,0,0,0
0.046800566,3.830798699,0.132824478,7.233124764,0,0,0,0
0.039978556,4.730808991,0.113492499,9.265607174,0,0,0,0
0.079004806,11.72339536,0.224443514,21.80989674,0,0,0,0
0.110019953,5.491557479,0.271014723,11.18729995,0,0,0,0
0.231608107,6.545543102,0.54885916,12.55531169,0.261363125,1.286197931,0.619371866,2.467116277
0.437457141,7.780791348,1.004263381,15.63423196,0,0,0,0
0.53083999,9.951972765,1.261724947,20.47365429,0,0,0,0
0.244122995,9.391241928,0.554058796,19.30426029,0,0,0,0
0.204227648,3.470428426,0.462573258,7.036132558,0.121613292,0.148864354,0.275452699,0.301815568
0.568817613,14.51210796,1.284181249,27.14463359,0,0,0,0
0.307839518,10.4627539,0.69467573,19.08609508,0,0,0,0
0.277469363,7.045596837,0.627047068,14.27554897,0.149455345,0,0.337750931,0
0.299080981,9.438748005,0.675943511,17.29834829,0,0,0,0
0.481684351,12.94356129,1.096079981,25.40044245,0.325511196,1.235358852,0.740705619,2.424267998
0.58048827,36.00749178,1.314802858,63.5992225,0.394499883,3.109237401,0.893540145,5.491776059
0.031109476,3.050137107,0.077101074,5.585132397,0.03406991,1.312741676,0.084438153,2.40377262
0.148436626,6.238444937,0.349828932,11.88104462,0.1876427,2.493668576,0.442228089,4.749162318
0.163267305,8.344225542,0.38167797,14.26991781,0.242145533,5.071787577,0.566075463,8.67354214
0.135498306,76.06315293,0.314946439,123.5171392,0.171287025,30.40441908,0.398132199,49.37301073
0.27714532,7.524112111,0.63143955,15.4331687,0.411040661,4.573306191,0.936502663,9.380589355
0.240412567,4.884771094,0.543059996,10.40196662,0.198753208,1.019001793,0.448957048,2.169932313
0.332781925,9.945714849,0.750515292,19.15032613,0.241811081,0.718766845,0.545350875,1.383974878
0.339178002,8.711580334,0.766419491,16.78484586,0.073104405,0,0.165189488,0
0.472154721,9.243880807,1.06593349,18.2891112,0,0,0,0
0.260879027,3.513368337,0.589505449,7.309935473,0,0,0,0
0.06639637,2.128159162,0.168249007,4.555172866,0,0,0,0
0.034400251,0.973449946,0.079997911,1.800614061,0,0,0,0
0.038202534,1.772640685,0.098383667,3.2463337,0,0,0,0
0.203210138,4.370448903,0.472672226,8.783359654,0,0,0,0
0.119940917,1.821635477,0.270737133,3.739938913,0,0,0,0
0.360429069,6.425056343,0.818007655,12.83572897,0,0,0,0
0.231091749,3.825715498,0.524139022,8.052107454,0,0,0,0
0.319075135,5.627577067,0.725273973,11.10676868,0,0,0,0
0.574618615,7.957970336,1.300629981,16.91521232,0,0,0,0
0.298540164,10.28914774,0.679768972,18.80141001,0,0,0,0
0.29071521,4.257230172,0.655484792,8.823664647,0,0,0,0
0.21456052,2.676990492,0.484586799,5.623150379,0,0,0,0
0.210290246,2.815576963,0.473997466,6.017607234,0,0,0,0
0.196112849,2.722792138,0.442319338,5.664351058,0,0,0,0
0.286503477,9.75540481,0.649058358,18.13924383,0,0,0,0
0.244834995,6.17210646,0.554017655,11.67695983,0,0,0,0
0.312023894,3.845283831,0.708095591,8.078601706,0,0,0,0
0.421437065,1.478971252,0.950324705,2.838668494,0,0,0,0
0.11485617,18.37230429,0.279473866,30.92064379,0,0,0,0
0.163522768,8.55852564,0.373537108,17.60085178,0,0,0,0
0.285295637,4.129924955,0.643934953,8.953078868,0,0,0,0
0.658342084,52.79198569,1.491567231,92.81682039,0,0,0,0
0.175918311,4.439583764,0.399304439,8.656216472,0,0,0,0
0.573035872,8.590716849,1.302034595,18.15693831,0,0,0,0
0.017987945,1.068694342,0.049194978,2.032743939,0.027382419,1.126904892,0.074887791,2.143465159
0.088015297,2.601069308,0.201788116,4.75748928,0.133982603,2.742746557,0.307174979,5.01662424
5.359518243,20.44964287,5.423535942,28.4710384,8.448821953,20.00422003,8.549740378,27.85089794
0.349760151,8.429346234,0.792503108,16.72170497,0.361198175,1.031501221,0.818419926,2.046239247
3.764752722,133.8555592,6.948307515,216.7576857,3.460590632,66.96942485,6.386939508,108.4462807
0.251669892,5.884823409,0.571741004,12.44015923,0,0,0,0
0.237730648,9.570810856,0.53676238,17.29221163,0,0,0,0
0.045640773,1.846702981,0.104726368,3.627369528,0.026734988,0.277313427,0.061345547,0.544710375
15.75834895,34.74668816,16.21407843,45.62938822,18.64067265,17.04327621,19.17975858,22.38124862
0.265093965,4.828980842,0.601553023,10.22742818,0.160719603,0.407208123,0.364706014,0.862437018
0.581429886,13.31913459,1.319590622,27.19698477,0.644598923,5.160397037,1.462956608,10.53726417
0.413864182,7.149176232,0.938381154,15.18487822,0.25368444,0.599663833,0.575195215,1.273688322
0.324401749,32.47497789,0.749765289,54.38274241,0,0,0,0
0.351856671,7.73472046,0.797928109,16.21399377,0,0,0,0
0.29529796,26.50423831,0.669801335,44.71013177,0,0,0,0
0.687947583,25.46954484,1.568956952,46.90430662,0,0,0,0
1.101959163,18.91053939,2.502571056,39.69151066,0,0,0,0
0.348484735,6.19677728,0.814788716,12.53859966,0,0,0,0
0.223264859,3.445431865,0.509140293,7.369702386,0,0,0,0
0.489732232,6.963182847,1.10934712,14.82596883,0,0,0,0
0.540223577,11.74754096,1.227699717,23.72708869,0.058656198,0,0.133300731,0
0.831567096,35.64964307,1.886494331,64.6850411,0.239757852,1.578074387,0.543915014,2.863361251
0.339164827,15.22705218,0.771800487,27.50140358,0,0,0,0
0.672207195,21.96952499,1.53015945,40.42561847,0,0,0,0
0.251219741,7.462114855,0.572998925,11.64203866,0,0,0,0
0.20643427,10.94271601,0.468439263,16.75609361,0,0,0,0
0.294796318,12.03621571,0.668690333,20.62239628,0,0,0,0
0.216498408,4.086439274,0.489445589,7.486834411,0,0,0,0
0.144439607,2.372696099,0.326087412,4.842969393,0,0,0,0
0.148411646,4.179857972,0.335449465,7.942728405,0,0,0,0
0.164022773,2.073238967,0.369983344,4.38591923,0,0,0,0
0.289218852,3.744555558,0.651959269,8.007611017,0,0,0,0
0.170636032,2.464397756,0.384676521,4.940189755,0,0,0,0
0.314766674,5.049647918,0.710560508,10.49823041,0,0,0,0
0.337628836,6.2430693,0.764976575,11.95550548,0.017202667,0,0.038976639,0
0.34022479,6.848017991,0.773396042,11.99120403,0,0,0,0
0.402390336,37.59201143,0.915883411,64.20584206,0,0,0,0
0.383417434,5.264808537,0.869331724,10.4191589,0,0,0,0
0.317193832,4.947895983,0.717281044,10.11179323,0,0,0,0
0.223298357,4.789726674,0.507412277,8.975675703,0,0,0,0
0.226147035,7.058453758,0.51220633,13.10461357,0,0,0,0
0.242869333,6.389861466,0.554788401,12.022148,0,0,0,0
0.609357893,10.3677089,1.377748908,20.86847865,0,0,0,0
0.347446648,5.689212114,0.783348526,10.67727565,0,0,0,0
0.180412838,2.755148097,0.406950253,5.873551139,0,0,0,0
0.140060467,1.851515423,0.316429077,3.890114912,0,0,0,0
0.223505504,3.018160508,0.504765544,6.428647703,0,0,0,0
0.286170004,3.923386007,0.646304755,8.359434899,0,0,0,0
0.332358622,4.830799218,0.749741776,10.21614607,0,0,0,0
0.195839366,3.063836509,0.443452979,6.363283593,0,0,0,0
0.480893237,14.25768198,1.087151637,26.28676462,0,0,0,0
0.298210425,3.607341813,0.674877385,7.663296981,0,0,0,0
0.489978919,13.53164809,1.109379132,24.91230242,0.629508968,9.262166259,1.425294203,17.05201654
0.30040094,5.650127559,0.6781359,12.08085912,0.12095596,0,0.27305034,0
0.350334628,13.49207555,0.790341172,24.02194987,0,0,0,0
0.331526581,21.63616612,0.750168437,36.95794784,0,0,0,0
0.183434811,3.441164008,0.413217299,7.337895281,0,0,0,0
0.071243741,8.677799886,0.161696354,14.50736748,0.057207208,1.197042701,0.12983873,2.001191382
0.336243233,16.15481378,0.758257101,27.91997603,0,0,0,0
0.403436783,14.79297271,0.910527425,26.34373212,0,0,0,0
0.403911767,5.855122916,0.911845464,12.43186844,0,0,0,0
0.210215021,5.149705139,0.475377712,9.805088106,0,0,0,0
0.279002244,3.742420755,0.630974768,8.011426873,0.000955675,0,0.002161298,0
0.211203785,9.330370676,0.478370062,16.74016724,0.103441569,0.70982451,0.234291965,1.273537934
0.089648528,1.593465711,0.203193493,3.115733231,0,0,0,0
0.029981548,3.656828737,0.085760007,8.213619865,0.043209109,3.758713087,0.123596468,8.442462773
0.050984233,3.451951884,0.145836598,6.915510967,0.051098337,1.488660508,0.146162984,2.982326641
0.033568423,2.571526735,0.096019971,5.324116143,0.057116178,0.67612097,0.163376568,1.399848005
0.019657197,3.321799687,0.056227949,6.994207775,0.035859358,3.16098399,0.102573025,6.655602652
0.00431251,0.387516585,0.012335652,0.648168324,0,0,0,0
0.022762463,1.71108826,0.065110366,2.999840857,0.006614729,0.19767093,0.018920949,0.34655216
0.029877398,3.631873644,0.085462119,8.07226802,0,0,0,0
0.004362867,0.406434295,0.012479552,0.686557419,0,0,0,0
0,0.005887606,0,0.014090152,0,0.003024064,0,0.007237154
50.58289892,179.3906235,93.12201452,292.8254328,0,0,0,0
0.006238936,0.568189183,0.017846055,1.10734108,0,0,0,0
0.024525157,3.199981725,0.07015236,6.229336233,0.034129033,0.850735436,0.097623522,1.656108545
0.016197531,1.429761708,0.046331794,2.891412012,0.027851669,1.933771246,0.079667563,3.910672233
0.035533652,2.351552664,0.101641399,4.95665617,0.010831197,0.104366854,0.030981843,0.219986829
13.95443141,38.8135393,29.72787389,81.85622225,2.75300231,4.24187045,5.86486852,8.945937335
0.017744854,2.124602074,0.050757791,4.000101463,0.003351349,0,0.009586277,0
0.019542137,1.570504318,0.055898869,3.081088605,0,0,0,0
0.023997411,3.292273671,0.068642798,5.992729683,0.011924749,0,0.03410985,0
0.017755909,2.124823845,0.050789496,3.79481827,0.010135482,0,0.028991815,0
0.013635491,1.272328504,0.039003376,2.521600874,0,0,0,0
0.014160419,21.10646345,0.040504672,34.13025867,0.001035795,1.685316819,0.002962803,2.725245711
0.026112091,2.394317709,0.074691652,4.40742687,0,0,0,0
0.023754595,1.737945995,0.067948226,3.278314842,0.00580213,0.141915526,0.016596554,0.267697487
0.008751284,0.860831227,0.025032431,1.619671385,0,0,0,0
0.013842784,1.840347162,0.039596252,3.156454755,0,0,0,0
0.208688583,19.14166111,0.596937492,37.07220429,0,0,0,0
0.219949174,16.77801561,0.629146867,35.14578992,0,0,0,0
1.002507409,83.71141179,2.867590018,183.3528112,0,0,0,0
0.07736751,8.714262849,0.221303823,16.22199488,0,0,0,0
0.133807246,8.454030859,0.382745625,15.74165906,0,0,0,0
0.152065439,11.40753538,0.434971849,21.64130249,0,0,0,0
0.259825114,14.51091018,0.743209709,28.03745764,0,0,0,0
0.207275849,15.97523591,0.592896181,31.87980204,0,0,0,0
0.153090138,13.53797869,0.437902048,24.80690639,0,0,0,0
115.6715378,412.7160303,213.0141178,676.2304267,0,0,0,0
0.120473577,16.94636815,0.344605173,30.14541801,0,0,0,0
0.311748252,34.27310339,0.891731414,67.61684836,0,0,0,0
0.260206713,18.69221361,0.744300247,37.22766502,0,0,0,0
0.054434815,6.930972716,0.155706401,12.4497959,0,0,0,0
0.193537042,105.7264838,0.55359731,175.7939455,0,0,0,0
0.311369215,36.9177192,0.890646472,69.54486433,0,0,0,0
0.320225826,38.60771517,0.915979979,72.64698346,0,0,0,0
0.208552951,16.98013767,0.59654896,32.98112074,0,0,0,0
0.143868576,9.609389891,0.411524349,20.34025527,0,0,0,0
0.131559465,12.85471319,0.376315264,24.46569404,0,0,0,0
0.127611313,15.82163341,0.365021864,29.58540826,0,0,0,0
0.128454099,7.775806079,0.367432456,15.81293904,0,0,0,0
0.111289545,7.189740058,0.318334939,14.38962339,0,0,0,0
0.132243307,10.76573246,0.378271584,20.86864084,0,0,0,0
0.114507931,11.3785821,0.327540792,21.71754969,0,0,0,0
0.089275401,8.144216922,0.255364768,16.40077111,0,0,0,0
0.031793166,1.972423715,0.090941904,4.050553237,0,0,0,0
0.142382968,29.8280655,0.40727506,53.42263481,0,0,0,0
0.157621495,8.619485096,0.450863729,18.22561232,0,0,0,0
0.123401654,19.9937252,0.352980554,35.82021809,0,0,0,0
0.11061864,6.634159435,0.31641571,13.67943376,0,0,0,0
0.095418603,6.534569079,0.27293727,13.69492533,0,0,0,0
0.067988612,4.091507231,0.194476059,8.177637535,0,0,0,0
69.2497109,179.5085059,147.4817832,381.2130822,0,0,0,0
0.062199013,8.749253538,0.177915294,15.76257034,0,0,0,0
0.070757936,6.744390934,0.202397423,12.87209892,0,0,0,0
0.091113545,8.135108357,0.260622614,16.14150077,0,0,0,0
0.095336021,9.941139147,0.272701079,18.97093211,0,0,0,0
0.387983714,13.55979781,0.883601419,28.34003467,0,0,0,0
0.150109273,6.739144865,0.381988255,13.63378028,0,0,0,0
0.385791122,9.07383699,0.918112573,18.17920211,0,0,0,0
0.468778164,19.11478329,1.122101239,38.42655352,0,0,0,0
0.208370553,8.739086979,0.525519583,18.15696827,0,0,0,0
0.358144862,15.1873168,0.796902703,29.8176853,0,0,0,0
0.14013458,4.92250169,0.309436084,8.751149559,0,0,0,0
0.200809881,8.461855947,0.454525407,16.24624997,0,0,0,0
0.132523277,3.877554869,0.302768762,7.402077393,0,0,0,0
0.496988457,26.75825152,1.139599094,53.82712365,0,0,0,0
0.195173976,7.419143733,0.456313614,13.78724495,0,0,0,0
0.306051094,8.842580165,0.676074585,17.21132529,0,0,0,0
0.220999406,6.476651824,0.489680869,10.92001222,0,0,0,0
0.148582329,4.306215206,0.325516797,8.5914261,0,0,0,0
0.090745581,4.011420058,0.204654447,7.93831938,0,0,0,0
0.271755273,28.68969205,0.609837494,49.00276176,0,0,0,0
0.338382636,19.12073178,0.747612203,32.37717308,0,0,0,0
0.278113532,9.643447375,0.616531958,16.42465229,0,0,0,0
0.243133673,8.141875295,0.54291423,15.73720599,0,0,0,0
0.506129659,25.34587477,1.12203617,54.58332486,0,0,0,0
0.043547789,2.713144098,0.110887905,5.469002956,0,0,0,0
0.067539623,2.052573285,0.156095615,4.341627996,0,0,0,0
0.139632219,2.661728495,0.319053301,5.638067297,0,0,0,0
0.088498234,4.803836369,0.197864646,9.646896831,0,0,0,0
23.21569711,71.30351545,49.44921362,148.1697706,0,0,0,0
0.287302527,8.180961868,0.644349909,16.80793019,0,0,0,0
0.027335461,68.49465738,0.070527036,110.8662816,0,0,0,0
0.019666185,3.611600214,0.047624458,5.350350497,0,0,0,0
0.088077003,3.942930474,0.199620242,6.936135133,0,0,0,0
0.052711862,3.735844669,0.115806432,6.210446967,0,0,0,0
0.075979507,1.679696739,0.165102949,3.502272997,0,0,0,0
0.160625118,5.932680224,0.364956905,11.14417246,0,0,0,0
0.156697998,4.502168001,0.348183044,8.788650613,0,0,0,0
0.10775518,5.770823599,0.26692302,11.4716901,0,0,0,0
0.287758261,8.922684397,0.639620107,18.24873888,0,0,0,0
0.343254875,19.60583256,0.754531479,36.09991477,0,0,0,0
25.03280761,72.11864445,53.31184009,151.4270811,0,0,0,0
0.2458368,6.349987149,0.540559864,13.13477583,0,0,0,0
0.263546276,9.952639115,0.609142781,19.12359863,0,0,0,0
23.67350184,63.18790961,50.40898576,133.7723672,0,0,0,0
0.463249387,12.67556263,1.028243114,26.20602695,0,0,0,0
0.177262229,6.920110931,0.399458893,13.0848641,0,0,0,0
0.184136349,11.17095145,0.412018692,19.608365,0,0,0,0
0.210748124,18.08875403,0.468111502,31.12745872,0,0,0,0
0.248843192,14.20826739,0.588945129,29.85016987,0,0,0,0
0.213691643,6.610911407,0.481517399,13.1838838,0,0,0,0
0.132019527,10.24004488,0.290343535,17.86451904,0,0,0,0
0.394120549,11.97274663,0.869233215,24.69518015,0,0,0,0
0.18318759,4.488922587,0.402078232,9.112693179,0,0,0,0
0.137230603,3.991427471,0.301298918,8.025427041,0,0,0,0
0.172959753,10.4174459,0.374151051,18.35446787,0,0,0,0
0.129838432,2.810071248,0.280769266,5.857711157,0,0,0,0
0.304123522,20.80475495,0.679318857,36.75221224,0,0,0,0
0.144969822,11.74925133,0.337054748,22.33485711,0,0,0,0
0.107011751,2.685764968,0.232404472,5.55961209,0,0,0,0
0.083457976,10.17184466,0.182118036,17.22174323,0,0,0,0
0.156510327,9.006352099,0.345350728,16.3547009,0,0,0,0
0.137316282,2.980681597,0.298348429,6.156765792,0,0,0,0
0.224607559,5.653400869,0.489653724,11.55737578,0,0,0,0
0.207047953,5.430005365,0.457810804,10.96222704,0,0,0,0
0.179484686,6.810466923,0.428108482,13.67803288,0,0,0,0
0.237809405,4.981386943,0.522660727,10.3375889,0,0,0,0
0.211327675,6.714399663,0.469469381,13.83888697,0,0,0,0
0.112529847,4.088827307,0.258628873,8.424468641,0,0,0,0
0.295563987,10.44655223,0.67615859,20.50401708,0,0,0,0
0.112305658,3.764187804,0.265354805,7.427121456,0,0,0,0
0.31232798,9.063446198,0.705048113,18.21907062,0,0,0,0
0.26596996,81.75629627,0.59123228,134.3183164,0,0,0,0
0.37641652,19.44426703,0.84195211,36.07594275,0,0,0,0
0.19156902,5.794289976,0.434132312,11.85114375,0,0,0,0
0.21527584,7.2897045,0.500083456,12.66635977,0,0,0,0
0.068948196,38.58591765,0.15205835,62.76028323,0,0,0,0
0.091069537,5.870985092,0.20449136,10.7437629,0,0,0,0
0.022441025,1.104554942,0.048918148,1.57800268,0,0,0,0
0.180808648,8.027384844,0.400076294,14.27662834,0,0,0,0
0.104339084,3.559724793,0.23036366,6.570658234,0,0,0,0
0.121943702,5.46583637,0.271167196,9.356911878,0,0,0,0
0.107778703,3.059031911,0.235158432,5.895518746,0,0,0,0
0.082584663,4.569888872,0.179382063,8.143748558,0,0,0,0
0.090219719,2.432288559,0.196546728,4.826768192,0,0,0,0
0.135690618,38.51457832,0.311027856,63.05242581,0,0,0,0
0.205203125,6.01479683,0.495202437,12.34223984,0,0,0,0
24.14054393,68.78415741,51.42425888,145.8892391,0,0,0,0
0.181200017,4.794025964,0.402967127,9.653612246,0,0,0,0
0.304290558,8.637732001,0.68315087,18.0996806,0,0,0,0
0.251894335,6.320999738,0.565251265,12.95684911,0,0,0,0
0.181076484,5.294981922,0.403856783,10.98968522,0,0,0,0
0.300681788,7.192155339,0.670108442,15.10059278,0,0,0,0
0.18181344,5.111127773,0.403414842,10.4183072,0,0,0,0
0.236720884,6.670262431,0.5321317,13.86876861,0,0,0,0
24.77360742,75.21211798,52.78720787,157.3408118,0,0,0,0
0.12858979,7.258268746,0.286564266,12.90312532,0,0,0,0
0.541735602,20.54997912,1.194668486,39.7170984,0,0,0,0
0.143997497,4.41236718,0.317295482,9.134668668,0,0,0,0
0.056288735,1.728626767,0.124695956,3.459387984,0,0,0,0
0.042595949,2.021782734,0.094248831,4.079156689,0,0,0,0
0.290723356,8.038961367,0.652073775,15.72139633,0,0,0,0
0.101646028,3.699684713,0.227038618,7.411054631,0,0,0,0
0.309984556,10.90931037,0.6994249,21.60746792,0,0,0,0
0.139783659,6.661480837,0.309410564,12.62842206,0,0,0,0
0.128442355,8.170809266,0.282927109,15.07806451,0,0,0,0
0.163861988,4.665785398,0.364002874,9.607184797,0,0,0,0
0.145524925,12.22960828,0.323799668,21.03233423,0,0,0,0
0.121581135,7.446134773,0.270454338,13.612846,0,0,0,0
0.116556685,7.081399298,0.25697381,12.84278297,0,0,0,0
0.120216492,3.273548107,0.262709192,6.790503774,0,0,0,0
24.6904418,68.60191342,52.59854011,145.3240026,0,0,0,0
0.102751886,10.68531729,0.227665284,18.28267503,0,0,0,0
0.278317695,8.275312749,0.625679833,17.40367685,0,0,0,0
0.224847621,6.294973823,0.504296693,12.66853453,0,0,0,0
0.412793968,20.08704665,0.910591254,37.67003098,0,0,0,0
0.123823531,12.99933557,0.273752186,22.4594693,0,0,0,0
0.166020345,43.82847056,0.3934012,72.94542204,0,0,0,0
0.267328209,32.78736328,0.602273243,56.66183988,0,0,0,0
0.314844137,13.55399999,0.705011153,25.69302845,0,0,0,0
0.113166695,3.395523129,0.255386465,6.84124584,0,0,0,0
0.30974585,12.05525453,0.695297518,22.79926176,0,0,0,0
0.340570646,16.315184,0.77549092,31.42208278,0,0,0,0
0.155008811,6.341382062,0.339348041,11.85927656,0,0,0,0
0.13636876,7.248289898,0.308755027,11.65276089,0,0,0,0
0.104079006,3.959676392,0.227810846,7.156212983,0,0,0,0
0.070336514,1.907121213,0.154128352,3.709499555,0,0,0,0
0.091998832,4.265289475,0.20241807,7.90525407,0,0,0,0
0.036534974,0.931681056,0.079917655,1.740708602,0,0,0,0
0.061057863,12.4924012,0.132845885,20.68580159,0,0,0,0
0.07360655,1.461309341,0.15931252,2.685623661,0,0,0,0
0.056618323,1.670721392,0.121980467,3.089228255,0,0,0,0
0.206236938,6.214255944,0.469587924,12.58897717,0,0,0,0
0.126366803,5.197585672,0.280076217,11.27468499,0,0,0,0
0.233753749,5.064884767,0.516155158,10.53942369,0,0,0,0
0.249411332,10.8562843,0.545689607,20.14331058,0,0,0,0
0.232680229,6.742590309,0.519941973,13.74493636,0,0,0,0
0.33087195,12.72626876,0.745824469,24.93485988,0,0,0,0
0.397288548,10.4768941,0.878235488,22.00037245,0,0,0,0
0.210971527,5.275582005,0.467136174,10.96129778,0,0,0,0
0.044026892,1.317264958,0.094864065,2.369562872,0,0,0,0
0.101368412,4.265292418,0.218218827,7.670270053,0,0,0,0
0.050701115,1.396455695,0.108955224,2.583915953,0,0,0,0
0.101782017,2.369816593,0.219402268,4.507751176,0,0,0,0
0.070249402,2.07507302,0.151160131,3.99180725,0,0,0,0
0.03837471,1.206838185,0.083206081,2.15447635,0,0,0,0
0.037822751,1.135132199,0.081629083,2.065070908,0,0,0,0
0.060006212,1.632950041,0.129185493,3.096029638,0,0,0,0
0.047984394,1.403510614,0.103347942,2.599598012,0,0,0,0
0.019489579,0.755109955,0.042147303,1.264358374,0,0,0,0
0.02894901,0.966258112,0.062796069,1.700829054,0,0,0,0
0.035916074,1.301792954,0.07776083,2.386319987,0,0,0,0
0.037115029,1.183529032,0.079865829,2.156007948,0,0,0,0
0.064346549,2.94825085,0.139042864,5.494651545,0,0,0,0
0.02890805,0.700999747,0.062844303,1.415789697,0,0,0,0
0.034606484,0.843954086,0.074701102,1.712838943,0,0,0,0
0.033985653,0.778837606,0.073420417,1.574700511,0,0,0,0
0.020906726,0.51384187,0.045237936,1.027190103,0,0,0,0
0.029671237,0.773968649,0.06406613,1.568612235,0,0,0,0
0.014758911,0.375651521,0.032083258,0.73745073,0,0,0,0
0.012314748,0.317973585,0.027136158,0.618047541,0,0,0,0
0.017860594,0.459067688,0.03874579,0.91316139,0,0,0,0
0.012967494,0.36508151,0.028688216,0.722987919,0,0,0,0
0.011520062,0.30274081,0.025247936,0.587779897,0,0,0,0
0.016476895,0.421902519,0.036144061,0.838153767,0,0,0,0
0.016447089,0.442246949,0.035882348,0.87520806,0,0,0,0
0.02348108,0.582217793,0.050918379,1.175120637,0,0,0,0
0.009594497,0.246427607,0.021035339,0.470568909,0,0,0,0
0.010252088,0.302808595,0.0222862,0.583252222,0,0,0,0
0.012751949,0.379924423,0.027609672,0.752582457,0,0,0,0
0.007440097,0.21975379,0.016207681,0.407753111,0,0,0,0
0.115860122,34.61018564,0.269478574,57.87681549,0,0,0,0
0.062623028,1.603357969,0.135549625,3.15309368,0,0,0,0
0.094748704,4.067667905,0.208481749,7.628745195,0,0,0,0
0.055411592,1.393914637,0.121549982,2.710041339,0,0,0,0
0.120260289,3.105183323,0.264061438,6.358855262,0,0,0,0
0.099856723,3.908136832,0.218435747,7.312368129,0,0,0,0
0.041495925,2.727542269,0.091239939,4.748480768,0,0,0,0
0.049641004,1.308294822,0.108366429,2.521035234,0,0,0,0
0.045670341,1.39895776,0.100067475,2.709340428,0,0,0,0
0.045277695,1.387200523,0.099433564,2.670738094,0,0,0,0
0.080041043,3.596931483,0.175042159,6.492729974,0,0,0,0
0.065339898,1.783974753,0.142318353,3.499170876,0,0,0,0
0.079282448,5.4095242,0.174698838,9.565683028,0,0,0,0
0.063455226,3.173457942,0.141000703,5.781744508,0,0,0,0
0.068123556,2.004560565,0.150030267,3.94842577,0,0,0,0
0.075663933,2.009315406,0.165327541,3.968434713,0,0,0,0
0.089900622,2.721514107,0.196782287,5.418923453,0,0,0,0
0.11116821,16.7832533,0.317988273,35.18667119,0.099453141,0,0.284478202,0
0.087039139,7.583134056,0.248968825,15.3622718,0.077866827,0,0.222732125,0
0.065334521,11.56172049,0.186884246,21.73364942,0.058449474,0,0.16719011,0
0.024646239,2.481859473,0.070498669,4.801466518,0.012844673,0,0.036741199,0
0.032987575,3.677967932,0.094358529,6.725347935,0.017191857,0,0.049176042,0
0.018548151,7.503903247,0.053055436,9.481764708,0.024376326,1.886911381,0.069726444,2.384259118
0.067989171,8.150464256,0.194477484,15.75919979,0,0,0,0
0.037859651,3.339151019,0.108294613,6.62654605,0,0,0,0
0.036515124,10.33937772,0.104448653,17.94190399,0.006058642,0,0.01733027,0
0.055392196,22.28317038,0.158444958,38.14655246,0.036760076,0,0.105149264,0
0.067804379,39.65790514,0.193949251,65.30175386,0,0,0,0
0.063037724,10.56969491,0.180314542,18.8554087,0,0,0,0
0.095484367,13.71311902,0.273125187,25.08352788,0,0,0,0
0.118518632,15.37700236,0.339013243,27.66187873,0,0,0,0
0.123337997,35.12209602,0.352798774,59.37207243,0,0,0,0
0.116908642,16.00590944,0.334408066,28.68723994,0,0,0,0
0.111528831,45.1938414,0.319019407,76.64509369,0,0,0,0
0.117657678,15.44727831,0.336550199,29.32318784,0,0,0,0
0.0740463,8.570904763,0.211803292,16.41054032,0,0,0,0
0.0818257,9.822157758,0.234055859,18.67622067,0,0,0,0
0.062972177,7.217457203,0.180126823,14.02086861,0,0,0,0
0.05981863,6.091592281,0.171106185,11.64379562,0,0,0,0
0.049174583,5.353841701,0.140659897,10.27238936,0,0,0,0
0.058791957,6.475130043,0.168169857,12.03317257,0,0,0,0
0.037772971,3.447856722,0.108046417,6.919533117,0,0,0,0
0.102931144,9.800815873,0.294426333,18.68060571,0,0,0,0
0.043157545,4.512432492,0.123448704,9.132238807,0,0,0,0
0.08239827,9.231235508,0.23569382,16.74935367,0,0,0,0
0.05942087,9.835857892,0.169968815,18.56019138,0.104699942,6.204796546,0.299486106,11.70840537
0.024976233,8.74993387,0.071442398,15.04478977,0.035044339,3.313823912,0.100241359,5.697846957
0.045141638,6.549342243,0.129123851,11.8198537,0.007150527,0,0.02045348,0
0.040351212,2.972636475,0.115421447,5.941035729,0,0,0,0
0.036348022,5.475463172,0.103970727,10.3160751,0,0,0,0
0.039822483,5.682633331,0.113908884,10.5093538,0,0,0,0
0.160136366,16.86631246,0.45805749,31.89069912,0,0,0,0
0.111770393,11.91436878,0.319710078,22.43851305,0,0,0,0
10.24766548,32.33468995,18.9488915,55.78169737,0,0,0,0
0.092724259,11.04013425,0.265230099,20.88596255,0,0,0,0
0.118792994,10.93870642,0.339797721,21.49584084,0,0,0,0
0.087777917,9.101836204,0.2510816,17.56823156,0,0,0,0
0.142884844,12.96885398,0.408710547,25.83976312,0,0,0,0
0.087495097,11.2902894,0.250272581,21.69776822,0,0,0,0
0.04229046,11.07645557,0.120968558,18.93618769,0,0,0,0
0.014494141,1.260676612,0.04145921,2.478033623,0,0,0,0
0.026866678,2.290978025,0.076849992,4.49067998,0,0,0,0
0.015810348,4.760007629,0.045224201,7.934170475,0,0,0,0
0.047498321,6.55634703,0.13586504,12.27309865,0,0,0,0
0.062050402,6.395277563,0.177490096,12.40148828,0,0,0,0
0.04049911,5.075329866,0.115844647,9.399157326,0,0,0,0
0.05609986,6.773051405,0.160469127,12.62321074,0,0,0,0
0.063590624,8.719731512,0.181895892,15.24503301,0,0,0,0
0.067874357,6.125724593,0.194149344,12.51729503,0,0,0,0
0.08695975,19.46238424,0.248741321,34.71863541,0,0,0,0
0.049118905,4.003251268,0.140500775,7.861841741,0,0,0,0
0.032648724,3.035571832,0.093388879,5.746719787,0,0,0,0
0.030741338,4.668235291,0.087933143,8.247441046,0,0,0,0
0.039246285,3.355669584,0.112260949,6.437102687,0,0,0,0
0.033416593,5.036579154,0.095585254,9.032146112,0,0,0,0
0.026834562,4.80366288,0.076758138,8.384529883,0,0,0,0
0.049121395,5.720736297,0.140507672,10.71531939,0,0,0,0
0.069951167,9.581922433,0.200089944,18.33046667,0,0,0,0
42.11359867,114.0168808,89.69726763,240.1792319,0,0,0,0
0.022646621,1.985055366,0.064778992,4.129227208,0,0,0,0
0.022656254,1.596293358,0.064806439,3.347647299,0,0,0,0
0.027797374,4.246120265,0.079512087,7.872857588,0,0,0,0
0.022462361,8.185331724,0.064251768,14.1019298,0,0,0,0
0.040042092,2.974686326,0.114536956,6.247949436,0,0,0,0
0.025223032,3.621970924,0.072148419,6.593670999,0,0,0,0
0.032912809,2.399214993,0.094144529,5.030485097,0,0,0,0
0.019538311,1.659367359,0.055887717,3.47100382,0,0,0,0
40.2313483,109.524061,85.6979152,231.5243863,0,0,0,0
0.048437268,3.765661825,0.138550739,7.895296668,0,0,0,0
0.040920796,6.566320821,0.117050651,11.91976595,0,0,0,0
0.017950511,1.386182739,0.051345969,2.89203224,0,0,0,0
0.028385521,8.478289194,0.08119452,14.41495401,0,0,0,0
0.019530853,1.503386495,0.055866301,3.124293203,0,0,0,0
0.07164931,9.413588658,0.204946965,17.88875169,0.016249383,0,0.046480026,0
0.051464046,7.17691757,0.147208561,13.30889997,0,0,0,0
0.01844731,2.556368338,0.052767039,4.937318022,0.014115033,0,0.040374911,0
0.045298083,12.01625317,0.129571485,21.09685296,0,0,0,0
11.85584767,49.28247461,21.8759227,82.20187399,0,0,0,0
0.025502869,9.326428407,0.07294897,16.57419589,0.028908031,0.15488284,0.082689171,0.275245616
0.042792047,3.83410406,0.122402934,7.622678722,0.005623831,0,0.016086479,0
0.045423592,3.795391071,0.129930531,7.555337027,0,0,0,0
0.019071968,4.365708363,0.054553734,8.103545547,0.034996459,1.926368559,0.100104378,3.575688997
0.045928835,11.75998102,0.131375482,20.8766521,0.000158109,0,0.000452256,0
5.847137886,40.56149819,10.78614581,67.49519253,8.804679342,10.97617491,16.2418874,18.26458765
0.039590034,5.473384252,0.113244167,10.12378442,0,0,0,0
0.083932071,4.681367074,0.240081334,9.460383374,0,0,0,0
0.075102307,5.080845976,0.214824526,10.76922306,0,0,0,0
0.121990622,18.51029513,0.34894443,37.18107064,0,0,0,0
13.54258634,39.70560674,28.88318781,83.59706046,0,0,0,0
0.028663768,3.260950009,0.081990244,6.249685478,0,0,0,0
32.04142976,103.6679011,62.96736888,183.4282639,0,0,0,0
0.033469038,3.630825708,0.095735334,7.052300273,0,0,0,0
0.020014913,3.691563995,0.057251093,6.69695996,0,0,0,0
0.056485074,13.99358563,0.161570978,24.77649841,0,0,0,0
0.038790258,4.701295608,0.110956461,8.868810535,0,0,0,0
0.036430437,3.385087126,0.104206319,6.531079311,0,0,0,0
0.054442549,6.177474314,0.15572853,11.84985056,0,0,0,0
0.066715725,8.253912904,0.190834851,15.82456926,0,0,0,0
0.042023396,21.42667383,0.12020469,35.62869282,0,0,0,0
0.081307454,25.02975644,0.232573542,41.78794985,0,0,0,0
0.039259327,4.754446531,0.112298134,8.629754283,0.031451204,1.219263116,0.089963628,2.21307381
0.026522691,20.40092037,0.075865901,33.71336748,0.008182999,0,0.023406774,0
0.068173987,12.69296663,0.195006271,22.37238685,0,0,0,0
0.052712504,13.25368273,0.150779796,22.78890669,0,0,0,0
0.069015349,7.335556819,0.197412681,13.93941535,0,0,0,0
0.07612525,8.275420326,0.217750014,16.02137882,0,0,0,0
0.100195405,11.56730936,0.286600868,22.01682239,0,0,0,0
0.150193773,21.8760482,0.429617317,39.96571723,0,0,0,0
0.05634062,42.07095338,0.161158007,68.51663847,0,0,0,0
0.028900867,4.275181673,0.082668541,7.804932289,0,0,0,0
0.034657096,3.305308053,0.099133698,6.176427159,0,0,0,0
0.024367734,6.817248084,0.069701857,11.81123053,0,0,0,0
0.022494349,6.464170425,0.06434333,11.31789034,0,0,0,0
0.023464396,38.45204472,0.067118104,63.09444926,0,0,0,0
0.030370143,19.50264519,0.086871269,32.45184915,0,0,0,0
13.25373776,37.15989422,28.23385244,77.68281519,0,0,0,0
0.020877418,5.040747465,0.05971812,9.032679574,0,0,0,0
0.079516704,9.496195879,0.227451103,17.36241885,0,0,0,0
0.026359811,7.472804563,0.075400138,12.97945444,0,0,0,0
0.026286785,3.685368817,0.075191206,6.789594747,0,0,0,0
0.031863198,2.753325529,0.091142058,5.58964556,0,0,0,0
0.055355501,6.104306689,0.158339885,11.49779183,0,0,0,0
0.090827924,7.595736154,0.259806244,14.86125489,0,0,0,0
0.035733421,4.721743813,0.102212479,8.421529432,0,0,0,0
0.047954268,5.704740718,0.13716928,10.5903239,0,0,0,0
0.059330327,5.191250334,0.16970983,10.32958456,0,0,0,0
0.035340139,4.802045774,0.101087533,8.83502539,0,0,0,0
0.04803077,3.527811318,0.137388127,6.850262508,0,0,0,0
0.025446137,3.807529377,0.072786496,6.579593745,0,0,0,0
0.156293166,20.27919169,0.447063962,37.86359223,0,0,0,0
0.07409926,5.575200023,0.211954929,11.47254534,0,0,0,0
0.048785593,6.612010901,0.139547395,11.92460494,0,0,0,0
0.015795754,1.760404227,0.045182415,3.631030536,0,0,0,0
0.022819466,5.73098807,0.06527328,10.2245393,0,0,0,0
0.021968125,2.292553157,0.062837967,4.472104312,0,0,0,0
0.04094362,4.87371817,0.117115926,9.346420406,0,0,0,0
0.018206963,4.19825416,0.052079616,7.435538553,0,0,0,0
0.03041471,3.760399679,0.086998723,7.121857672,0,0,0,0
0.026913725,5.705178082,0.076984424,9.741697358,0,0,0,0
0.019330371,3.84130056,0.055292915,6.852156619,0,0,0,0
0.033702124,2.351303595,0.096402305,4.80695412,0,0,0,0
0.036578124,2.678903787,0.104628843,5.623505802,0,0,0,0
0.03055557,4.159459602,0.087401761,7.837041349,0,0,0,0
0.022411453,3.949195787,0.064106187,7.24261986,0,0,0,0
0.016594301,1.222883282,0.047466624,2.552178779,0,0,0,0
0.011986911,0.783053915,0.034287542,1.625555862,0,0,0,0
0.049277748,5.586299691,0.140955032,10.91943832,0,0,0,0
0.007116407,0.546624253,0.020355975,1.121564034,0,0,0,0
0.027935825,3.604572333,0.079908125,6.710528738,0,0,0,0
0.041385378,5.080691632,0.118379424,9.577804009,0,0,0,0
0.039097455,3.097799892,0.111835105,6.418350086,0,0,0,0
0.030717299,2.380977346,0.087864312,4.981932099,0,0,0,0
0.015080917,2.230848894,0.043137869,4.107673217,0,0,0,0
0.016159376,1.209565712,0.046222497,2.511992909,0,0,0,0
0.028652435,2.262460808,0.081957975,4.657986414,0,0,0,0
0.015561938,2.425066368,0.044513547,4.393299468,0,0,0,0
0.056668329,4.054185378,0.162095326,8.59667933,0,0,0,0
0.027459431,2.105572951,0.078545478,4.337422344,0,0,0,0
0.020377229,1.493572419,0.058287377,3.066813861,0,0,0,0
0.022786204,1.831226486,0.06517796,3.787112148,0,0,0,0
0.019994773,2.974373714,0.057193427,5.521553502,0,0,0,0
0.032716774,2.500036803,0.093583742,5.206434359,0,0,0,0
0.013960042,1.168570377,0.039931598,2.360640415,0,0,0,0
13.36543875,35.81878435,28.47593249,75.95523642,0,0,0,0
0.035572673,2.813045973,0.101752621,5.848020532,0,0,0,0
0.056438547,14.69184609,0.161437791,26.05584878,0,0,0,0
0.050566905,3.580294643,0.144642623,7.078378578,0,0,0,0
0.034246201,5.394417167,0.097958552,9.637281079,0,0,0,0
0.04775796,15.55453717,0.136607738,26.7106585,0,0,0,0
0.079121965,8.022467278,0.226321818,15.65722178,0,0,0,0
0.018782279,2.328070448,0.053725243,4.146367817,0,0,0,0
0.05976812,6.495598087,0.170961837,12.56364363,0,0,0,0
0.034225843,3.19768957,0.097900309,6.121957317,0,0,0,0
0.043564294,5.435342132,0.12461204,10.06695596,0,0,0,0
0.035368339,3.276526362,0.10116834,6.238487298,0,0,0,0
0.024825592,2.474613186,0.071011604,4.588658268,0,0,0,0
0.040110514,3.54279149,0.11473279,6.760154596,0,0,0,0
0.02384203,3.569470004,0.068198178,6.309899065,0,0,0,0
0.014284923,1.592658049,0.04086071,2.598964715,0,0,0,0
0.052800254,6.931463276,0.15103086,12.97697188,0,0,0,0
0.057735293,13.06151856,0.165147108,23.31683302,0,0,0,0
0.028976802,2.366063428,0.082885826,4.566179084,0,0,0,0
0.033793523,3.369110496,0.096663751,6.647129994,0,0,0,0
0.040103325,3.314014343,0.114712377,6.582687512,0,0,0,0
0.060116342,5.306507818,0.171957761,10.76254825,0,0,0,0
0.098671686,9.403768559,0.282242293,18.76711149,0,0,0,0
0.054320106,5.770743988,0.155378239,11.0377965,0,0,0,0
0.046333757,5.930631974,0.132533819,11.68387186,0,0,0,0
0.031645547,2.808780495,0.090519468,5.355273509,0,0,0,0
0.028695282,2.706287866,0.082080397,5.129072538,0,0,0,0
0.055452157,4.089244493,0.158616555,8.740859378,0,0,0,0
0.014657036,1.338931996,0.04192515,2.57846963,0,0,0,0
0.040649434,8.227733856,0.116274344,14.80529752,0,0,0,0
0.034184241,5.69968756,0.097781317,10.25080665,0,0,0,0
0.023086931,5.494124098,0.066038376,9.69741898,0,0,0,0
0.019177782,1.656892715,0.054856576,3.265005853,0,0,0,0
0.027718944,2.18683997,0.079287672,4.420607512,0,0,0,0
0.020673894,4.090951378,0.059136005,7.261643944,0,0,0,0
0.025693485,3.388631566,0.073494142,6.342911628,0,0,0,0
0.023949035,1.937363674,0.068504414,3.854151395,0,0,0,0
0.016469595,2.846475498,0.047110023,5.202248861,0,0,0,0
0.022649577,4.749271954,0.064787361,8.357198632,0,0,0,0
0.01352454,0.912494862,0.038685825,1.48241136,0,0,0,0
0.028479469,4.327512191,0.081463178,8.063585855,0,0,0,0
0.013390313,1.335327819,0.038302009,2.291386976,0,0,0,0
0.02894569,6.22652172,0.082796722,10.81647419,0,0,0,0
0.016032853,1.80485533,0.045860609,3.291163548,0,0,0,0
0.019398307,2.731530932,0.055487129,5.054935466,0,0,0,0
0.011668853,0.769090663,0.033377641,1.622023696,0,0,0,0
0.005185112,0.350233872,0.014831613,0.737460709,0,0,0,0
0.023071825,1.439584428,0.065995071,3.036490172,0,0,0,0
0.021111609,4.381874836,0.060387891,7.822375808,0,0,0,0
0.008267851,0.804163467,0.023649424,1.44221051,0,0,0,0
0.014920667,1.380340872,0.042679261,2.641759468,0,0,0,0
0.029076173,1.439258498,0.083170314,3.112210867,0,0,0,0
0.002754116,3.775860901,0.007877991,6.046133558,0,0,0,0
0.001093604,2.005493459,0.003128219,3.130472901,0,0,0,0
0.00229118,0.326059462,0.006553804,0.42877555,0,0,0,0
0.002243065,0.314157345,0.00641607,0.420149677,0,0,0,0
0.00142351,0.282646123,0.004071774,0.352586164,0,0,0,0
0.001580988,0.285533167,0.004522348,0.353825392,0,0,0,0
0.002152202,0.309650198,0.006156202,0.414769742,0,0,0,0
0.009151919,0.572915071,0.026178309,1.109682031,0,0,0,0
0.003508673,0.30356272,0.010036284,0.47056752,0,0,0,0
0.003679279,0.330983909,0.010524306,0.531933419,0,0,0,0
0.004901974,0.400688903,0.014021654,0.71257488,0,0,0,0
0.002622326,2.077692102,0.00750096,3.332650419,0,0,0,0
0.002874389,1.951445233,0.008221881,3.136790624,0,0,0,0
0.004499243,0.365225426,0.012869659,0.633368872,0,0,0,0
0.002611198,0.283189302,0.007469096,0.427659442,0,0,0,0
0.002365465,0.27679686,0.006766176,0.405266924,0,0,0,0
0.001248183,0.233495172,0.00357031,0.297174698,0,0,0,0
0.001532779,0.252280975,0.004384335,0.352922609,0,0,0,0
0.002078715,0.286801185,0.005946019,0.416065802,0,0,0,0
0.002655821,0.304713479,0.007596836,0.479551856,0,0,0,0
0.001909103,0.316105248,0.005460835,0.43848292,0,0,0,0
0.002563493,0.317454977,0.007332684,0.488155706,0,0,0,0
0.002624687,0.2979349,0.007507711,0.458956016,0,0,0,0
0.002045757,0.265268819,0.005851669,0.387584126,0,0,0,0
0.001282983,0.254454436,0.003669811,0.3284644,0,0,0,0
0.005661158,2.171608831,0.016193358,3.642494426,0,0,0,0
0.003508024,0.14726966,0.010034365,0.303237893,0,0,0,0
0.001808913,0.096145437,0.005174335,0.181339122,0,0,0,0
0.002247801,0.109282472,0.006429744,0.212181238,0,0,0,0
0.002871828,0.129798116,0.008214685,0.264163531,0,0,0,0
0.002518353,0.115606401,0.007203526,0.229832562,0,0,0,0
0.001941811,1.297391979,0.00555445,2.179132923,0,0,0,0
0.00222783,0.109720902,0.006372546,0.216625092,0,0,0,0
0.003561468,1.09021413,0.010187353,1.834564685,0,0,0,0
0.002273443,0.112553385,0.006503043,0.221404394,0,0,0,0
0.001620656,0.08871341,0.004635763,0.165080212,0,0,0,0
0.003440835,0.153250768,0.009842358,0.326694935,0,0,0,0
0.00177483,0.094826443,0.005076838,0.189487354,0,0,0,0
0.001825586,0.233387194,0.005221921,0.51596579,0,0,0,0
0.0155746,0.623888858,0.044549988,1.434153059,0,0,0,0
0.002593686,0.130520485,0.007419078,0.261524283,0,0,0,0
0.004189764,0.204470314,0.01198452,0.443808541,0,0,0,0
0.001176093,0.072112334,0.003364169,0.13341536,0,0,0,0
0.004522634,0.199044492,0.012936754,0.452501371,0,0,0,0
0.001812273,0.080117031,0.005183906,0.168144861,0,0,0,0
0.002279559,2.426627071,0.006520455,4.432626731,0,0,0,0
0.000949655,2.693389032,0.002716381,4.375220577,0,0,0,0
0.000758316,0.04186533,0.002169178,0.076803571,0,0,0,0
0.000834837,0.049778793,0.002387983,0.094849101,0,0,0,0
0.001015313,0.055459932,0.002904176,0.109478193,0,0,0,0
0.001226996,0.06562781,0.003509805,0.133361032,0,0,0,0
0.00133184,0.065029437,0.003809716,0.130670222,0,0,0,0
0.003412887,0.16601653,0.009762241,0.366353504,0,0,0,0
0.049547858,1.857517582,0.141727855,4.400957816,0,0,0,0
0.00200729,0.09435373,0.00574174,0.202435648,0,0,0,0
0.005538604,0.29694492,0.015842726,0.552837595,0,0,0,0
0.001574704,0.072225005,0.004504398,0.144221808,0,0,0,0
0.002329898,0.109256103,0.006664443,0.209336467,0,0,0,0
0.001344612,0.063004377,0.003846158,0.120552673,0,0,0,0
0.001990962,0.087233301,0.005694943,0.172073793,0,0,0,0
0.001644877,0.073254077,0.004705025,0.153310404,0,0,0,0
0.001863642,0.093380638,0.005330844,0.173595674,0,0,0,0
0.001880006,0.082917966,0.005377683,0.168555535,0,0,0,0
0.001873862,0.084709298,0.005360018,0.159203048,0,0,0,0
0.002564266,0.112107983,0.007334837,0.241917023,0,0,0,0
0.001277573,0.055614394,0.003654292,0.118411498,0,0,0,0
0.001102269,0.06016748,0.00315302,0.130170126,0,0,0,0
0.001434331,0.069731218,0.004102783,0.153250882,0,0,0,0
0.001218179,0.086347353,0.003484387,0.192691859,0,0,0,0
0.000953459,0.05390139,0.002727294,0.114867943,0,0,0,0
0.001362266,0.072430695,0.003896729,0.159107515,0,0,0,0
0.001995835,0.086720822,0.005708852,0.19292621,0,0,0,0
0.001599454,0.080867474,0.004575043,0.180322231,0,0,0,0
30.99411985,103.772713,66.1102107,200.0819107,0,0,0,0
0.223194019,28.62808365,0.638429191,44.95512048,0,0,0,0
0.208742174,29.14136159,0.59709084,43.56378325,0,0,0,0
0.094632024,13.00896507,0.270687644,19.67274923,0,0,0,0
0.122513745,17.09674576,0.350441042,23.02614102,0,0,0,0
0.123857802,17.89609762,0.354285754,23.0029886,0,0,0,0
0.026897483,4.376674622,0.076938151,6.447038277,0,0,0,0
0.127294284,13.58067688,0.364114978,24.63044612,0,0,0,0
0.225649224,30.60133845,0.645451585,52.49343333,0,0,0,0
0.055876954,6.026343215,0.159831562,9.772917794,0,0,0,0
30.0298555,110.1567757,55.35911948,179.0187672,0,0,0,0
0.098223408,11.18266044,0.280959982,21.80583211,0,0,0,0
0.083426451,7.836080916,0.238634667,13.65156617,0,0,0,0
0.023185771,13.17767213,0.066321045,21.39283553,0,0,0,0
0.03810437,2.711984673,0.108994361,5.408336517,0,0,0,0
0.07338098,29.26524616,0.209900503,47.85158448,0,0,0,0
0.022297537,1.223347711,0.063780223,2.623837975,0,0,0,0
0.037470208,6.877311535,0.107180482,12.08361509,0,0,0,0
0.120708318,7.685027803,0.345276617,11.60540193,0,0,0,0
0.096851938,10.97983157,0.277037074,19.75637861,0,0,0,0
0.076184988,4.293567737,0.217920842,8.070443715,0,0,0,0
0.070327778,10.00787425,0.201166864,17.9730955,0,0,0,0
0.057477099,11.33055106,0.164408768,19.4904045,0,0,0,0
31.82232008,110.2125266,58.58508065,179.5834813,0,0,0,0
0.049032816,3.05815923,0.140254352,6.253938609,0,0,0,0
0.027364407,5.281995308,0.078273754,9.410083523,0,0,0,0
0.030990422,1.755506166,0.088645588,3.671413717,0,0,0,0
0.030292761,3.700122991,0.08665011,7.059091938,0,0,0,0
0.018121493,1.12041485,0.051834845,2.393434467,0,0,0,0
0.106684001,6.983027136,0.30516126,13.28276517,0,0,0,0
0.026729795,3.264562592,0.076458497,4.734014521,0,0,0,0
0.058759103,9.382755964,0.168075778,19.7164179,0,0,0,0
0.088079443,4.031577084,0.251944212,7.902513861,0,0,0,0
0.098471786,16.43801916,0.281670582,28.89274553,0,0,0,0
0.088457118,7.746224126,0.253024272,14.52198733,0,0,0,0
60.87802007,190.6096892,120.820819,349.2809683,0,0,0,0
0.026100863,1.701494385,0.074659379,3.504545618,0,0,0,0
0.024168345,1.609912799,0.06913154,3.270738926,0,0,0,0
0.032697444,2.703952892,0.093528313,5.698272025,0,0,0,0
0.030802654,2.468437208,0.088108496,4.9132715,0,0,0,0
0.04056614,3.002417631,0.116036377,5.973322237,0,0,0,0
24.62549484,86.53822789,45.38155018,142.1299419,0,0,0,0
0.046311036,3.808211234,0.132468883,6.655152426,0,0,0,0
0.121677504,10.09450318,0.348048855,19.04358599,0,0,0,0
30.29889913,105.3576961,55.77250404,172.0734033,0,0,0,0
0.022898676,1.587217271,0.065499916,3.324171574,0,0,0,0
23.07911726,82.59013723,42.52956072,136.0037489,0,0,0,0
0.063028197,3.361703444,0.18028704,7.019361545,0,0,0,0
0.053679358,3.416694291,0.153545467,7.110277938,0,0,0,0
24.30461102,64.82003739,44.79307084,106.9451712,0,0,0,0
0.040480299,2.076187808,0.115790743,4.420432382,0,0,0,0
0.104688609,19.31596542,0.299453392,33.64885181,0,0,0,0
0.06690832,81.15362105,0.191385776,131.2297049,0,0,0,0
0.039907368,8.64089752,0.114151667,14.67128639,0,0,0,0
0.078774472,8.561850685,0.225327959,14.03594423,0,0,0,0
0.033781377,2.611252735,0.096628915,4.900729061,0.004065054,0,0.01162776,0
0.030367152,1.833907808,0.086862858,3.81547314,0,0,0,0
13.58713146,19.39348119,13.67042186,21.47074509,0,0,0,0
0.035463132,2.18590647,0.101439404,4.467975187,0,0,0,0
0.022851157,2.068354515,0.065363901,4.106192539,0.008651096,0,0.024745766,0
0.021810547,1.668816015,0.062387254,3.331744844,0,0,0,0
29.29910315,73.03756595,53.93668777,118.9916392,0,0,0,0
22.65029117,31.20100322,22.76192967,33.72030828,0,0,0,0
0.032496481,2.081838189,0.092953684,4.386517759,0,0,0,0
0.018375066,1.183223399,0.052560533,2.531298313,0,0,0,0
0.030385342,2.068961376,0.086914729,3.736188495,0,0,0,0
0.035438561,2.457486172,0.101369155,5.00384274,0.00946701,0,0.027079623,0
0.099599257,8.568941433,0.284896067,15.59741763,0,0,0,0
0.099662863,7.268482668,0.285077722,15.75250407,0,0,0,0
0.083477117,5.371548802,0.23877947,11.05623851,0,0,0,0
33.36598487,120.0183581,61.44288055,196.2990376,0,0,0,0
0.067724602,6.435367493,0.193720886,12.78997803,0,0,0,0
0.071260229,44.85014227,0.203833946,74.13134622,0,0,0,0
0.070585802,4.265659795,0.20190486,9.163441303,0,0,0,0
0.047840018,22.46552913,0.136842341,37.81226004,0,0,0,0
0.058108552,4.703775536,0.166214813,8.566525264,0,0,0,0
0.017135907,2.326453793,0.049015821,3.39560476,0,0,0,0
0.009438929,1.844259761,0.026999291,2.33682623,0,0,0,0
30.35185351,102.8033747,55.91347146,167.6176162,15.75094191,14.11672135,29.01601514,22.900383
42.03491665,121.9061396,77.36513142,197.7682208,11.79813154,6.805267292,21.71442387,11.04017902
0.062418157,5.973902743,0.178541871,10.1227683,0.010275403,0,0.029391925,0
61.24529368,157.8949801,97.38155279,238.7252047,20.48407515,5.868876126,32.57019317,8.882374591
0.054566956,4.953831723,0.156084349,9.220702235,0.011110859,0,0.03178171,0
0.044481381,3.386624887,0.127235477,6.429270664,0,0,0,0
0.02323673,3.289178992,0.06646675,5.941976323,0.004095396,0,0.011714542,0
0.038323259,2.916600659,0.109620468,5.728930184,0.006067197,0,0.017354707,0
0.014667538,8.037582595,0.041955382,8.791283977,0,0,0,0
0.027113814,9.33230889,0.077556708,11.5957128,0,0,0,0
0.029818657,2.228031705,0.085293864,4.518432709,0.005353516,0,0.0153133,0
47.77886195,153.3577199,87.97780758,246.0033949,10.2033198,0,18.78792564,0
0.139727082,9.223044907,0.399678034,19.41345249,0,0,0,0
0.041588959,2.157241826,0.118962052,4.671293924,0,0,0,0
0.031959111,1.741439937,0.091416317,3.708812747,0,0,0,0
0.034166421,1.881368551,0.09773018,4.10114223,0,0,0,0
0.051211622,3.038863762,0.146486798,6.61878966,0,0,0,0
0.03373088,1.99061657,0.096484507,4.2349339,0,0,0,0
0.037921676,5.915641538,0.108471771,11.00558449,0,0,0,0
0.012863401,0.934956765,0.036794849,1.890823406,0,0,0,0
0.077509304,4.100114825,0.221709121,8.981850968,0,0,0,0
0.036100199,1.937473911,0.103261576,4.217690034,0,0,0,0
0.094294249,5.54440223,0.269720945,11.44133067,0,0,0,0
0.070990746,4.223351899,0.203063177,9.063330279,0,0,0,0
0.051740752,8.486244996,0.148000101,15.37017941,0,0,0,0
0.0464264,2.477832901,0.132799101,5.456311555,0,0,0,0
0.077885546,4.558408267,0.222785402,9.826665044,0,0,0,0
0.068029066,4.975740078,0.194591457,10.43168872,0,0,0,0
0.059386147,3.328708706,0.16986926,7.281862686,0,0,0,0
5.140866678,31.05404463,11.04866324,51.29597862,0,0,0,0
0.091796397,14.29071168,0.262576543,21.35200723,0,0,0,0
38.29022481,54.67823123,38.48926519,57.61198241,0,0,0,0
0.031842498,4.920742356,0.091083028,6.51017308,0,0,0,0
0.010345916,1.460774828,0.029593702,2.324411813,0,0,0,0
0.081654282,22.68152686,0.233565488,37.73147085,0,0,0,0
0.032739688,19.28832288,0.093649199,32.30257479,0,0,0,0
0.062210049,43.95931222,0.177946928,73.08724118,0,0,0,0
0.01915353,76.00146565,0.054787161,115.0966687,0,0,0,0
0.032006288,7.266340254,0.091551407,10.53075034,0,0,0,0
0.035337301,4.802200429,0.101079503,7.755455496,0,0,0,0
0.052893108,12.3012616,0.151296671,18.12417497,0,0,0,0
0.029454181,3.095063392,0.084251246,5.383797885,0,0,0,0
0.071875282,5.476382676,0.20559328,10.73560983,0,0,0,0
0.073720603,5.950416523,0.2108717,11.56586995,0,0,0,0
0.043934044,6.78773062,0.125669909,12.40579538,0,0,0,0
0.097759888,10.97046718,0.279634541,20.18407506,0,0,0,0
0.077722541,8.252052178,0.222319266,15.70313793,0,0,0,0
0.036645005,3.100282287,0.104819982,6.194049744,0,0,0,0
0.06388772,4.441878694,0.182745593,8.730081942,0,0,0,0
0.064053708,6.850298477,0.183220774,12.63022213,0,0,0,0
0.05305038,6.729302045,0.15174642,12.08288524,0,0,0,0
0.032721677,2.828404342,0.093597686,5.494701714,0,0,0,0
0.103527515,11.35043412,0.296132162,18.04063329,0,0,0,0
0.025869458,2.348213016,0.073997602,4.528456797,0.005387046,0,0.015409233,0
0.05475021,10.1816614,0.15660851,17.90649033,0,0,0,0
0.050748006,3.396686965,0.145160554,6.84504146,0,0,0,0
0.044596298,8.189311828,0.127564331,11.95415531,0,0,0,0
0.022838894,2.122990044,0.065328726,3.746431971,0,0,0,0
0.021193624,1.9333531,0.060622733,3.434012295,0,0,0,0
0.011139845,1.242614754,0.031864642,1.982174974,0,0,0,0
0.012048149,1.033772076,0.03446277,1.857729776,0,0,0,0
0.026392899,4.071582243,0.075494793,7.120888122,0,0,0,0
0.06893726,14.82926222,0.197189468,24.54006662,0,0,0,0
0.035262958,2.878594973,0.100866748,5.591948948,0,0,0,0
0.029481101,2.116883568,0.084328181,4.204859141,0,0,0,0
0.014934598,1.395732281,0.04271902,2.702541392,0,0,0,0
0.044040171,3.59501399,0.1259734,6.79146431,0,0,0,0
0.053567738,3.767964936,0.153226288,7.163275265,0.007297034,0,0.020872589,0
0.026406942,2.649009894,0.075535156,4.316760832,0,0,0,0
0.029923721,3.610822399,0.085594389,6.669783636,0,0,0,0
0.015676924,1.412981499,0.044842534,2.560406241,0,0,0,0
0.009252719,0.993826538,0.026466644,1.814337861,0.00404646,0,0.011574567,0
0.003015918,0.407721958,0.008626857,0.727245959,0.001761857,0.061196752,0.005039688,0.109155735
0.002374832,2.710894924,0.006793,4.46540689,0,0,0,0
58.43181854,76.89125618,58.58153339,78.06583944,0,0,0,0
0.011560294,3.263658465,0.033067402,5.166780207,0,0,0,0
0.050295777,5.749492875,0.143867135,9.986965766,0,0,0,0
0.039333989,3.03640821,0.112511757,5.792050867,0,0,0,0
0.045235957,7.884508977,0.12939382,14.48354488,0.014768957,0,0.042245416,0
0.023524516,1.600937802,0.067290109,3.240932763,0.001771209,0,0.00506641,0
0.025948936,2.003993664,0.074224997,4.088586965,0,0,0,0
0.025198278,1.963084975,0.072077783,3.575019284,0,0,0,0
0.047492103,4.05614676,0.135847504,7.644870462,0,0,0,0
0.05777644,4.236125919,0.165264946,7.931168241,0,0,0,0
0.063820936,4.893685018,0.182554511,9.703892031,0,0,0,0
0.051086227,3.243573046,0.146128039,6.573609707,0,0,0,0
0.050911969,4.197363349,0.145629611,8.056842815,0,0,0,0
0.043466884,2.901977466,0.124333626,5.877535717,0,0,0,0
0.058047176,7.529186714,0.166039263,13.5065933,0,0,0,0
0.025970369,6.853497946,0.074286161,11.88219554,0,0,0,0
0.04672767,3.230731427,0.13366063,6.464667978,0,0,0,0
0.07377361,6.963132014,0.211023525,13.26944253,0,0,0,0
0.03479222,8.956062976,0.09952023,15.71043565,0,0,0,0
0.038228695,4.400324631,0.109350193,8.298208725,0,0,0,0
5.252652224,15.43845883,11.20893952,32.81688897,0,0,0,0
0.031446343,2.509761421,0.089949799,4.870948619,0,0,0,0
0.041077409,2.964246294,0.117498589,6.110809028,0,0,0,0
17.31942732,62.74415982,31.92628838,103.6623693,0,0,0,0
0.03135263,1.97256646,0.089681693,4.138933119,0,0,0,0
0.008779573,0.675301261,0.025113201,1.32751084,0,0,0,0
0.018245403,1.063911012,0.052189586,1.91547714,0,0,0,0
0.045531384,2.888523572,0.130238762,5.959245738,0,0,0,0
0.025427308,1.915708988,0.072732729,3.909619012,0,0,0,0
0.039386367,2.317247405,0.112661611,4.772928064,0,0,0,0
0.024727715,1.877160437,0.07073156,3.796467795,0,0,0,0
0.021308903,6.074438439,0.060952333,10.46445351,0,0,0,0
0.038474966,2.405095456,0.110054643,4.95847939,0,0,0,0
0.02422739,1.817445199,0.069300482,3.694623383,0,0,0,0
0.013883915,1.606984259,0.039713902,2.534551445,0,0,0,0
0.016526785,1.322039154,0.047273625,2.652788248,0,0,0,0
0.026446288,1.745632659,0.075647562,3.560475528,0,0,0,0
0.016222344,1.131536051,0.046402672,2.224347086,0,0,0,0
0.009957988,0.761344497,0.028483925,1.418855544,0,0,0,0
4.068629759,11.13881085,8.670314952,23.49512166,0,0,0,0
0.008439175,0.767904476,0.024139616,1.445940168,0,0,0,0
0.021934026,3.15998354,0.062740442,5.799118666,0,0,0,0
0.07852261,15.33748953,0.22068013,20.25440469,0,0,0,0
0.027133297,5.526596457,0.076858478,7.408365445,0,0,0,0
0.083337846,11.72326966,0.229676356,16.54564564,0,0,0,0
0.050407388,26.63586083,0.142829215,40.69824267,0,0,0,0
0.068924706,10.10795657,0.183899395,15.20225696,0,0,0,0
0.076628703,15.30849409,0.19906151,23.52628596,0,0,0,0
0.021536652,2.864733528,0.05662906,4.398062965,0,0,0,0
0.053348071,8.876328125,0.139019295,14.84295162,0,0,0,0
0.01920087,2.329063767,0.050911293,4.01648598,0,0,0,0
0.07636577,5.588778848,0.198998763,9.93145168,0,0,0,0
0.070867072,11.18519711,0.184713551,19.66622841,0,0,0,0
0.048582237,2.47949697,0.125023791,4.787299631,0,0,0,0
0.020475589,1.912844733,0.053060981,3.364273903,0,0,0,0
0.031108951,1.639506423,0.080433947,3.280441745,0,0,0,0
0.018742523,1.096666515,0.047773569,2.129913054,0,0,0,0
0.011847579,0.69243873,0.030261399,1.314686449,0,0,0,0
0.011761952,0.727059086,0.030045531,1.386797279,0,0,0,0
0.021723134,1.479825636,0.055740697,2.617442384,0,0,0,0
0.014294979,0.81418385,0.036842681,1.592893599,0,0,0,0
0.020766978,1.222419111,0.053043416,2.417181879,0,0,0,0
0.013283393,0.757891633,0.033882216,1.468492242,0,0,0,0
0.031382348,2.937547287,0.080850387,5.390010318,0,0,0,0
0.011926952,0.679859812,0.030742162,1.29842312,0,0,0,0
0.022355803,1.202903345,0.057445126,2.366148064,0,0,0,0
0.016895481,0.921028367,0.043411387,1.792728391,0,0,0,0
0.020204675,1.148488119,0.051727071,2.249012443,0,0,0,0
0.007909768,0.423700235,0.020458767,0.875484857,0,0,0,0
0.00465803,0.236175536,0.012014773,0.481731814,0,0,0,0
0.006730452,0.342688567,0.017329428,0.69961447,0,0,0,0
0.004890085,0.260829169,0.012621766,0.532330542,0,0,0,0
0.005767578,0.315959304,0.014796095,0.642658136,0,0,0,0
0.004005177,0.17074959,0.010201126,0.34482208,0,0,0,0
0.010225178,0.640049209,0.026976255,1.256216509,0,0,0,0
0.006406758,0.375685836,0.016632076,0.702034879,0,0,0,0
0.005879752,0.341575204,0.015386343,0.645692844,0,0,0,0
0.00519152,0.277482365,0.013379515,0.506042284,3.35496E-05,0.001778463,8.64635E-05,0.00322135
0.008168033,0.482805634,0.021414614,0.941779736,0,0,0,0
0.007578143,0.457840456,0.019367111,0.894968953,0,0,0,0
0.002718967,0.180428764,0.006969484,0.319678045,0,0,0,0
67.71750724,140.4387266,98.82600888,202.0357765,0,0,0,0
0.011485416,3.742007346,0.030169091,6.083440615,0,0,0,0
0.004407392,0.471101435,0.011483953,0.7321315,0,0,0,0
0.008514047,0.471314648,0.021917223,0.915149271,0,0,0,0
0.01587995,0.872014389,0.040840384,1.734857126,0,0,0,0
0.012805278,0.747590972,0.032704551,1.467908773,0,0,0,0
2.807366801,56.63873449,5.266856164,88.86253176,0,0,0,0
10.82197532,24.47473754,19.9997576,37.21789877,0,0,0,0
7.615184201,34.23790546,14.07816921,54.79150968,0,0,0,0
7.074047626,22.90285828,13.06005216,36.4332497,0,0,0,0
10.17566787,35.08812081,18.78799264,56.27309211,0,0,0,0
273.6729201,602.8116685,438.1943974,914.9023014,8.170709262,0,13.08262074,0
7.091143001,27.24036332,13.11044012,43.7977571,0,0,0,0
7.107499568,79.40096921,13.13594139,125.3531409,0,0,0,0
10.26468392,52.92162929,18.95675249,84.8081575,0,0,0,0
7.949690264,42.87350281,14.69537639,70.39106799,0,0,0,0
5.332886317,26.57071316,9.846235342,44.04618485,0.206936205,0,0.382071255,0
6.533214211,40.21155404,12.05672588,66.30885747,6.154564255,6.88621859,11.35794599,11.28170648
12.44446486,54.18161989,22.97344908,89.83956442,0,0,0,0
25.7920083,73.10186524,51.50282372,136.0050458,0,0,0,0
13.87818088,52.51511748,25.63694945,86.41334091,0,0,0,0
12.56136571,54.46438583,23.19217823,90.56453814,0.061496728,0,0.113542039,0
4.807191499,24.88985207,8.875353694,41.27128305,0.471695023,0,0.870874432,0
5.96303089,19.38465362,11.00678723,32.2303464,0,0,0,0
8.420612269,40.45328785,15.5433101,67.56863811,0.811805247,0,1.498482568,0
18.29301193,88.84188922,33.77703931,145.9183557,0,0,0,0
14.63519637,67.86352056,27.02069639,108.9491532,0,0,0,0
17.00878941,67.29312482,31.39863617,111.8823699,0,0,0,0
0.119420938,28.5482873,0.341594778,37.27937194,0,0,0,0
0.142897429,24.76744519,0.408747229,30.81057713,0,0,0,0
0.126948314,26.54428974,0.363125909,37.42312064,0,0,0,0
0.049919643,18.76175727,0.142791263,29.03761915,0,0,0,0
27.41953755,159.9596428,50.48304106,255.7172176,0,0,0,0
0.013862053,13.32001757,0.039651242,23.80260862,0,0,0,0
67.6307955,168.3155631,106.3720189,249.5684153,0,0,0,0
0.027816158,4.027312285,0.079565832,6.930217309,0,0,0,0
34.17822013,47.9128683,34.27631274,48.70885056,0,0,0,0
0.03426596,11.99074996,0.098015085,15.19376141,0,0,0,0
0.004237685,1.834047128,0.01212169,2.270086667,0,0,0,0
0.002534774,0.611232508,0.007250772,0.872572342,0,0,0,0
0.048440418,6.948122741,0.138559988,11.69824369,0,0,0,0
0.025623608,3.444706287,0.073294232,5.782756236,0,0,0,0
0.028134139,13.74814419,0.080475455,22.46172428,0,0,0,0
0.060603899,24.68993831,0.173352747,37.576134,0,0,0,0
0.00840463,3.349302564,0.024040703,4.258836597,0.004994259,0.595032769,0.014285637,0.808241134
0.006390424,3.109231147,0.018279096,3.785004961,0,0,0,0
38.1281692,120.6940553,70.2948597,188.6214267,0,0,0,0
0.056763786,29.41211092,0.162368365,42.14589872,0,0,0,0
0.083192411,21.8724122,0.237965099,31.995356,0,0,0,0
0.080552421,18.78250774,0.230413598,25.85337018,0,0,0,0
0.050312338,19.30362173,0.143914392,26.90176215,0,0,0,0
0.036366582,18.68721008,0.104023817,25.62597397,0,0,0,0
0.014152836,13.8427934,0.040483036,17.61921913,0.000737655,0,0.002110003,0
0.039368018,14.07714976,0.112608891,22.60320189,0,0,0,0
0.00130606,0.896154283,0.003736027,1.011751008,0,0,0,0
42.14017369,145.3362219,77.54375954,236.213075,0,0,0,0
0.016488569,1.743132221,0.047164184,3.096542489,0,0,0,0
66.76443788,185.4124718,142.2012824,385.1778115,0,0,0,0
0.020004153,2.316832188,0.057220426,4.08166125,0,0,0,0
0.01529741,2.161731846,0.043756962,3.898468758,0,0,0,0
0.004924687,2.92933949,0.01408649,4.647385008,0,0,0,0
0.005562318,0.931848868,0.015910464,1.389415937,0,0,0,0
0.024101287,4.497884163,0.068939604,7.410636154,0,0,0,0
0.05509035,26.36823864,0.157581408,44.29525161,0,0,0,0
0.018642908,2.578360152,0.053326461,4.523926047,0,0,0,0
0.006247782,2.167309147,0.017871264,3.764807178,0,0,0,0
0.059999096,18.62902955,0.171622749,31.38483589,0,0,0,0
2.146998994,21.33473963,2.249396422,33.19953614,0,0,0,0
0.034270572,3.637157273,0.098028337,6.55729229,0,0,0,0
0.023205011,2.764519345,0.066376082,4.927342458,0,0,0,0
0.015644299,1.319867206,0.044749262,2.11864664,0,0,0,0
0.033768181,6.087101508,0.096591118,10.47071315,0,0,0,0
0.028433908,3.215053668,0.081333139,5.729997652,0,0,0,0
0.023035251,2.55430273,0.0658905,4.52996378,0,0,0,0
0.008557831,1.220381614,0.024478919,1.931335873,0,0,0,0
0.038647,14.63604716,0.110546842,24.22753113,0,0,0,0
0.024324058,2.219902554,0.069576979,4.390824389,0,0,0,0
0.011141073,1.284710825,0.031868201,2.39784086,0,0,0,0
0.013140135,1.322286308,0.037586334,2.510164976,0,0,0,0
0.061985711,8.612343198,0.177305425,15.00466803,0,0,0,0
0.025415161,2.764619475,0.072698181,5.146382672,0,0,0,0
0.021391894,4.887106408,0.061189789,8.613495103,0,0,0,0
0.017878119,4.588080176,0.051138846,7.970516878,0,0,0,0
0.015082495,1.386830925,0.04314232,2.468047687,0,0,0,0
0.077702076,7.831122794,0.222260825,14.45497335,0,0,0,0
0.04048199,3.853381803,0.115795598,7.751167647,0,0,0,0
0.015437475,1.845622536,0.0441577,3.398744997,0,0,0,0
0.011882251,1.265745439,0.033988246,2.249170679,0,0,0,0
0.02855045,2.751690576,0.081666262,5.196319324,0,0,0,0
0.03030833,2.484201322,0.086694629,4.656787939,0,0,0,0
0.007159334,1.084893801,0.020478778,1.917117949,0,0,0,0
0.023979241,1.394671768,0.068590791,3.010257318,0,0,0,0
0.015587117,1.679068703,0.044585758,3.30385435,0,0,0,0
0.033821966,3.969099677,0.096745163,7.069088558,0,0,0,0
0.021664596,2.567092701,0.0619699,4.803274317,0,0,0,0
0.013237181,4.317557303,0.037863889,7.655534538,0,0,0,0
0.011712779,0.992928239,0.033503605,1.865129843,0,0,0,0
0.015466722,1.266600464,0.044241233,2.470029402,0,0,0,0
0.002812717,0.380196354,0.008045424,0.603899152,0,0,0,0
103.1843207,260.9729856,189.9002751,424.6591294,0,0,0,0
41.79054896,127.8177623,76.88522698,205.4035742,0,0,0,0
0.014447367,4.602831238,0.041325487,5.58833111,0,0,0,0
206.1106047,515.2917141,379.1636075,825.558936,0,0,0,0
0.03633717,10.2400343,0.103939451,17.11566043,0,0,0,0
0.036068555,9.795993767,0.103171042,15.55535412,0,0,0,0
0.025982709,4.638631393,0.074321772,7.300849298,0,0,0,0
0.044722778,16.76630675,0.127925974,27.5871181,0,0,0,0
0.02914421,4.615165001,0.083364635,7.333273567,0,0,0,0
0.023101892,6.41230563,0.066081048,9.986404104,0,0,0,0
0.029809543,4.468514813,0.085267868,6.923448855,0,0,0,0
253.9671571,626.2564923,467.1721054,1015.208509,0,0,0,0
0.084379572,15.04530415,0.241361089,25.03776139,0,0,0,0
0.043210414,9.393215768,0.123599931,15.7400484,0,0,0,0
0.116604886,15.05012617,0.333538461,25.71844973,0,0,0,0
0.028383036,6.170312424,0.08118741,10.34214591,0,0,0,0
0.014168936,2.257506093,0.040528993,3.513398611,0,0,0,0
0.015393412,5.26726087,0.044031509,8.553180863,0,0,0,0
0.039454153,4.900468743,0.112855702,8.442827206,0,0,0,0
0.020937474,5.797117849,0.059890002,9.523770837,0,0,0,0
0.023736087,4.654018919,0.067895026,9.112745069,0,0,0,0
0.015770845,5.271072111,0.045111074,8.696212823,0,0,0,0
0.023447897,6.994948193,0.06707115,11.47241583,0,0,0,0
0.01575911,2.321359523,0.045077889,3.914130184,0,0,0,0
0.003390032,0.923088673,0.009697004,1.426483766,0.003106727,0.182470869,0.008886627,0.278848253
3.615039811,62.72331392,6.726058419,83.01197402,0,0,0,0
0.01520242,2.560756416,0.043485299,3.929916277,0,0,0,0
0.007576287,2.96401178,0.021671269,4.736960955,0,0,0,0
0.016427682,3.955855641,0.046989958,5.251818178,0,0,0,0
0.005916801,2.933613986,0.016924431,3.656595714,0.000110927,0,0.000317297,0
0.011716228,0.93679281,0.033513269,1.206589309,0,0,0,0
0.004815096,3.049636856,0.013773146,3.478119922,0,0,0,0
0.010475917,3.555967185,0.029965701,4.421822842,0,0,0,0
0.003784795,1.517696385,0.010826038,2.392866852,0,0,0,0
0.010970792,1.870360156,0.031381185,2.750814759,0,0,0,0
0,0,0,0,0,0,0,0
0,0,0,0,0,0,0,0
0,0,0,0,0,0,0,0
0,0,0,0,0,0,0,0
0,0,0,0,0,0,0,0
0,0,0,0,0,0,0,0
0,0,0,0,0,0,0,0
0,0,0,0,0,0,0,0
0,0,0,0,0,0,0,0
0,0,0,0,0,0,0,0
0,0,0,0,0,0,0,0
0,0,0,0,0,0,0,0
0,0,0,0,0,0,0,0
0,0,0,0,0,0,0,0
0,0,0,0,0,0,0,0
0,0,0,0,0,0,0,0
0,0,0,0,0,0,0,0
0,0,0,0,0,0,0,0
0,0,0,0,0,0,0,0
0,0,0,0,0,0,0,0
0,0,0,0,0,0,0,0
0,0,0,0,0,0,0,0
0,0,0,0,0,0,0,0
0,0,0,0,0,0,0,0
0,0,0,0,0,0,0,0
0,0,0,0,0,0,0,0
0,0,0,0,0,0,0,0
0,0,0,0,0,0,0,0
0,0,0,0,0,0,0,0
0,0,0,0,0,0,0,0
0,0,0,0,0,0,0,0
0,0,0,0,0,0,0,0
0,0,0,0,0,0,0,0
0,0,0,0,0,0,0,0
0,0,0,0,0,0,0,0
0,0,0,0,0,0,0,0
0,0,0,0,0,0,0,0
0,0,0,0,0,0,0,0
0,0,0,0,0,0,0,0
0,0,0,0,0,0,0,0
0,0,0,0,0,0,0,0
0,0,0,0,0,0,0,0
0,0,0,0,0,0,0,0
0,0,0,0,0,0,0,0
0,0,0,0,0,0,0,0
0,0,0,0,0,0,0,0
0,0,0,0,0,0,0,0
0.071371115,5.626885027,0.204151783,11.582926,0.101365531,2.116695478,0.289948587,4.357211312
