14233.83161,1488826.316,40714.81375,2208189.392,0,0,0,0
21385.66512,2250024.099,61172.08741,3310775.27,0,0,0,0
40467.08251,4776281.73,115753.089,7377085.674,0,0,0,0
28535.79505,2913270.886,81624.51351,4241111.727,0,0,0,0
7000.765589,783313.6374,20025.15861,1176403.592,0,0,0,0
38039.75029,3808602.31,108810.0301,5544894.183,0,0,0,0
3520.356017,241455.9482,10069.71063,376886.9954,0,0,0,0
1459562.524,2627826.071,1477276.721,3114582.467,0,0,0,0
8623.910579,1387455.062,24668.02993,2002405.51,0,0,0,0
3981.474897,776210.5206,11388.68418,1025496.282,0,0,0,0
4838.855672,607610.0335,13841.16214,1026927.141,0,0,0,0
8872.636647,1493357.916,25379.50111,2678580.347,0,0,0,0
2219.870978,128182.9962,6349.762074,219103.7357,0,0,0,0
2898.466542,275397.2442,8290.841363,460331.3643,0,0,0,0
2495.873693,206407.6208,7139.237047,376402.8871,0,0,0,0
1725.051629,141692.0289,4934.36613,268538.9676,0,0,0,0
104071.1837,2380016.261,236981.1534,4666456.64,5058.115569,0,11518.70474,0
12488.49021,1487692.278,32272.26694,2165407.789,607.0076917,0,1568.625643,0
18971.99655,1675721.084,47260.93291,2494299.807,922.1409184,0,2297.164666,0
23188.05986,2018965.28,58022.5052,2930039.89,1126.876223,0,2820.241594,0
11100.05146,1323777.898,28900.71075,1920675.488,0.800244305,0,2.083559352,0
8737.810796,894140.4748,22245.58648,1314406.826,0.62991866,0,1.603736566,0
13579.11502,5211350.332,34187.42515,8231434.453,18.65683242,0,46.9711597,0
25540.1735,1373377.02,59377.85451,1860800.427,962.2773261,0,2237.294449,0
10982.82337,2634646.467,25370.78016,4089126.685,854.5697948,0,1975.392742,0
23448.80461,1135147.803,55908.56795,1686212.943,1.690509178,0,4.030653335,0
32252.13058,891155.3161,74332.55984,1521124.407,0,0,0,0
22511.35211,804086.6408,52342.69578,1390198.042,0,0,0,0
105491.4041,3733467.031,158916.2781,6549909.944,8186.472589,0,12337.649,0
15151.28887,2700702.204,34555.67717,4434430.207,0,0,0,0
571616.9211,2482056.215,1061176.29,4075568.451,24447.51618,0,45385.45161,0
26110.58768,485424.4069,59744.73491,887024.5288,0,0,0,0
1023245.78,3503802.679,2183176.927,6754995.541,0,0,0,0
7492.735484,1045453.071,21432.39711,1527213.53,0,0,0,0
6606.50489,607565.5756,18897.39337,843281.0734,0,0,0,0
690.8084033,780644.5028,1976.009059,1258034.375,0,0,0,0
3512.380299,842460.1746,10046.90439,1348787.576,0,0,0,0
731480.519,1572356.905,743310.7269,2042594.08,0,0,0,0
4945.241767,1298737.771,14145.46665,2131560.672,0,0,0,0
2756.890981,282832.2521,7885.861198,516044.2727,0,0,0,0
3422.227854,516466.002,9789.007758,853323.9687,0,0,0,0
4015.758928,457307.4095,11486.7512,819640.4299,0,0,0,0
3870.0255,225492.7514,11069.88636,419634.9548,0,0,0,0
3059.5966,316758.775,8751.724749,549813.2894,0,0,0,0
1008.712004,132413.3381,2885.335041,230285.1907,0,0,0,0
1544.336866,174080.7319,4417.45832,296854.3661,0,0,0,0
2561.093814,438592.6218,7325.802896,750598.6322,0,0,0,0
3347.041815,329365.2154,9573.939518,580541.0663,0,0,0,0
5224.898089,4853969.978,14945.38613,7932833.731,0,0,0,0
3740.372387,222284.029,10699.03754,394359.6666,0,0,0,0
3940.12074,382350.6114,11270.40515,697632.5925,0,0,0,0
4131.862371,2121703.938,11818.85957,3368215.012,0,0,0,0
4109.967706,325074.395,11756.22696,606490.0633,0,0,0,0
3297.504644,281998.8457,9432.248347,537381.9603,0,0,0,0
2635.137171,345389.122,7537.610644,518027.8365,0,0,0,0
6799.365565,731518.5679,19449.06925,1045924.078,0,0,0,0
2542.584842,1686761.529,7272.873377,2705836.055,0,0,0,0
1857.580063,421786.3557,5313.458824,679534.3301,0,0,0,0
5612.617507,12977696.45,16054.43395,21510803.66,0,0,0,0
8750.017792,2446999.183,25028.72666,4008582.963,0,0,0,0
1397.709078,7799503.831,3997.904834,12684542.7,575.0570303,751917.7543,1645.030327,1317929.226
4131.686711,442741.2574,11818.29787,810505.1748,230.0382373,0,658.0626809,0
1902.867167,8620655.297,5443.134937,14273044.35,1575.236772,2657473.704,4505.764153,4295057.263
3221.892866,4433299.887,9215.969441,7235449.884,0,0,0,0
6864.178379,769555.8479,19634.42803,1338300.271,0,0,0,0
5608.84797,4957803.365,16043.65678,8041495.865,0,0,0,0
5198.796061,19052540.66,14870.76861,30634400.19,0,0,0,0
3993.247082,8297862.866,11422.35401,13488373.14,0,0,0,0
7687.532704,1720356.619,21989.65834,2806372.465,0,0,0,0
600446.9147,2374187.97,1106239.977,3833274.866,0,0,0,0
416.9921506,79045.21763,1192.765579,118203.2699,86.03226172,4302.395769,246.0869231,4561.826748
1020156.862,2782471.035,2174393.993,5796490.991,0,0,0,0
4394.360138,314362.9278,12569.70826,634625.1656,0,0,0,0
3856.073501,6083034.876,11030.00685,9889186.603,0,0,0,0
2278.909267,1572551.965,6518.618343,2595969.715,0,0,0,0
5460.604248,596988.917,15619.6326,1119755.956,0,0,0,0
6068.400938,429892.3856,17358.18195,722128.1339,0,0,0,0
3919.629427,668062.911,11211.79175,1026610.69,0,0,0,0
3913.821421,741325.092,11195.18906,1225580.806,0,0,0,0
2697.747115,180626.9711,7716.683131,359574.3029,0,0,0,0
5313.671105,1255106.763,15199.33551,2173442.698,0,0,0,0
4515.59127,292594.0209,12916.47764,573479.6349,0,0,0,0
2617.093364,242679.6064,7485.99193,463125.5883,0,0,0,0
4088.413606,318069.1452,11694.57774,614428.375,0,0,0,0
3359.485246,5429796.585,9609.529094,8870290.448,0,0,0,0
4681.605528,278564.1962,13391.34921,558957.9566,0,0,0,0
1493.918772,103674.9477,4273.238934,197578.0192,26.20711184,0,74.96341351,0
1586.29465,118085.3492,4537.471489,217649.242,0,0,0,0
1338.878215,83364.5754,3829.758324,147936.3408,1.472177932,0,4.212652826,0
2099.907647,130880.3445,6006.617626,250336.1246,0,0,0,0
4998.169421,384099.9842,14296.87273,719486.8136,0,0,0,0
2212.921536,182186.9476,6329.895086,354625.7084,44.90781311,0,128.4387004,0
7067.429516,19138599.23,20215.8184,31005221.19,0,0,0,0
2145.118195,198199.1008,6135.949565,326081.6095,0,0,0,0
3141.248369,1251918.902,8985.305899,2013876.479,0,0,0,0
5554.268534,1840929.888,15887.52596,3020479.541,0,0,0,0
2419.881841,588849.8529,6921.867564,996636.2742,0,0,0,0
1997.939756,186940.0588,5714.939591,335678.137,0,0,0,0
1296.778647,74269.83359,3709.325032,137486.2804,0,0,0,0
3112.287202,403888.4993,8902.440052,757368.1789,0,0,0,0
1946.059844,154765.4502,5566.538517,274464.7178,0,0,0,0
2232.35791,154942.8408,6385.487956,289035.1661,0,0,0,0
5171.470887,372366.2363,14792.57815,722690.0897,0,0,0,0
2330.458197,156315.319,6666.183836,297843.4682,68.46597395,0,195.7435878,0
1009.665544,64945.98558,2888.063147,127563.4902,0,0,0,0
1679.614359,136762.3799,4804.406451,258849.1386,39.77662507,0,113.7779473,0
1993.618128,160872.9497,5702.575564,296765.6843,63.16525876,0,180.6888667,0
3313.621342,1027172.097,9478.351848,1744243.145,59.24293516,0,169.4597318,0
2283.374537,210424.1517,6531.261258,387998.399,39.81561943,0,114.0408293,0
2338.551888,140602.2241,6689.275564,281488.048,21.37881775,0,61.11007266,0
2975.686239,250147.505,8511.706084,451104.3389,71.4298333,0,204.3239627,0
4283.411318,509016.1807,12252.35032,921247.0203,0,0,0,0
5423.471049,312174.2768,15513.42246,521853.103,0,0,0,0
5989.85356,573634.7133,17133.53102,988171.7996,0,0,0,0
2993.753031,149252.7845,8563.388394,276342.6617,0,0,0,0
3418.326427,384393.3684,9777.839057,759669.8389,0,0,0,0
4247.324011,296556.2236,12149.12625,548340.2365,0,0,0,0
2508.406566,306352.8535,7175.0959,553124.8673,0,0,0,0
2568.618842,121106.8715,7347.313242,254636.2351,0,0,0,0
4671.220691,243594.0204,13361.65146,485714.3087,0,0,0,0
4052.947519,399444.2205,11593.11807,736747.0306,0,0,0,0
2377.546454,218051.5336,6800.781258,426513.6611,0,0,0,0
1549.34384,109342.5874,4431.769015,190793.5419,0,0,0,0
2434.567653,148204.5817,6963.887858,302068.6296,0,0,0,0
1703.218015,138949.3775,4871.918718,275530.6381,0,0,0,0
2677.73142,238831.3025,7659.441702,473159.3359,0,0,0,0
4907.409904,597206.751,14037.2485,1068469.54,0,0,0,0
602872.492,2361840.767,1113133.855,3898879.191,0,0,0,0
3169.098747,229015.776,9064.955846,430334.7429,0,0,0,0
2245.339664,249592.4374,6422.61501,441893.3361,0,0,0,0
2186.100553,94755.41077,6253.165383,174280.8888,0,0,0,0
2386.333658,172111.4493,6825.92742,326811.1749,0,0,0,0
5701.126143,474879.1501,16307.60417,874692.5634,0,0,0,0
7761.900647,746405.8154,22202.29883,1201357.816,0,0,0,0
2191.693345,267761.689,6269.162134,438462.6407,0,0,0,0
4527.541828,409127.4618,12950.68906,720179.7287,0,0,0,0
2694.111073,630580.2898,7706.281022,921574.1773,0,0,0,0
1913.341273,270156.8884,5472.964296,373230.8578,0,0,0,0
5791.275153,1264557.331,16565.54272,2024651.174,0,0,0,0
956.9424304,97059.33865,2737.24157,149006.4207,0,0,0,0
2828.135162,109038.2446,8089.666606,193170.4938,0,0,0,0
2095.507764,116908.9807,5994.017799,249913.6258,0,0,0,0
2393.270985,261619.1455,6845.716553,498225.862,1060.661783,13711.75798,3033.963167,24597.39955
1054.957997,101888.0592,3017.280879,223937.3953,1140.338449,41927.04379,3262.215467,67429.00528
2205.857573,166095.5004,6308.98117,398439.2582,1018.278283,29764.19473,2913.404949,18738.64709
1844.286771,145055.0846,5275.922701,284290.3791,101.4579061,0,289.7142366,0
3405.13107,370214.1159,9740.093544,681989.8643,0,0,0,0
2140.030163,161665.0737,6121.3599,319707.0364,0,0,0,0
2075.455586,162236.6394,5936.663906,322898.3394,0,0,0,0
5113.985342,382615.4386,14628.14302,785019.4327,0,0,0,0
3205.393917,356083.305,9168.769022,648514.4789,0,0,0,0
5635.585861,340249.5807,16120.15798,726440.6434,0,0,0,0
3120.301815,419791.0922,8925.386421,633777.185,0,0,0,0
950.9131888,3312627.153,2720.014182,5350847.172,0,0,0,0
371.2320536,1883313.602,1061.883242,3046307.216,0,0,0,0
3121.880337,369326.4669,8929.908644,677166.0253,0,0,0,0
3605.255259,575325.1454,10312.52731,1010062.295,0,0,0,0
3549.334997,252558.0987,10152.5861,503489.4824,0,0,0,0
3925.019889,361724.5295,11227.20336,666864.9633,0,0,0,0
604898.3258,2453457.553,1119512.461,4155650.682,0,0,0,0
2284.717117,337936.4267,6535.252707,591797.4465,0,0,0,0
4633.460661,292288.1887,13253.67622,595548.245,55.14876812,0,157.7268462,0
3823.906844,442830.9766,10937.95928,735709.0385,0,0,0,0
842954.6433,1208051.076,847363.1895,1291446.621,499.6544393,0,502.2676992,0
2348.332037,191407.8855,6717.178375,283963.8568,46.60031834,0,133.3400684,0
5098.379956,432961.6731,14583.50251,849075.6878,101.2025713,0,289.486164,0
3284.475797,252419.9695,9395.115871,487431.7381,93.93518263,0,268.5505738,0
2428.142891,179963.4184,6945.510694,351946.0796,0,0,0,0
1252.567071,99294.07016,3586.066494,195849.7145,192.7940838,0,548.2942907,0
2444.117231,148823.2924,6991.250417,290354.9176,61.32766429,0,175.3573061,0
2406.107563,176622.9569,6882.437682,320863.1072,0,0,0,0
601271.3664,2141378.642,1108480.458,3517794.906,0,0,0,0
1997.359174,131489.7818,5713.284309,263391.7188,0,0,0,0
3659.151602,264589.8307,10466.69751,515049.1578,0,0,0,0
1598.661911,102915.9889,4572.849298,193176.333,40.11472368,0,114.7450782,0
2038164.902,5384085.34,4342397.61,11343549.14,0,0,0,0
731111.5546,1468238.298,742590.8871,1801521.437,0,0,0,0
3040.48522,5326959.349,8697.692071,8809431.798,1098.740613,109289.0435,3142.213867,351926.8063
4983.060743,436835.0232,14253.65302,768277.0986,0,0,0,0
3378.681146,337057.7491,9664.416762,665496.7362,0,0,0,0
5221.725667,705833.8183,14936.3229,1098053.505,0,0,0,0
4598.373727,302528.2936,13153.27741,591958.9961,0,0,0,0
5055.35182,277465.3617,14460.41299,572469.0784,0,0,0,0
4115.810913,404728.468,11772.93829,745953.0546,0,0,0,0
3142.12664,222162.6194,8987.837729,437624.1638,82.559038,0,236.1146714,0
3187.587223,281736.4277,9117.838544,533468.6882,0,0,0,0
2334.096113,77846.87672,6676.496094,140372.9746,0,0,0,0
6017.418622,344710.2526,17212.35296,692221.4987,0,0,0,0
5360.176167,660682.623,15332.34591,1249948.305,0,0,0,0
4179.649142,380668.3931,11955.53151,647083.3054,62.39666046,0,178.5068345,0
2569.479795,171215.0615,7349.679957,341757.2196,71.9004648,0,205.7738105,0
2702.657397,211768.2967,7730.740305,404359.5161,85.16913662,0,243.6196604,0
2229.823596,165729.6951,6378.461326,331565.1882,90.85642854,0,259.6429642,0
1303.36828,93856.3037,3728.187935,176167.9323,0,0,0,0
1882.336375,150594.7167,5384.270519,290628.5797,0,0,0,0
2330.843069,228912.5203,6667.193687,416556.0152,0,0,0,0
3311.788599,253953.4571,9473.067264,453632.771,102.4137025,0,292.9895957,0
3289.58824,251765.4694,9409.603274,493863.7042,38.0591363,0,108.8651063,0
2008.076439,140040.5245,5743.937256,276489.4291,0,0,0,0
322874.1733,1081213.477,598134.921,1835904.13,0,0,0,0
6002.7627,1609344.459,17170.44104,2665139.996,0,0,0,0
2748.780886,852732.9781,7862.678118,1291267.978,0,0,0,0
4581.726227,1346247.821,13105.69416,2094241.757,0,0,0,0
3241.015076,4884957.568,9270.672415,7838360.705,0,0,0,0
7394.686939,1538297.516,21151.93259,2377421.323,0,0,0,0
1316994.331,3606795.516,2806220.676,7405576.726,0,0,0,0
2388.258395,1122168.437,6831.4203,1867314.984,0,0,0,0
1904.725654,500656.2122,5448.3114,859738.2105,0,0,0,0
1387.983743,110936.0193,3970.205549,220661.9593,0,0,0,0
2584.210759,502638.7894,7391.931513,867412.672,0,0,0,0
1188.9184,863452.1206,3400.799221,1430396.224,0,0,0,0
4959.730703,1095537.374,14186.94081,1749921.141,0,0,0,0
6543.703292,1670732.033,18717.76019,2696173.189,0,0,0,0
1738.194918,218825.101,4971.955988,416821.3508,0,0,0,0
2267.541217,187707.5675,6486.11408,355909.9994,0,0,0,0
1629.716286,156693.3881,4661.670648,295670.0246,0,0,0,0
1321.701008,228997.4113,3780.626248,405598.9801,0,0,0,0
1866.834061,189004.9825,5339.921124,354349.7429,0,0,0,0
2616.047305,310208.2637,7482.98491,556008.0709,0,0,0,0
1539.067766,133272.8858,4402.383809,244392.4324,0,0,0,0
6552.225926,934280.4983,18742.10098,1761755.968,0,0,0,0
7207.672641,700824.042,20616.94467,1414874.106,0,0,0,0
3324.451682,724396.9053,9509.329805,1171304.639,0,0,0,0
292854.1584,1127761.777,541871.1832,1882134.924,0,0,0,0
3376.67312,400489.1064,9658.689504,722348.5,0,0,0,0
4648.335143,3415187.094,13296.2152,5421302.343,0,0,0,0
1027768.364,3759925.211,1892891.583,6124494.916,0,0,0,0
1317639.113,3510994.276,2807037.836,7359306.993,0,0,0,0
1487.169129,1344394.168,4253.929645,2156463.105,0,0,0,0
1980186.413,4925380.652,3643973.164,7977529.57,0,0,0,0
1464.707784,150311.6063,4189.684811,288938.375,0,0,0,0
1555.479859,617072.1916,4449.331613,1015883.849,0,0,0,0
1499.966921,677686.5853,4290.539743,1126287.179,0,0,0,0
2938.548096,340851.7735,8405.486967,549720.3935,0,0,0,0
1385.333544,266368.1544,3962.632245,464452.357,0,0,0,0
1339.002225,119539.6748,3830.114697,223586.7577,0,0,0,0
1732.40614,147750.3662,4955.404473,269050.0837,0,0,0,0
1319344.161,3973877.258,2811658.004,8088821.863,0,0,0,0
2204.76993,233042.8617,6306.560703,393881.3875,0,0,0,0
2895.946958,427380.3137,8283.619544,743872.4682,0,0,0,0
2341853.658,6997304.036,4690372.091,13059463.33,0,0,0,0
1029366.792,5985566.871,1896860.023,9787525.93,0,0,0,0
3646.90505,538144.9919,10431.66917,861259.253,0,0,0,0
4354.427585,1048591.429,12455.49106,1682947.913,0,0,0,0
2034.466396,228750.7678,5819.419963,388836.3031,0,0,0,0
1961.777231,325574.7958,5611.502656,550344.6833,0,0,0,0
2104.767828,262745.4115,6020.539048,484435.481,0,0,0,0
1397.002144,129729.9605,3996.020002,238917.0871,0,0,0,0
2339930.191,7295371.478,4687198.305,13419514.86,0,0,0,0
5097.685476,1266590.141,14581.52745,2031903.451,0,0,0,0
2003.866117,406050.4202,5731.898988,719141.1119,0,0,0,0
1625.495286,143446.9546,4649.601909,270291.9817,0,0,0,0
1657.745004,231962.1903,4741.840596,414280.31,0,0,0,0
1623.456841,145235.7565,4643.759425,282882.5552,0,0,0,0
2334.109129,319324.9824,6676.54105,550486.7634,0,0,0,0
292454.8462,1083018.668,540727.4483,1819964.592,0,0,0,0
1804.199898,279787.3942,5160.773248,493358.2658,0,0,0,0
3531.305015,559784.0193,10101.01151,980844.0628,0,0,0,0
1851.548843,255881.2509,5296.199972,433744.7974,0,0,0,0
2342477.439,8724056.29,4691681.649,15726512.94,0,0,0,0
4435.302801,766051.7342,12686.83624,1319472.704,0,0,0,0
3306.559693,324487.8031,9458.15515,625502.6608,0,0,0,0
2789.970088,264454.9606,7980.491933,522220.8891,0,0,0,0
2826.465074,2477109.284,8084.878526,4068808.977,0,0,0,0
1985.231558,1402501.737,5678.590267,2321161.384,0,0,0,0
1987.284759,1788653.224,5684.471007,2960881.702,0,0,0,0
1562.349602,191811.0231,4468.971062,374911.6511,0,0,0,0
1313.510328,147703.9826,3757.195187,286343.3388,0,0,0,0
1797.397008,212403.1656,5141.304494,415477.1291,0,0,0,0
1702.148754,173855.353,4868.85974,351186.8319,0,0,0,0
2805.672374,393272.6641,8025.403499,690695.1958,0,0,0,0
2496.884142,254983.2094,7142.145488,497676.5128,0,0,0,0
2272.447959,2503403.29,6500.149825,3995686.954,0,0,0,0
4894.578073,538171.2079,14000.55091,1014523.236,0,0,0,0
1599.875734,150038.6569,4576.321894,301068.3419,0,0,0,0
2472.359253,304142.868,7071.985846,563857.9056,0,0,0,0
2056.034231,355610.9773,5881.121078,642821.0503,0,0,0,0
1835.054691,169825.7614,5249.033027,339172.194,0,0,0,0
1674.627251,146166.9139,4790.134007,271867.333,0,0,0,0
1966.328672,169507.4051,5624.514616,344952.489,0,0,0,0
1127.484315,113303.5664,3225.086883,200343.046,0,0,0,0
1176.706784,96320.17317,3365.874446,186052.4662,0,0,0,0
1043.705686,255534.3893,2985.441164,451118.0226,0,0,0,0
823.4937839,204225.669,2355.53951,347918.1929,0,0,0,0
872.0199629,278005.5372,2494.350097,482098.3934,0,0,0,0
1063.757131,87746.03274,3042.800572,175870.0575,0,0,0,0
1029170.025,5322242.011,1897559.576,8701721.491,0,0,0,0
6484.562332,838115.8893,18548.58263,1545295.912,0,0,0,0
1549.436468,3357320.367,4432.043759,5469067.586,0,0,0,0
1754.781555,858157.9873,5019.409009,1458659.64,0,0,0,0
2613.418145,2262967.099,7475.464036,3715958.543,0,0,0,0
4039.455633,635116.7025,11554.54598,1172149.028,0,0,0,0
1064.073932,70831.83883,3043.690651,145735.5941,0,0,0,0
934.9770595,92793.45613,2674.423771,191893.0384,0,0,0,0
1000.829033,103327.7442,2862.786162,201397.0213,0,0,0,0
1144.257165,69178.95041,3273.048917,142200.4326,0,0,0,0
2004.045884,155286.4242,5732.409497,323121.2412,0,0,0,0
554.8778318,44750.84539,1587.189996,91415.385,0,0,0,0
973.5115222,72881.21065,2784.648681,150152.9959,0,0,0,0
600.839105,49571.92213,1718.651204,102860.8208,0,0,0,0
1074.31748,77793.77882,3073.00142,161190.1713,0,0,0,0
1086.249309,93703.48876,3107.12953,191194.959,0,0,0,0
1618.378792,1616633.367,4629.247729,2628966.112,0,0,0,1.13687E-12
1856.404846,249017.6408,5310.102808,437343.0075,0,0,0,0
1949.357663,401225.218,5575.983227,709620.439,0,0,0,0
3796.49921,2366590.776,10859.58136,3860477,0,0,0,0
2493.05158,328194.1906,7131.169053,570290.3935,0,0,0,0
2244.044014,181142.3614,6418.908313,352732.4842,0,0,0,0
3540.705322,297896.1753,10127.89291,593986.281,0,0,0,0
2037.559915,544820.0234,5828.270156,943429.1951,0,0,0,0
1027.233676,84576.87466,2938.319162,174734.0523,0,0,0,0
1715.385852,132094.3449,4906.720235,264359.4267,0,0,0,0
1066.58554,103683.9029,3050.883539,218708.9462,0,0,0,0
1266.529164,1812111.576,3622.80014,2969501.322,0,0,0,0
1022.702288,87084.1788,2925.357006,157184.3771,0,0,0,0
3418.695802,636997.1445,9778.91571,1014510.224,0,0,0,0
3091.606125,389531.5445,8843.293117,622234.9765,0,0,0,0
4446.52679,926625.8707,12718.95999,1168159.883,0,0,0,0
4002.238577,860461.7196,11448.10242,1048766.663,0,0,0,0
3635.742421,700638.3913,10399.76343,973997.2633,0,0,0,0
4036406.348,13024693.02,6820893.803,20391867.53,0,0,0,0
326218.107,1128707.427,698223.6711,2236827.476,0,0,0,0
2078.789996,261727.8129,5946.215457,429635.3681,0,0,0,0
2290.832944,248416.4443,6552.743279,458773.6455,0,0,0,0
1456.611754,559426.9526,4166.509476,958177.467,0,0,0,0
2176.34914,618051.5317,6225.273608,1026037.856,0,0,0,0
4018.454799,687598.6697,11494.49245,992963.6151,0,0,0,0
8581.213231,10266065.38,24545.89237,16003112.44,0,0,0,0
4223.529727,934038.688,12081.10146,1219013.68,0,0,0,0
261.9189798,1444690.957,749.1972016,2342185.023,0,0,0,0
29.80215139,39132.56123,85.28798745,47384.22823,154.1599763,25043.28678,440.9337023,30962.73489
4670735.917,15254855.21,8594731.498,24575581.93,0,0,0,0
3096.908827,301604.8693,8858.457049,530473.6394,0,0,0,0
2654.314156,1280381.694,7592.457871,2097644.734,0,0,0,0
414.647192,421230.6783,1187.423863,703085.0881,2462.472416,340958.0987,7041.810214,537136.8399
1266.276918,2181310.731,3622.057691,3315040.69,0,0,0,0
3303157.648,11693667.27,6076432.947,18862824.96,0,0,0,0
438.1406835,326942.6668,1253.270425,394067.047,0,0,0,0
3467.446788,1521070.29,9918.370767,2416317.121,0,0,0,0
2611.584825,210603.215,7470.252355,338859.3184,0,0,0,0
5120.68499,474377.6211,14647.22194,779190.7784,1779.725167,29831.96524,5090.777443,86802.54598
2679.497546,501537.5628,7664.438196,935604.8268,768.8003763,62500.73866,2199.137006,62653.16396
2566.409284,250343.159,7341.061816,468748.973,70.01012935,10476.08017,200.2040998,17643.81243
2316.591417,279877.4145,6626.416972,503322.244,233.2460421,20737.1236,667.2283517,0
1576.603039,139216.2375,4509.10341,241974.4847,93.68957578,18191.67631,268.6478087,26237.9901
4673949.868,14047114.88,8599473.648,22864224.51,1997051.474,2092977.131,3674311.238,3370359.374
1950.479126,231054.6025,5579.091488,508201.2061,3320.74882,168986.4067,9498.86354,282771.7289
2674.40796,512999.2913,7649.936865,924900.3319,0,0,0,0
5213.589209,1497751.448,14913.04698,2508465.736,84.65003025,0,242.1437014,28160.83661
2108.778054,286984.9101,6032.837454,621029.9054,3515.189428,151542.7946,10054.11779,265914.7928
362290.5149,2656461.947,714495.7979,4617289.843,380263.172,703862.157,749808.5848,1166753.655
2867.487338,396966.4088,8204.151828,717900.5017,2890.984776,116080.6942,8267.598349,203968.1352
2382.333383,438657.0742,6812.32328,776980.2954,3659.671541,237514.7296,10470.96524,374846.7525
1762.95904,357122.0983,5041.508074,598123.0025,1584.26833,93966.37812,4532.826113,157162.9689
674.8920049,289546.3653,1927.83136,469537.5227,1648.967964,221331.6859,4718.439943,417940.0477
1638.705639,318468.3753,4685.733552,709199.6624,2847.000741,231974.2148,8145.141014,299037.4925
2638.628853,238517.5855,7547.714242,506398.2488,1013.032437,68835.27351,2897.711618,81744.06946
84.81277066,14492.5957,242.6599902,16259.86839,348.5778277,239998.862,997.0264565,269266.4167
2469.671789,926000.2392,7066.020511,1218411.202,2279.11457,103394.1681,6517.53421,128150.9618
111.4916239,259008.6304,318.8863258,270705.6442,102.8731884,34003.2664,294.2932718,36992.36043
581045.3975,2149484.387,1073837.449,3505143.865,2962.583323,0,5475.188222,0
11808205.4,38116217.81,21733476.96,61305536.96,3852579.927,138962.2304,7076928.702,557941.5348
1442.30241,187133.1136,4125.623995,354963.7835,408.222567,0,1167.634246,0
3097.102264,1012774.057,8859.00712,1591919.45,510.6127741,0,1460.565175,0
3849806.679,14796244.55,7323270.705,23890613.53,2130685.548,2942993.282,3770870.779,5326176.071
1626.83972,237792.2701,4656.741162,373552.298,857.450549,0,2449.376002,36370.04164
7989605.013,29759916.84,14765174.35,48587314.18,2887022.524,0,5335356.485,0
1117.203735,397940.8061,3199.785739,588761.2277,891.8625506,21911.95131,2547.011799,36114.08309
252.3417848,44976.7587,721.7197031,72172.69842,176.7290788,9092.855774,505.6025264,16258.72117
3265.446043,594258.8183,9340.544729,1064711.87,518.2725489,0,1482.476777,0
3445.220917,253051.6569,9854.586711,518406.8,544.3071713,0,1557.137383,0
3800.749895,482160.1528,10871.57609,869737.1202,391.4792108,0,1119.949542,0
1377.294824,170285.3811,3939.578747,380134.2584,593.5517859,11238.08696,1697.88905,1603.402796
1023.343815,75271.3693,2927.291219,154178.9887,471.4314037,1457.997651,1348.375318,2943.446979
372.4316894,43406.34213,1065.847934,92598.41002,325.5069612,13172.67147,930.5309939,26849.61237
297.8244135,23055.77553,852.1508003,47412.04935,291.77992,14158.03945,834.3438029,29070.33136
364.5987503,175179.9024,1044.400963,210516.5659,527.8956948,122516.9967,1508.499279,144647.0444
2539.364591,342882.8645,7259.947841,589877.2227,1395.480302,49448.26091,3995.336253,90766.97874
4394.303284,537227.7704,12569.53549,992310.741,256.66826,0,734.179077,0
1046.32981,119369.814,2992.942441,202117.636,0,0,0,0
1187.891814,113758.2686,3397.864929,204058.8651,104.4407708,0,298.7440673,0
4727.879422,588899.2488,13523.86411,891432.0065,0,0,0,0
2397.303691,240228.0615,6857.299536,398133.9636,0,0,0,0
1437.818283,112831.2788,4112.773694,182265.6961,9.84548457,0,28.16182926,0
3699.185023,529362.9819,10581.21241,959815.2325,0,0,0,0
1215.658378,206235.3844,3475.333079,364315.2784,1777.341477,64878.02406,5085.478916,115244.1833
843.3149361,85741.36999,2412.911291,158535.8951,780.2368417,19237.50307,2231.192142,42092.10436
1983.826654,199423.6889,5674.564029,332263.666,0,0,0,0
2417.91386,426153.941,6914.580616,604305.72,285.8720703,16602.94691,819.3951938,17688.43096
2031.708329,362878.4622,5811.530864,558659.9587,0,0,0,0
321.070868,56752.03421,918.7829502,102806.5204,954.3479006,58757.18243,2729.201362,97723.58769
1013.486968,173225.3325,2900.180464,372094.8292,1812.694477,155046.3974,5183.842036,207716.4238
2242.775177,247269.7607,6415.279012,454879.266,352.8521505,0,1009.299832,0
2897.51362,432881.1322,8288.106684,642624.8984,0,0,0,0
2151.25479,432507.2374,6153.48768,616938.4026,424.7023042,1991.994179,1214.821304,22875.11777
855.8131099,260020.8213,2447.786383,488155.2852,1291.944266,122775.3175,3695.675987,161664.1608
911.5010931,395885.3002,2606.786615,726656.3214,1313.351106,198356.9133,3757.343116,253446.1128
1823.312101,218880.8193,5214.361934,441416.3098,2347.577728,122098.3013,6716.035647,218679.0164
2575.45184,374637.7089,7366.876995,566459.722,0,0,0,0
1176.989281,1028407.011,3366.691483,1503695.281,1298.449762,81927.18719,3714.096652,143718.4852
183526.3172,633639.4882,391026.8909,1367147.038,132063.5936,233475.5925,281380.1815,433930.6183
4331.616321,285492.9867,12390.19644,608942.1642,111.8568256,6271.658862,320.0007902,13377.13254
2240.988564,208735.3047,6410.262725,442734.4162,1011.533655,10502.51954,2893.392927,21870.12269
5032.300831,483264.2624,14394.50758,960740.5552,495.1436524,0,1416.308832,0
1318.493496,150230.3286,3771.301326,313504.4632,1213.382491,13441.19359,3470.998458,28647.68106
206950.1162,907740.4167,440693.6311,1790182.245,108118.9597,23716.2789,230262.8344,57168.23952
1532.094648,573835.515,4382.701666,802738.8957,744.1535476,107153.1947,2128.296177,150082.1361
540.4865039,137964.0208,1545.974913,240568.8406,456.326674,40165.41644,1305.337972,66180.39509
693.8092382,83176.2833,1984.595504,149347.702,197.9247162,0,566.1364139,0
879.8831535,103856.9084,2516.136826,205094.0466,1095.64502,49035.37602,3134.612348,97840.74455
756.8541828,80095.99525,2164.713696,154366.7857,821.3555091,41718.8027,2349.622775,80486.66884
555.2317131,145582.5424,1586.978911,264446.4819,826.2197173,59965.92071,2364.473285,102361.7136
480.569634,77154.89863,1373.835473,148226.3055,1048.784815,39217.07633,3000.518178,75342.99985
180.5406297,39569.00408,516.5454286,68223.77829,536.2578184,29050.86433,1533.476331,49967.80517
367.094533,56094.93893,1049.428737,100600.8369,542.9663237,25485.60117,1553.624082,45933.93875
524.2881858,75922.61791,1499.38717,144716.4447,844.3881456,36835.1602,2415.56997,70191.95896
478787.6037,2097104.117,881279.4224,3415458.879,540636.7196,443084.9848,995117.1015,721673.8769
5066.801023,567770.6921,14493.16349,993940.0788,71.0461675,7767.301175,203.2225807,13181.50549
695.7472724,130197.6907,1990.141284,185093.2402,27.50047861,0,78.65939194,0
229.0974504,99456.61015,655.318039,118292.1736,0.752133865,0,2.152326003,0
0,0,0,0,0,0,0,0
4443.847665,910916.6899,12713.1942,1333100.656,1918.616732,86692.36045,5486.097989,133581.6624
16969.60666,2520268.853,48540.06212,4803501.042,7326.579858,292845.9841,20957.08567,573938.663
2209.298911,574637.1086,6319.608302,762543.9147,953.8714894,49383.13162,2728.475372,73643.38283
3148.692754,731273.7062,9007.392782,978567.2303,1359.476784,61837.10956,3888.161936,90691.0578
7385.901912,1551121.939,21124.23421,1947578.58,5031.384809,249728.5071,14394.53206,326831.8403
4413.412822,663044.7181,12624.21924,1015473.463,930.2428577,0,2660.876881,0
4062.806122,1894233.912,11621.3556,2972006.719,1754.100593,207831.0082,5017.476996,345266.2198
1839.083847,284054.3953,5261.363729,445452.3599,1345.630859,57396.18028,3848.393546,113088.8325
8970.941751,1860804.511,25660.49735,2434526.241,6112.868835,310675.725,17485.64865,482165.6745
2700.534253,339766.1044,7724.642045,575422.0866,2263.887007,102521.1608,6475.678654,181462.8073
1573.450415,215959.3028,4496.235148,396146.1492,1734.894013,70968.51322,4966.83394,130535.0144
2465.706451,274062.0896,7051.1023,504969.1373,2392.516409,90838.24237,6845.3982,167476.158
3311.523913,478029.9885,9472.774942,881714.1992,3372.246433,111418.5028,9645.658713,216490.7184
476.6794177,135602.4208,1363.336241,306995.6556,965.6568993,134379.6407,2762.31908,198099.3285
2338.784885,645178.0013,6690.839649,1533609.189,8405.28876,566118.5823,24041.7546,849913.8031
1724.67732,495201.4173,4930.319878,649497.6192,6198.587309,885765.5245,17732.80978,1174173.479
617242.2501,2078559.128,623695.3525,2483137.281,2218303.382,3610548.708,2243656.868,4072867.716
542.5544114,116507.1599,1550.379159,190876.0674,1601.788323,216273.6731,4582.98749,330656.3743
768476.0499,3754925.766,778125.6781,5129435.833,659551.4507,887477.0307,667833.3306,1182975.479
5225.54274,954729.4966,14947.55021,1730705.743,1014.172609,186102.5857,2900.654275,333470.1448
4903.980403,1462934.729,14025.22839,3025910.279,13363.48266,479827.6242,38227.07942,997916.94
3914.762813,1245672.445,11197.65281,2188325.925,4877.014483,523601.1761,13950.14377,812720.2859
5875.996702,772633.784,16807.8163,1388540.792,863.9220493,98452.01184,2471.179587,182299.1999
3860.591603,522648.2968,11042.90991,778053.4002,1341.840535,110813.9423,3838.232398,175231.8905
2305.52464,7331619.411,6595.797452,12269770.18,982.9113125,1182546.248,2810.525118,1465246.814
2422.582623,323273.6516,6929.880382,570255.6665,1033.144464,87901.00333,2954.946252,158486.107
3874.34014,1611356.189,11082.07196,2486826.487,1346.621313,395593.174,3851.907545,621029.6983
1590.828674,194373.0345,4550.435584,349359.9017,1426.369359,75115.67277,4080.013298,141381.6246
5801.947931,477487.3359,16595.9907,907733.6454,31.85102529,0,91.11900778,0
7429.046082,1921661.489,21250.33077,3197413.536,2679.481718,376870.621,7664.440752,636954.8065
1291421.856,2482977.083,1304919.151,3121435.981,76043.09959,0,76837.86397,0
1842.328139,442219.1653,5269.85251,713651.1652,108.4822449,0,310.2905148,0
1916.504972,2846757.422,5482.010769,4559446.899,488.6919656,0,1397.862821,0
6794.258023,692765.2932,19428.48023,969280.7175,795.685366,0,2281.724789,0
2798.973176,535547.1732,8006.238998,1011110.674,0,0,0,0
3169.214805,288630.4319,9065.27628,550617.8423,0,0,0,0
2961.776061,267922.3073,8471.929852,498883.1518,0,0,0,0
4844.477075,7404102.714,13857.25829,11953177.59,116.03337,0,331.9046313,0
2172.081532,723545.548,6213.216438,1111505.367,84.82952506,0,242.4977486,0
2374.297786,386054.8775,6791.497759,634476.3292,56.86842339,0,162.6677885,0
1064.317318,123286.3688,3044.477339,206892.9649,24.10443292,0,68.8643932,0
3820.01098,857141.1388,10926.83592,1480686.807,0,0,0,0
2978.232917,273299.6153,8518.989557,500165.1074,0,0,0,0
3765.630797,464229.9681,10771.30589,690993.4969,0,0,0,0
1131.453654,187825.6002,3236.360453,282611.2975,347.6994301,22019.98762,994.6501551,43855.29863
2911.474932,143828.3909,8328.043174,220594.2842,0,0,0,0
5361.34179,587022.1009,15335.6878,1154780.768,0,0,0,0
4068.498993,493031.7303,11637.61212,872589.9152,969.4599523,62443.88715,2773.061738,122051.9819
7002.089531,772523.7724,20028.91732,1421091.343,0,0,0,0
777921.519,1425214.894,782733.9474,1553274.412,227589.9557,91563.90057,227778.8811,98941.09738
1365.081212,416542.4635,3905.548123,603868.7733,2016.782273,132760.0838,5768.103048,194313.8779
2013.682186,1515021.24,5759.99852,1776345.765,1005.546496,223215.1679,2876.286323,265459.8811
2322.119048,369124.0795,6661.812115,616700.2476,1818.588711,78415.5913,5182.378495,132899.238
3163.188176,451293.661,9047.946405,712937.2899,272.3365736,10235.47595,779.0989303,17229.25511
3829.11449,801782.0085,10952.89315,1341191.585,936.2915007,72428.13501,2678.135558,126849.9175
3192.283868,342412.9509,9131.26441,558767.0203,327.6664538,0,937.2628655,0
997.566909,262797.7228,2852.846136,413644.5828,1326.747641,84549.05866,3795.660671,141507.897
668.0112294,106634.862,1911.063328,171332.5252,476.0960044,33336.27332,1361.63708,54084.95483
1507.21071,2756233.141,4312.209606,4372216.154,1165.608321,613721.2814,3333.229391,942134.4374
842.9926704,3247234.949,2411.158025,5204186.093,1121.444359,923162.7577,3207.977913,1470479.489
4213.216133,450354.9092,12051.56532,869921.5038,864.9632703,55808.09501,2474.160252,88671.82768
2888.042529,677150.6813,8261.674411,1314105.708,2259.688646,168045.5395,6463.331082,325411.3771
925.3685067,224629.138,2646.90821,309337.2007,486.5913324,0,1391.888999,0
4859063.674,17651890.04,9022768.288,29185056.13,2555141.322,595491.1193,4744642.728,907419.5084
697.2492946,156222.9156,1994.428127,223956.8095,366.6406076,0,1048.74051,379.6439118
269.3182871,35999.92647,770.1510087,61726.80496,31.14141821,423.6630342,89.28638643,1200.775158
1503.753439,271265.518,4301.36995,386511.4478,790.7568481,0,2261.898564,4153.74995
3257.605827,633388.0007,9317.244352,1131130.496,3747.415785,309273.1149,10720.09412,510020.4299
1453.580449,226694.2731,4158.447569,395517.5018,2091.376272,94626.36452,5981.621483,164281.7612
1566.171097,235706.9328,4479.90979,350882.4554,357.1416436,18056.9135,1021.571174,41866.86983
1908.610024,256869.2339,5459.407529,432710.306,435.2232955,29964.32595,1244.93536,55073.79232
1172577.658,1890408.12,1177972.158,2022838.865,267388.3653,171434.3162,268617.3602,186251.9983
758.2328385,122307.4733,2168.802349,216295.7527,21.94580242,0,62.83320627,0
1757.16948,529261.1491,5026.221036,850192.86,400.6942399,67996.1828,1146.155241,113415.0636
5920.964588,1762797.765,16936.4347,2856252.682,1072.754387,72738.29616,3068.526184,207480.0076
3515.350303,1419204.729,10054.81276,2300597.127,1033.465258,105531.7425,2956.75244,242751.2077
480265.2414,871962.336,483301.2424,913776.8155,235052.4579,246614.0838,236529.7827,260261.4007
2508.785325,552109.3274,7176.196542,732298.7829,2011.014003,121302.6084,5752.361901,172403.859
2679.449067,617030.613,7664.41205,1105678.282,1740.238387,216861.2156,4977.695424,392634.8681
480474.5976,926627.9634,483881.1646,1091465.075,235154.2585,252362.4916,236832.4435,293758.8084
1275.385251,199380.068,3648.102152,304489.8207,692.7955864,24456.19055,1981.734611,43851.41179
775.8125558,106146.5992,2219.140725,184352.9096,46.22318359,0,132.2171811,0
4029.193414,1039692.419,11525.19598,1805677.791,1017.405753,0,2910.199037,0
413117.588,1382700.521,880561.2285,2869688.039,43464.37257,0,93431.30291,0
3824.620923,692011.9402,10952.12331,1287673.46,3425.660152,160616.6828,9786.770842,253869.3886
1027.206464,249732.5587,2938.400659,368601.8308,879.2644166,51862.96354,2514.906821,87804.05346
4754.672338,502577.6731,13600.36501,892307.8015,283.2850419,0,810.314507,0
1684.09897,476578.1974,4817.205596,855393.2399,41.59579471,0,119.0208927,0
2873.368543,1223075.165,8219.048739,1936173.251,0.410426604,0,1.173699035,0
4702.946245,408314.9159,13452.39615,762887.6555,8.743946972,0,25.00868924,0
3479.57144,361479.3086,9950.925354,682680.3062,481.1965955,0,1378.463005,0
2393.012809,404746.5403,6845.0276,705959.3504,16.84837163,0,48.18025424,0
4350.383236,415822.1835,12444.00795,763909.9217,633.8631599,0,1813.112763,0
4360.159933,3030450.014,12471.97376,4922395.279,54.84543463,0,156.7629766,0
2400197.088,3798272.631,2405489.337,4221748.879,208000.1593,0,219793.2248,0
155.3644514,68128.03533,444.4155713,120822.2464,232.574472,12577.98179,665.2729797,22301.0184
736.0806654,80190.26038,2105.61889,148869.1877,67.25706226,0,192.2727136,0
406444.9587,1568495.516,867727.23,3280944.765,50526.5464,0,107870.1045,0
3673.784181,283293.487,10508.59047,559837.0346,19.9236177,0,56.96959451,0
2944.14207,342202.8214,8417.847531,595013.5888,851.5781622,49257.21567,2439.5043,89687.89465
2211.351004,657036.1818,6325.438592,926385.2981,1718.399535,68626.50549,4915.304229,112564.2936
1296.792139,431034.5319,3710.08634,543937.8531,1369.477098,115680.4981,3916.582485,155515.5926
1761.641748,580413.989,5039.03347,756235.0498,1886.041666,142105.009,5394.881183,201821.8878
1288102.005,3581367.454,1294451.616,3979021.076,1267791.295,976074.8691,1274278.737,1083073.574
4338.08232,1176275.956,12408.79659,1464442.769,4580.695573,253167.22,13102.66313,326410.0285
1488.162115,617658.9131,4256.662494,985087.1988,614.5103107,0,1757.89777,0
1892.056155,663196.7272,5403.691098,1071810.311,1695.713606,77422.36879,4858.812255,185542.6521
2996.708389,455177.1148,8569.710875,686271.1682,2446.620842,128199.1583,7000.331114,228894.8038
4107.848985,496634.7086,11748.8961,834084.5672,2906.859259,70648.36581,8315.985721,170341.194
2268.332659,333007.4512,6490.774402,544382.5386,1873.556979,50236.65075,5356.878775,94273.86286
4180.282982,627405.7115,11957.39093,909601.4901,1459.334772,0,4174.314568,0
1418395.151,3247869.259,1424023.157,4085182.438,33952.8281,0,34040.51029,0
3255.457867,421784.6641,9312.003011,614592.1583,651.9223806,0,1864.757471,0
2402.798882,414590.5488,6873.029028,611251.1596,0,0,0,0
2344.929604,421294.6044,6707.486108,714366.33,89.08228825,0,254.8128566,0
3111.6167,303227.2399,8900.537927,521356.9234,0,0,0,0
2973.556199,274058.0654,8505.621083,481384.5696,0,0,0,0
616265.3186,2239901.181,1309101.356,4590279.519,118002.3464,0,250666.4369,0
3343.652737,1445902.644,9564.251451,2372953.625,0,0,0,0
341.300444,662843.2463,976.2675084,1117502.498,264.667725,81626.82492,757.0487976,62339.60071
1902.411651,275932.4581,5441.688509,443010.9585,794.9802336,0,2273.990597,0
2005.174947,349491.9608,5735.671318,608263.465,1848.901609,89577.01475,5288.63858,155690.9955
1413.974686,196668.2439,4045.550859,377462.4115,1413.589908,30243.06245,4042.461096,60761.22648
3254.109689,402378.2957,9308.26543,679041.2903,2923.844697,88259.70121,8363.517402,192363.3491
1217.046318,146732.6347,3481.869737,234855.6269,912.428272,53665.01969,2609.291525,94618.4669
949.2298358,197104.6783,2715.142924,270755.1563,680.8118101,21625.18945,1947.473236,30780.86551
667.6264208,115755.4818,1909.694652,154712.1688,341.4594952,5484.114482,976.7156109,10909.73146
1483.225038,2137076.415,4243.417224,3453981.88,809.6569848,0,2315.197985,0
1076.91842,442325.7797,3083.219757,795302.775,772.3722532,57154.86225,2206.537445,46692.56994
1969.342307,201407.3161,5633.160771,316949.2378,0,0,0,0
804.3853019,1938492.867,2300.877161,3140265.44,0,0,0,0
1828.328672,125743.745,5229.780336,231081.027,0,0,0,0
1822.294366,165221.0462,5212.525236,301367.1568,0,0,0,0
2038.082377,173330.1115,5829.773289,316992.0646,0,0,0,0
2778.999101,457342.2687,7949.112747,663096.0998,494.1360748,0,1413.438158,0
1348.018653,133948.0885,3855.905972,213587.4193,0,0,0,0
2405.942825,377691.0016,6882.021948,580434.0378,0,0,0,0
1093.988568,313580.2926,3129.263695,516388.7215,0,0,0,0
1734.729262,174869.6462,4962.051466,301785.5797,0,0,0,0
1068.702423,86296.04351,3056.945182,152201.6434,0,0,0,0
715.7503509,108284.8833,2047.344111,147845.9231,0,0,0,0
1213.870147,104091.5799,3472.176823,173545.3868,0,0,0,0
1844.165264,370655.0381,5274.097089,559258.899,1365.439994,0,3906.644139,0
1794.159736,254789.0083,5130.288341,460622.3059,1357.470577,98285.34593,3884.553735,204156.9491
1705.434011,192226.238,4883.814948,335515.0261,1712.120875,58053.98234,4891.951343,109134.7677
807.7665994,115520.846,2308.535727,200713.0769,704.8724592,9231.577726,2018.078663,21545.06102
2099.035825,239701.3904,6004.699877,454050.6595,1860.529261,47804.4759,5321.349004,83240.70437
1668.470648,407356.2019,4772.329156,670581.9277,1111.471734,0,3179.515874,0
1051.451562,151803.8716,3007.521101,278389.5338,765.9407225,0,2190.974302,0
1074.262753,133170.8206,3069.241652,239058.8419,1079.357119,40951.42689,3090.868036,76310.60367
1382.897286,261340.79,3956.930902,415503.522,890.8755983,0,2547.027162,0
1366.980212,233233.4274,3910.107105,391153.2459,1214.311162,0,3473.415496,0
3108.576011,327852.7481,8891.790443,492103.2568,49.79005944,0,142.4682338,0
858.7676226,611654.4092,2456.451377,655099.2226,12.46023161,0,35.63714061,0
2755.256169,348955.2424,7880.954363,543114.4857,316.0564935,0,904.2988482,0
1361.785584,221450.547,3895.289631,310141.2547,0,0,0,0
1473.078795,168536.0824,4213.626654,279508.0775,0,0,0,0
1312.568686,135012.2947,3754.496521,218624.3788,0,0,0,0
1842.928412,304854.5898,5271.553943,513834.2612,0,0,0,0
1492.628602,134750.1689,4269.492632,236161.8681,103.3523993,5174.628065,295.6873777,8083.70119
3144.674726,1047144.349,8989.650446,1525154.958,2433.671988,115870.6602,6966.955445,131621.1182
4002.264931,1123653.424,11452.7528,1419404.674,3106.069447,189887.1845,8880.500989,240182.0711
3459995.349,8472471.308,3473868.915,8797560.569,2519798.963,314325.7783,2530059.058,326421.0848
337.9069564,174375.3711,966.8040213,205723.871,289.7896403,18218.31328,828.6438756,34939.98424
1564.538105,452692.4944,4475.42903,564951.2382,1059.906687,67376.16612,3031.700489,84583.35168
3657.854806,1076292.724,10462.52055,1467277.846,2760.542688,196028.0903,7896.761223,268775.4935
1942.893755,444311.2483,5557.533589,648419.7725,1359.443321,73703.73801,3888.538451,108082.7455
2425.460062,1512402.091,6937.844886,2376125.109,653.3725389,0,1868.922684,0
1879.207181,428911.6589,5375.190076,625086.4495,1614.638822,82013.74509,4618.650539,145895.1797
916.5655416,180353.1802,2621.764184,259748.2453,527.0191088,24601.28093,1507.49734,48020.95227
716.9188953,121793.6709,2050.692742,180709.4365,17.68580016,0,50.58890519,0
1701.764188,682677.2424,4869.275758,1122341.906,647.1622279,13388.91269,1849.655609,0
1707.803378,403396.217,4885.036933,639724.5122,749.2920859,0,2143.290855,0
1172.584631,148853.7924,3354.088859,230407.8653,0,0,0,0
927.9721536,118639.6267,2654.395806,172754.8147,0,0,0,0
1025.725557,149184.9322,2934.009989,228583.5074,0,0,0,0
2146.279692,292216.4691,6139.145836,473947.1707,388.0569519,11837.11445,1110.113653,25230.94854
3496.061075,481449.5047,10000.15478,814617.82,525.9538962,0,1504.503274,0
888.9822504,157955.5561,2542.615839,231605.2194,515.2451101,0,1474.090781,0
1767.071614,262198.6238,5054.563533,381248.1033,760.052196,0,2174.0823,0
1469.374297,271138.1084,4210.555955,415322.6083,731.4237369,0,2084.82557,0
236.6888723,158345.2461,677.0319828,251080.3161,137.506178,0,393.3355017,15088.1215
918.1047563,1011421.722,2626.297589,1614055.338,604.9433536,0,1730.274163,4537.544005
213.8407788,37399.53154,611.6613584,59737.78344,97.1888428,0,278.0065492,0
623.8348666,77118.27711,1784.405074,129506.2892,326.3088377,0,933.4110482,0
1427.389411,234184.4686,4082.933384,403510.9626,840.2531862,0,2403.477045,0
1443.34454,180053.8179,4128.574358,306416.5864,329.3380709,0,942.0458369,0
854.7528708,155942.3713,2446.125508,265713.2797,542.3179166,0,1550.075949,0
1040.602014,152853.4672,2976.849997,267070.6703,381.3092604,0,1090.446314,0
253095.1245,949406.752,539620.251,1954863.451,65301.09641,0,139227.6911,0
1109.260741,137080.6743,3172.950399,234482.0759,309.2308772,233.4600222,884.5309433,0
645.0310335,97836.84345,1845.036647,169314.2858,189.9275408,0,543.296072,0
1182.998009,184760.7401,3383.943964,310895.6161,630.356361,16234.95016,1803.096701,26054.73562
1953.710778,239032.5249,5588.455019,407937.9811,421.5429879,3368.953812,1205.791735,2953.254516
1633.331847,195883.889,4671.838991,278595.9662,328.0563015,12328.20734,938.5665047,20241.08747
706.4081832,108952.6819,2020.724826,180374.9771,141.9267473,8166.251846,405.8798149,14717.94297
415.654625,52095.85632,1188.997863,69502.82681,98.25712296,4176.929126,281.0046032,5970.670639
182.3638916,28991.51684,521.6260703,46397.85151,61.69504554,3351.279155,176.4832092,5715.184581
765.5959519,184214.0206,2189.927997,284538.3166,153.8209025,14265.85091,439.9927926,23428.9927
139.6430114,19284.15284,399.444187,31805.48146,28.68122359,1318.419664,82.04168563,2490.839145
843.0395437,117581.7543,2411.763054,199403.7758,205.128597,9330.070947,586.4386745,16298.63985
698.7481241,125594.9598,1998.792863,193057.9571,513.192281,33069.70282,1467.850351,49329.06779
1090.106055,191694.9359,3118.282185,311379.875,780.3627999,30554.99363,2232.04931,49938.50236
341.6677848,68598.04029,977.323946,110280.5089,14.51175209,0,41.50730093,0
585.4773436,95303.50002,1674.703392,137413.3078,24.86283782,0,71.12877306,0
3105.785413,470570.476,8883.90416,823699.2151,131.9113897,0,377.2612241,0
398.9716877,83900.44537,1141.242461,125117.6667,16.9456369,0,48.46296925,0
1652.706838,339539.778,4727.398593,497521.8336,48.20720456,0,137.9309477,0
311342.4484,807785.6168,662918.2859,1711267.763,9589.269008,0,20417.71627,0
267023.3417,930022.1374,569094.0234,1834178.629,52155.04254,0,111155.4958,65928.5733
416.2098615,62809.17659,1190.527298,101737.1902,301.1256144,9896.648212,861.360719,16181.41676
363.7049385,108610.3133,1040.353158,138427.4719,397.6570228,31251.17478,1137.467439,40596.43469
569.7812033,1430516.513,1628.08446,2406547.297,403.986811,197186.6473,1157.284149,221969.575
69.56145931,12755.17084,198.9648502,19532.72527,76.04893137,3619.203914,217.5403467,5716.504769
365.3809385,64328.35338,1045.057644,91938.03308,231.6431782,7133.294524,662.6862773,11846.42228
541.917349,97362.60905,1550.126471,156944.9913,592.5111287,27962.6589,1694.831851,44587.81954
240.3022425,41736.83658,687.7417718,67600.65554,190.3869212,6682.381059,544.216988,11280.34399
780.9199158,170716.8816,2233.803249,269784.9231,802.0501043,36079.09298,2294.155297,70844.28795
423.3398254,66873.64519,1210.901564,106214.4539,138.8361351,600.9801165,397.1531258,2943.831786
720.8202457,351765.3596,2061.42443,432099.4692,528.195395,982.750995,1511.235358,9532.562309
920700.5329,2120675.038,924232.59,2197280.14,780067.1319,496128.8623,783036.367,516527.8099
1503.826887,611826.0495,4301.900205,736664.117,1114.286897,44903.52366,3187.061391,58594.28304
395.6486515,173235.2605,1131.09492,228811.0884,361.9993442,26706.64805,1036.077406,42527.51695
617.8687523,166172.8033,1767.261756,229471.546,534.9304465,12921.72682,1530.246497,24514.94249
917.7980644,244362.4876,2625.860763,332813.8158,782.1572406,11744.18491,2236.765293,33908.084
874.4246674,223646.8738,2501.517786,332399.4567,631.0982206,0,1804.936865,10161.45816
862.7092247,166552.5203,2467.70826,258093.47,249.7392704,0,714.3546147,0
647.5820253,172147.465,1853.036578,255297.4772,548.2926185,7106.167345,1567.717584,23354.47685
1245.191634,164208.1946,3561.782323,250367.319,0,0,0,0
121.1459403,11772.31709,346.533469,19267.36549,2.435023632,0,6.965294786,0
383.0656912,41930.58884,1095.727072,66952.13656,0,0,0,0
284.2432374,46907.23297,812.9557848,76911.33323,66.34762608,0,189.8785214,0
180.6592159,26673.4125,516.7365115,42219.80749,84.89182628,1778.237134,242.8449662,2377.465317
472.972876,68639.47334,1352.853122,108139.7289,41.94243677,0,120.0179553,0
454.3454792,51804.65809,1299.616477,83053.17651,0,0,0,0
664.7696898,221355.7041,1901.525816,353117.2337,0,0,0,0
352.6028899,1576248.362,1008.585473,2552038.481,0,0,0,0
1081.07032,192175.5698,3092.312098,269682.3979,0,0,0,0
1066.559646,141863.7588,3050.320703,207640.6494,190.3597027,0,545.0052167,0
4188.195727,804854.3516,11980.081,1537044.975,2196.31786,53999.48883,6282.387449,103378.5781
713.927103,122137.3628,2042.140863,186284.0132,374.3853377,8041.253714,1070.905874,12385.08724
1331.448694,164980.3816,3808.874669,274705.3021,237.8834283,0,680.1010358,1404.084831
1154.148202,330191.5634,3301.18389,545540.6447,675.2987965,51943.53016,1931.774609,92568.72163
467.6296887,88187.64532,1337.379327,156273.1277,339.1082024,6770.346394,970.1829545,12040.65508
1155.962365,105756.3322,3306.533807,180474.9677,0,0,0,0
388.5450691,85658.57646,1108.334132,120464.5004,278.6712509,15991.54559,800.1566768,24836.40138
795.9570856,209497.068,2276.276261,330834.8433,972.5698967,52370.56081,2782.38712,83375.59794
386.2320443,76759.06774,1104.898204,121732.4744,154.2012508,0,440.9174017,0
2050.913808,296353.5786,5866.257742,421134.8693,754.4062416,24985.9366,2158.158302,35011.32573
116.926743,50953.17068,334.4640182,64929.6117,31.17192958,4893.353885,89.16599024,6337.378964
503.4649413,71294.26053,1441.960079,121386.0503,130.435239,5503.306949,371.2744283,9672.019086
811.3717413,128867.6449,2321.824734,220150.0222,263.4965391,11248.61111,752.7470728,20147.34589
739.9273115,140527.4794,2116.510368,216199.7506,148.7362884,2163.823279,425.4497593,3334.408583
616.666807,94832.44131,1763.920661,152175.4584,44.23307777,229.1739681,126.5247925,0
1952.649629,219748.4023,5585.405946,312026.9548,98.24879161,6324.384445,281.0332058,9324.362322
2093.696003,313975.2312,5988.855121,479704.3085,0,0,0,0
1585.145236,169977.5847,4534.192602,282604.5703,0,0,0,0
514.0379241,74653.85421,1470.282281,106566.7261,92.72893355,4077.526756,265.3232421,7244.173448
1587.964893,169210.3406,4542.71089,260702.6623,137.8371761,6187.368842,393.8015283,9584.207244
1838.881257,253357.3211,5259.949565,431400.7741,77.41805087,0,221.4807075,0
1056.948131,138615.7264,3023.25484,229037.5777,299.1242945,16059.61485,855.6810375,27336.61133
913.8576637,142673.7657,2614.014519,214163.6498,24.4734562,2826.526762,70.00435845,4955.703358
947.0257896,149550.0869,2708.932517,244688.6194,338.6109545,0,968.4826584,0
328.5303797,57222.06347,939.7274723,101685.8652,199.5805852,0,570.8859185,1880.887988
372573.2516,1655267.835,685947.2539,2684004.994,105320.5636,0,193531.4996,0
1693.36822,218783.5283,4843.774416,331914.7451,115.509729,0,330.3748416,0
1121.731488,145234.3297,3208.835938,236198.6114,95.88665819,0,274.0608637,0
1776.47504,342638.6119,5081.47352,536395.2168,160.5763209,0,459.3123338,0
2745.839016,311931.7182,7854.361968,547923.0624,1002.703419,300.2517404,2868.060376,2302.189532
1363.768124,150358.5132,3900.956429,277414.8778,533.6928332,14900.78989,1526.588529,24789.61434
1083.742362,130880.4345,3100.395415,242740.6297,802.2307211,25238.18259,2294.283032,51936.03402
937.1004555,129540.2186,2679.656208,235986.1805,803.6621294,25192.78492,2299.560625,48453.60811
1618.10405,155683.625,4628.611803,286792.2952,67.73486992,0,193.5991059,0
379629.9419,1652889.444,699261.1125,2695911.813,99010.73218,53467.0659,182373.3723,89847.7031
1514.628815,127730.4805,4332.475618,236172.0437,0,0,0,0
1359.886851,254121.62,3892.545315,383596.5601,1338.254902,54542.42839,3825.264174,98199.00926
2391.278185,386373.0862,6836.671141,634174.8531,1993.47215,107162.4953,5705.360365,177451.1113
2616.22328,317904.9811,7483.497087,504331.1118,259.2735209,0,741.6311341,0
248.723667,45288.07767,711.4515368,64248.11563,2.609710703,0,7.464211443,0
387.684948,35328.16876,1108.96294,69243.41136,115.2626177,4605.59252,329.6856887,9026.987488
217.3277451,19027.6045,621.5203117,35690.51547,77.65420085,875.1042834,222.253155,1641.979574
3145.006691,403527.5811,8993.285102,802490.3786,4108.894844,223378.9685,11755.52485,444209.3196
4422.115376,425004.8834,12649.40365,841170.8994,5781.523528,235187.0565,16537.17001,465643.234
3446.411896,566057.2243,9857.699285,1187207.641,4505.549335,313349.7795,12888.04581,656743.4345
18416.04201,3938825.566,52677.21554,7639641.844,24077.27807,2178995.626,68871.75754,4225604.212
5367.639554,448282.1289,15352.91905,902700.0604,7016.536609,248017.7878,20070.79425,499121.2261
3805.535037,381263.447,10884.03607,769902.0144,4971.988067,210947.9504,14222.89158,425896.933
5373.053896,419810.8702,15370.75272,865314.6476,7023.158184,232232.3603,20087.94272,477879.0907
5824.754877,847808.0175,16660.874,1533567.629,7789.436515,469480.3042,22281.39759,846921.337
5546.109462,5326063.733,15862.38509,8701278.199,6662.576362,2332201.386,19059.22463,3810401.203
1178207.568,7420287.786,2170389.464,11997560.79,966710.5601,837485.2815,1781300.203,1354095.806
7022.30108,1650281.26,20085.26767,3152952.643,31123.92519,2434093.451,89028.78202,4647522.886
1829244.849,3223166.044,1835266.436,3417907.243,1925347.871,1978540.174,1932993.759,2098082.041
4760.724416,870792.8882,13616.38891,1477596.275,3644.271224,148522.066,10425.20547,252018.1945
2712.520056,685248.2118,7747.953403,1139617.116,1686.247932,68374.53105,4834.25441,113711.7683
2768.707298,536765.9336,7921.282024,968000.7251,3704.21782,297333.9079,10594.14812,536037.9538
2617.05589,506052.0473,7486.244143,938415.0499,3143.752432,221592.4077,8991.628949,410943.9733
6601.222414,422449.3763,18881.06072,872216.6637,318.1182369,0,911.1971387,0
9954.615226,471977.7378,28473.2224,1053588.561,479.9480511,0,1374.050863,0
5828.065256,392577.7114,16670.98204,796051.841,281.2615491,0,804.2849655,0
8326.782953,449946.2657,23818.21157,950947.6755,401.8492877,0,1149.387471,0
5936.672074,786655.4828,16981.37836,1388749.348,41.98434633,0,120.092884,0
1716045.107,3029216.268,1730445.387,3463271.909,169578.7237,0,171001.7521,0
2456.736251,3227875.576,7026.948508,5278697.107,118.4158143,0,339.0786273,0
8916.041356,1929373.925,25503.58189,3506288.138,458.9571435,0,1312.847762,0
1224849.834,6152109.377,1240183.989,9189679.284,85682.86932,14160.2465,86755.55136,21151.78972
2769.506614,589669.2575,7922.47068,1132907.591,251.947394,0,720.1481731,0
2385.958819,277839.5601,6825.412225,562447.3814,178.1423416,0,509.0000792,0
4652.034483,386763.8852,13306.68493,678866.4392,2507.730146,0,7173.230632,0
3549.621528,1169629.592,10153.44607,1990121.195,1638.892318,0,4687.90182,0
3562.095964,736609.0142,10193.68585,1414174.889,2615.125653,57162.59614,7475.919972,109743.3054
4838.436906,557922.4687,13839.97278,1003204.03,3547.384163,43296.09894,10146.40012,77850.99792
3257.04481,554383.4114,9316.61471,985132.3948,1901.864801,16965.6813,5440.044477,30152.27488
8619.530098,5366001.437,24647.46959,9037727.76,3975.48077,0,11379.56206,0
9932.101944,1868905.417,28409.98905,3262280.031,368.8556306,0,1055.082246,0
5207.417219,291433.3695,14895.40965,515338.9033,0,0,0,0
2302.802182,362268.5177,6586.981838,682772.1677,0,0,0,0
2962.302931,1398320.318,8473.433284,2309544.787,0,0,0,0
7217.181593,541630.1407,20644.22071,1014124.333,0,0,0,0
8550.244759,2389033.33,24457.287,4066584.287,0,0,0,0
6201.135853,573711.4773,17737.8522,1094386.691,0,0,0,0
7174.626137,1043616.848,20522.46388,1871044.797,0,0,0,0
7442.489637,693768.6272,21288.65417,1292715.682,0,0,0,0
5153.779513,2762000.329,14741.96857,4605404.331,0,0,0,0
9877.56909,871163.4115,28254.00701,1677835.496,0,0,0,0
4309.851825,507034.1949,12326.04697,992675.0637,1415.320507,0,4050.367123,0
4526.980085,283933.4153,12947.5905,545777.2079,831.9637976,0,2381.210809,0
4476.121197,1003043.067,12802.96455,1524467.785,1097.080648,0,3138.745678,0
7296.101759,5260142.118,20869.92197,8781154.819,2397.515665,0,6857.90392,0
3847.380674,616376.5998,11004.96013,1105325.528,348.718234,0,997.6528902,0
5052.988423,2983756.116,14453.67384,4963596.611,216.8218824,0,620.2018504,0
2290.094146,335360.9166,6550.534273,613167.0371,1586.02007,61112.0171,4536.714035,111735.9615
5634.846848,813657.4177,16114.07498,1513592.761,4761.864831,345109.6969,13625.32913,641982.7154
3751.832887,519334.6711,10731.81142,912985.709,2247.800816,12458.69071,6429.668513,21902.26689
3681.68543,528573.5568,10530.93673,878023.5963,2228.193955,30795.18581,6373.677609,51154.46932
7236.563373,1532848.267,20686.89975,2340544.008,3749.352685,43974.82543,10737.32106,67146.25081
9958.609874,2574979.294,28485.81496,4950050.787,6104.782786,0,17462.24774,0
7441.087054,16790178.13,21284.65088,27695235.3,2999.916117,0,8581.024259,0
8987.223885,1388437.394,25706.64589,2478992.769,5603.318654,138539.2243,16028.29422,247355.5788
3961.024066,994246.4462,11330.11282,1583526.249,3367.222417,141959.5904,9631.827308,226096.9178
5553.392312,800655.0168,15885.15643,1624344.243,3338.089769,65670.74033,9548.351761,129325.6064
1664.182195,323830.3173,4760.263572,458178.3554,849.0477136,0,2428.634866,0
6239.49905,1135333.864,17858.01507,2131773.069,3753.567273,93121.52399,10727.45363,174850.7319
3637.489049,421515.1436,10403.57406,865035.5482,5076.124847,217133.9391,14520.8028,445603.388
2167.039532,309619.9737,6198.885878,630429.3693,7903.825208,431400.5279,22607.93938,878490.5383
7635.770343,929892.2952,21841.24552,1891887.347,1660.993839,0,4751.408165,0
4796.344518,2516087.228,13719.35796,4302649.326,3814.897762,572063.3045,10912.43942,978260.1192
5152.362764,506680.769,14737.91742,1000622.794,942.7331284,0,2696.611949,0
1619.95985,482919.7935,4632.943276,811027.8299,167.4118864,5437.722284,479.6922399,9132.418068
6133.960357,466616.3136,17545.69647,935450.3012,38.51160024,2351.448875,110.1960716,4714.073413
1749387.312,3981545.078,1764257.618,5434096.956,0,0,0,0
6093.173335,504337.665,17429.03504,989704.2768,0,0,0,0
4261.118378,492667.222,12188.89737,1056208.825,365.8128083,0,1046.07646,0
2936.227386,2673548.643,8398.834457,4396112.635,252.0690637,0,721.0302737,0
6268.038426,513411.7192,17929.23814,1042168.836,0,0,0,0
6516.705106,510500.0203,18640.52067,936228.686,13.69556096,0,39.17500925,0
6774.014399,2739929.191,19376.42902,4660487.387,38.20873133,0,109.4304838,0
1431.137053,174043.6486,4093.654094,331331.3854,367.507484,540.3038402,1051.226026,1028.590364
5132.274046,543600.5895,14680.46194,1099829.966,0,0,0,0
3704.112399,379746.3367,10595.3189,770326.9815,456.9201156,1511.969675,1306.983042,3067.076423
2689.150239,258747.8035,7692.095722,519396.5392,148.0978336,0,423.6218176,0
5109.550673,463361.242,14615.46436,884043.5078,1330.660468,0,3806.255108,0
4421.513654,486564.0139,12647.39739,934675.1866,155.5927103,0,445.0502238,0
3472.460486,1907921.591,9932.706987,3278507.976,2046.653215,74438.34374,5854.291216,127912.3339
2772.219639,706884.2657,7929.436284,1201676.103,737.4559619,0,2109.691322,0
5340.513811,525655.0233,15276.14765,1054398.781,576.534532,0,1649.105439,0
4685.498432,460857.9715,13400.97024,855949.2089,311.7378723,0,893.1983013,0
4558.430445,534250.219,13039.02161,1078731.929,1391.815911,0,3981.176846,0
4348.512232,351397.016,12436.31755,697199.8099,220.6685505,0,633.4726856,0
6241.094965,742507.5234,17840.65195,1433273.978,1800.031294,0,5160.328621,0
4627.657968,1704324.239,13237.04287,2893484.893,296.2968889,0,847.5407804,0
6069.833914,677787.3663,17362.36531,1073259.215,424.7296798,0,1214.83901,0
7635.517633,749983.2507,21840.7984,1585324.086,404.2562495,0,1156.343247,0
4996.957572,361777.2664,14293.40819,744425.9825,252.232186,0,721.4905353,0
4345.082862,411878.5163,12428.77436,831473.9232,380.3914168,0,1088.080984,0
4504.743423,1499098.834,12884.5952,2659079.627,490.2880618,0,1403.28971,0
4537.185341,623163.9585,12978.17059,1277911.841,614.1179957,0,1756.729424,0
2477.665107,232977.6429,7087.173321,471484.1772,158.6398291,0,453.7772119,0
2344.280969,974606.0516,6705.620765,1642189.409,159.8229391,0,457.1602266,0
4317363.96,14417297.67,9196675.377,30038520.63,790827.9795,0,1684590.012,0
2718.039006,387224.8555,7774.729064,713614.6078,367.9146506,0,1052.389874,0
5451.937417,909904.6399,15594.89325,1614718.729,487.6416733,0,1394.801005,0
4159.776186,374037.7789,11898.48053,692320.9199,682.2262227,0,1951.694959,0
592993.1288,1374599.069,598193.5059,1772968.821,127624.0409,0,128569.2932,0
4598.236046,411790.0707,13152.89096,807034.914,754.2437109,0,2157.454552,0
8042.157228,689845.0607,23003.97691,1355052.91,964.6682805,0,2759.330404,0
4988.538703,1340255.77,14269.31627,2441184.553,1290.341458,0,3690.923751,0
6878.88203,1049442.29,19676.49344,2071066.429,1488.673563,0,4258.232,0
1871863.631,6621013.877,3448056.673,10815009.65,0,0,0,0
4848.604724,402496.9906,13869.04966,774894.3275,0,0,0,0
9509.599216,882515.8624,27201.46186,1684466.378,0,0,0,0
4621.962131,428285.7126,13220.72108,804538.3152,45.66792387,0,130.6662891,0
5887.669005,464312.1092,16841.2373,965355.0035,438.5610707,0,1254.435608,0
5087.935107,417106.235,13503.04988,869602.176,0,0,0,0
10889.35881,541672.0953,27963.2834,1124970.529,0,0,0,0
15083.49098,661552.9259,38120.78788,1106549.59,0,0,0,0
6393.239317,387872.8562,17199.14173,718782.5969,0,0,0,0
9703.563653,444763.1029,25119.58304,881852.0027,0,0,0,0
3071.935031,236218.0585,7899.625814,399763.1026,0,0,0,0
25417.62631,2126472.16,62373.68145,4229327.33,746.9237587,0,1832.916419,0
17952.31533,910413.9016,44620.38897,1645087.893,0,0,0,0
15097.06009,907545.573,36688.33326,1696435.408,0,0,0,0
11641.10793,641892.6806,28018.91398,1243225.47,0,0,0,0
7869.39571,780563.982,18893.42407,1418306.811,0,0,0,0
7723.465563,295683.5639,18508.73892,605144.8434,0,0,0,0
8383.604341,935329.4194,20192.35979,1650557.572,0,0,0,0
9930.569158,780313.0437,26026.62408,1515059.392,0,0,0,0
3192.214798,206782.1728,8100.12633,345731.5409,2142.570486,55590.88086,5424.604449,92978.30774
830.1579093,1032143.038,2052.303238,1939705.317,8515.480858,2784431.853,21052.34589,5230620.717
2480997.817,4332281.825,2491233.289,4386128.407,1664640.561,1124486.203,1669214.618,1179807.694
8764.263214,687034.8159,21887.71391,1286304.886,10185.10312,318710.5891,25446.10119,596968.8044
9269.440055,433150.5198,22681.14628,808365.0573,0,0,0,0
3282.736027,289082.7596,7898.445611,526244.4948,4186.965453,118919.3216,10084.80016,216516.7933
10291.45901,456546.6496,24762.1723,864869.8415,323.2324308,0,777.7261843,0
15920.30164,997460.1018,39137.67768,1767318.835,0,0,0,0
11170.02095,740108.7814,28042.99819,1384432.36,10342.34948,305095.6943,25969.86968,570719.2213
11843.76889,955779.2365,32805.04245,1947067.306,0,0,0,0
10833.04464,631907.5242,27063.35377,1279129.476,0,0,0,0
11277.8813,522672.2259,28995.32071,1056301.563,0,0,0,0
497.29516,40726.34455,1202.283151,82187.85211,726.9421096,29621.81519,1759.277207,59788.40782
20777.28164,445813.792,50725.00375,920375.1233,0,0,0,0
11011.44871,568214.3988,27344.07334,1143976.043,0,0,0,0
10883.55327,552819.5821,27246.36066,1116064.2,690.4442436,0,1684.103564,0
5099.558938,187182.902,12323.66316,385211.5512,0,0,0,0
5329.651473,199957.8297,12770.52119,407367.3941,0,0,0,0
20231.87957,988470.7407,51267.02808,2005394.275,0,0,0,0
20046.78181,956640.8146,50405.51039,1943938.47,0,0,0,0
5327.530307,208091.3176,13843.30255,416354.717,337.961272,0,855.6575854,0
8088.766839,861897.2529,20197.34234,1558291.753,3377.209759,0,8432.763967,0
8606.468481,588715.5003,20793.83666,1094190.788,3593.359769,0,8686.305668,0
9271.738061,737556.1819,22445.8461,1335548.617,5736.646296,97630.2254,13889.09904,176786.4141
5258.929875,476925.4955,12750.57075,1006576.764,5548.220105,230313.8861,13465.61144,486824.1806
10015.5149,786266.8046,24572.85063,1471047.501,3363.531613,0,8249.839301,0
7742.963017,845125.4141,18602.76008,1736117.958,5251.972056,207145.0602,12605.84513,427869.7126
9465.704823,899949.1503,23371.46313,1579108.015,3177.999333,0,7848.888039,0
15828.09069,946343.0679,39014.32671,1822909.711,0,0,0,0
8482.897851,509823.3002,20768.33783,975081.3064,328.0725826,0,803.2069167,0
9168.295292,553789.7228,22226.43409,961039.5909,0,0,0,0
26259.31059,2163977.841,63051.30027,3949969.831,0,0,0,0
9416.351246,710777.2507,22688.676,1333233.33,0,0,0,0
14315.36755,976750.0751,36558.26141,1835640.423,0,0,0,0
18521.80509,744610.5267,45448.29489,1447225.912,0,0,0,0
15650.74202,728297.9663,38095.14972,1371480.538,0,0,0,0
7503.578189,417154.4715,18352.87551,809147.5823,0,0,0,0
23338.68189,1244503.564,56957.95647,2370204.537,0,0,0,0
12655.93823,565297.1291,30890.06284,1061843.455,0,0,0,0
11144.00372,881502.7389,28060.52666,1632832.968,0,0,0,0
4731.367753,247623.8691,11415.02767,435374.0588,0,0,0,0
5836.991108,281417.4389,14049.31178,533205.2331,0,0,0,0
6212.412811,293525.374,15185.76491,571355.062,0,0,0,0
4281.708363,146077.388,10266.06622,289870.3369,0,0,0,0
9630.60712,939530.8413,23625.53681,1681870.436,0,0,0,0
15267.32555,911676.1164,38384.56504,1749131.855,0,0,0,0
14701.17095,668945.7709,35904.72891,1238685.318,0,0,0,0
10151.97607,478654.931,24749.72361,910398.7314,0,0,0,0
4053.833247,3433985.954,10267.40792,5591385.311,0,0,0,0
6050.069407,485756.2382,14543.42969,865997.1539,0,0,0,0
3481.143893,748569.4434,8438.513352,1242005.456,0,0,0,0
4403.323677,190007.4405,10584.08162,380717.4968,0,0,0,0
5253.565633,418083.0635,12661.58197,709256.4294,0,0,0,0
7053.991422,902440.4525,17128.94005,1566586.575,0,0,0,0
845.7759284,181420.4492,2081.271832,382767.9946,7176.551709,463233.7965,17661.02989,977269.1414
0,40709.88382,2.90664E-14,88484.08245,2302.075126,321344.3035,5934.664477,699017.1504
0,17691.29947,0,37870.6491,1255.683864,108223.4737,3119.05767,232724.4323
3.42571E-12,183128.3312,0,412994.6741,8913.548581,769422.1645,21165.98849,1753198.228
5944.671392,398758.7846,15006.87875,752146.7539,3452.274992,46900.23944,8709.822863,91341.33921
7980.865334,368801.9632,20169.83441,761828.9718,0,0,0,0
3154.816251,216378.2525,7875.418994,421118.3801,5572.326291,215297.364,13895.4173,418760.1682
5206.983898,257155.5638,12504.36729,493525.0386,699.2939078,0,1679.326849,0
7020.794593,337249.5712,16872.15603,660992.4731,0,0,0,0
7384.245114,309720.7458,17708.55578,617107.929,0,0,0,0
5846.396386,473297.0493,14676.09774,945499.5306,10317.2134,427281.5486,25901.62794,879395.4978
18406.04815,804296.1525,45166.83501,1596069.083,0,0,0,0
2982.218374,225310.3409,7530.926035,456530.4916,4056.154413,128612.4913,10238.47975,272534.8699
6738.347119,248916.5396,16241.09615,460027.8131,0,0,0,0
8595.99169,474742.0039,20578.74261,931931.9804,0,0,0,0
6990.552673,771640.545,16911.1602,1379109.108,0,0,0,0
4255.494426,155228.972,10200.59899,316300.308,0,0,0,0
3109.272489,148786.5443,7481.211667,292401.2462,0,0,0,0
2081.983348,366631.9489,5002.879966,610936.8735,0,0,0,0
3077.348962,115377.3563,7379.764273,237597.9352,0,0,0,0
1155179.567,2995005.556,2460300.613,6355454.906,0,0,0,0
4725.871469,189775.0789,11342.73682,378443.6751,0,0,0,0
11990.65097,416018.3775,34298.30223,739997.6386,387.0799617,0,1107.211406,0
2847.940331,220601.537,8146.64736,411241.2265,91.93491862,0,262.6576225,0
11772.67005,891504.5944,33674.80636,1766519.787,0,0,0,0
6367.797109,777921.3506,18214.59584,1569555.619,48.489523,0,138.7005661,0
7308.351011,621687.4204,20904.93839,1141533.444,307.206349,0,878.7385539,0
429616.0025,1716349.719,799207.7758,3147169.28,14254.69613,0,26517.78315,0
7548.240787,479645.7217,21591.11893,928658.4052,0,0,0,0
9678.500332,842372.4963,27684.56147,1660859.313,0,0,0,0
7767.167175,1723593.446,22217.3525,3057164.344,773.6462747,0,2212.952497,0
3608.77147,346327.6926,10322.63351,699992.5815,15.80662303,0,45.21371829,0
3237.418937,383172.537,9260.38668,713027.996,14.18007892,0,40.56101713,0
6477.180287,425267.0823,18527.4498,792004.8183,0,0,0,0
1905.932041,1705926.153,5451.769486,2790101.081,0,0,0,0
2980.887886,227494.8944,8526.593468,461131.5913,13.05645745,0,37.34696138,0
1721.451388,3488432.355,4924.075674,5726186.001,0,0,0,0
4137.038017,345318.3452,11833.6567,724277.8932,0,0,0,0
9446.029144,1147953.649,27019.60197,2253518.606,0,0,0,0
3208.020223,185860.9678,9177.121899,396197.6011,110.5450258,0,315.4263037,0
2022.331129,101594.7261,5784.745041,214592.4567,71.20353277,0,203.6460813,0
542702.385,2350795.301,1001272.292,3894715.044,20575.14986,0,37960.6522,0
2921.644657,134625.1759,8357.126666,273417.0377,100.6776974,0,287.9778551,0
10205.82953,649973.9682,29192.89631,1433169.049,372.3504434,0,1065.11688,0
6118.003091,313077.7025,17500.04935,676946.3775,139.3068036,0,398.4757612,0
881486.9501,2509857.21,1881264.047,5368417.208,0,0,0,0
3342.698061,225578.1356,9561.453123,496017.5117,130.9288389,0,374.5748481,0
4798.669302,304570.0393,13726.60293,644866.069,197.040827,0,563.245357,0
3489.506878,303639.1249,9982.21114,613659.0398,143.3067779,0,409.1592744,0
616.5570368,212747.946,1763.610964,364043.8463,15.2687251,0,43.6732061,0
1557026.688,3978075.839,2869009.172,6540807.335,38552.12444,0,71020.88235,0
6467.358571,321104.1149,18499.35322,714848.4565,0,0,0,0
10038.50429,652588.9593,28714.32046,1347308.01,0,0,0,0
4417.171133,157474.5986,12634.97999,273002.1783,180.4139056,0,516.0551746,0
2354.223868,10444982.74,6733.285547,16997634.21,95.89756426,0,275.0127416,0
2225.187636,147460.8636,6364.973318,313142.6019,186.5596471,0,533.639165,0
3685.484542,2052256.855,10542.03424,3524830.121,361.4500429,0,1033.898985,0
527367.8424,2823484.692,973825.4782,4655541.07,36379.82637,0,67313.89102,0
5600.218124,890922.9593,16015.74919,1670132.933,314.356771,0,902.2414167,0
3619.698764,613491.8649,10353.85754,1100685.947,0,0,0,0
879517.7756,2470050.271,1876026.713,5264841.417,0,0,0,0
3645.383433,240875.8812,10427.31999,498008.176,0,0,0,0
155521.9254,980502.1804,296793.9416,1916111.501,0,0,0,0
2370.073495,186978.1135,6779.417154,387329.3897,0,0,0,0
4715.817922,2118941.489,13489.21838,3558660.775,0,0,0,0
1488.112831,2072154.229,4256.627758,3371166.139,0,0,0,0
740516.3903,3815236.264,1588860.78,7580794.821,135059.2499,0,280963.278,0
1880.126965,267392.3616,5377.958505,566993.9221,270.0868496,0,772.56265,0
544909.9458,936031.3662,547961.504,988928.9812,242702.6275,120915.1996,243537.7462,127748.4382
3559.699988,208646.7063,10182.20616,401568.298,576.1170533,867.8196623,1647.935428,1669.957548
3716.415142,859035.2853,10630.60388,1540705.511,1737.066485,109205.4991,4968.629443,195863.3332
4580.736947,259631.8211,13102.8267,570272.4125,0,0,0,0
3981.837992,330528.2516,11389.53513,726623.3427,1749.925756,43782.48472,5005.627944,96249.41821
2655.164676,213003.8256,7594.104413,468586.6098,1953.32391,65501.84974,5588.037645,144097.788
3964.315042,178413.2807,11339.59432,398184.7997,0,0,0,0
5735.044943,354385.1689,16404.6392,716359.6567,0,0,0,0
4051.211693,221614.4112,11588.161,479343.7941,0,0,0,0
2022.992959,129843.2301,5786.615369,262815.3705,0,0,0,0
2041.541566,125897.7624,5839.660199,274795.1778,0,0,0,0
881673.7963,2240425.432,1877591.55,4749704.979,0,0,0,0
4024.294249,255899.7487,11511.16014,555900.8307,0,0,0,0
2541.702521,175091.6883,7270.332441,372429.7439,0,0,0,0
886.4259851,60345.95844,2535.545938,130181.7198,0,0,0,0
2586.816974,138408.6962,7399.376625,302907.8291,0,0,0,0
3765.639731,141251.3996,10771.31193,271593.8265,34.22391949,0,97.89479046,0
3412.740401,436756.9615,9761.859232,870877.8056,31.01660305,0,88.72040565,0
6825.836349,363147.0634,19524.812,766043.2029,239.7226788,0,685.6415556,0
545461.1821,2517142.67,1008321.886,4241181.351,20225.34232,0,37387.91316,0
864017.2726,2869115.397,1846879.091,6030099.987,20793.70411,0,44447.55745,0
6503.785344,1327189.93,18603.53145,2430663.749,202.8978165,0,580.3800323,0
6575.234138,406495.026,18810.24232,882980.5626,571.6259399,0,1632.892713,0
5477.264405,413735.454,15667.27053,818807.6173,54.25890091,0,155.2031847,0
6999.076523,464784.8793,20020.30145,990799.1495,239.9154457,0,686.2590412,0
6872.924341,353073.5631,19659.45056,741956.4555,20.1999965,0,57.77558129,0
4835.826259,347486.281,13831.4996,740603.1895,143.0016824,0,410.0345838,0
13278.9956,792949.6753,37980.43767,1717258.17,550.1238528,0,1576.64789,0
13766.78763,687448.0783,39378.77934,1484645.234,0,0,0,0
9949.330416,727863.4878,28459.26139,1596682.483,341.0447126,0,975.5310371,0
11786.61345,648607.1805,33714.65603,1437869.811,0,0,0,0
5480.521477,351174.7098,15676.58922,750183.736,216.7283459,0,619.9339362,0
18220.20383,1432869.083,52117.42859,2861766.822,0,0,0,0
8451.626311,428856.5059,24175.18331,938917.2198,0,0,0,0
13560.91651,890423.489,38789.90129,1880446.724,0,0,0,0
11422.65491,642125.5957,32673.57191,1394268.221,0,0,0,0
8206.774326,496606.2287,23474.81525,1080461.768,15.30459657,0,43.77756262,0
6442.858273,491709.2693,18429.28053,1017686.039,0,0,0,0
9277.566318,502055.2617,26537.72906,1078595.899,0,0,0,0
2440.798035,107690.855,6981.701219,234292.6274,0,0,0,0
11340.90877,2748925.02,32439.73672,4867647.294,0,0,0,0
6893.737187,467991.7631,19718.98092,1019925.999,0,0,0,0
883100.9438,2656843.419,1884525.679,5634141.29,0,0,0,0
3368.522482,183835.5791,9635.390446,406365.9491,0,0,0,0
13911.15751,843529.1708,39791.74258,1766579.993,0,0,0,0
11908.11736,633264.1998,34062.19269,1418123.412,0,0,0,0
10781.25919,593437.0605,30838.90841,1311019.414,0,0,0,0
10714.3835,741282.9103,30647.63003,1650985.781,0,0,0,0
6954.122189,3460094.51,19891.704,5863871.329,0,0,0,0
6052.563248,428710.8399,17312.85952,945389.6309,0,0,0,0
1391.405982,83820.9998,3980.010907,183643.3473,0,0,0,0
2744.271775,229785.8501,7849.761955,475624.6074,0,0,0,0
8670.690849,948478.1398,24801.81031,1787787.804,0,0,0,0
3425.94781,533825.8671,9799.648591,970716.3314,0,0,0,0
4168.626612,476135.6372,11924.02302,913180.9155,0,0,0,0
1810.908766,100011.566,5179.959246,205881.8451,0,0,0,0
1397.141738,68423.58606,3996.408659,147272.8362,0,0,0,0
4460.084599,640023.752,12757.71841,1139746.575,0,0,0,0
5293.393011,989550.1763,15141.32015,1761346.988,0,0,0,0
1808557.172,6839689.623,1897070.898,11741793.76,0,0,0,0
14595.99682,1642972.558,41750.65818,3448512.83,0,0,0,0
4589.81717,461594.0029,13128.81733,857835.0633,0,0,0,0
603.4211113,89929.9515,1725.097258,177044.8352,580.7131772,27048.49156,1661.658679,53250.28703
6539.443851,396635.5767,18705.57042,739586.6095,0,0,0,0
2039.993297,2465085.995,5839.475236,4119249.562,1967.086552,741430.5253,5622.862928,1238958.602
3820.076944,397987.3643,10927.02548,706381.8486,0,0,0,0
2829.954218,323021.4975,8094.860312,561704.3509,0,0,0,0
1449.330846,4868847.249,4145.694778,7906770.846,0,0,0,0
1428.581067,136598.7996,4086.349532,229216.6013,0,0,0,0
1691.292668,153851.0645,4837.80802,300710.7604,0,0,0,0
0,2561.744507,0,4715.922996,933.1613798,105172.9212,2669.230915,193645.8567
6209.072271,596764.4542,17785.93227,1051417.476,354.2892203,0,988.0524383,0
6562.365692,432880.7028,18768.31365,872825.9476,514.2295006,8082.209295,1473.758451,16296.31892
1327.222134,180660.1252,3795.910359,278034.3665,104.0259174,3373.048126,298.0659997,5191.111377
1312.130035,391582.6507,3751.589822,840482.3395,3042.898602,192250.2468,8705.505554,412640.6952
2922.902941,293500.5997,8360.744689,477861.6994,0,0,0,0
2497.348607,252509.1361,7143.478088,420780.0789,0,0,0,0
1868237.559,5811845.721,3790339.377,11091755.84,114745.0781,0,232798.4393,0
1310.222143,117836.3777,3747.797853,208460.522,29.62275117,0,84.73379638,0
3345.110532,166127.9722,9568.427493,294220.1356,75.6294565,0,216.3321552,0
2965.162685,266768.2034,8481.615782,495564.5434,67.03923237,0,191.7604707,0
0,51721.38998,0,101728.0708,1929.371697,197256.4377,5518.815555,387926.2022
3716.018236,324627.4387,10629.37048,596266.4619,0,0,0,0
734.605691,4368161.6,2101.287296,7071574.107,0,0,0,0
1492.891288,292973.354,4270.306131,483712.6286,0,0,0,0
710.142155,154968.3463,2031.298458,271705.2822,0,0,0,0
911.4026075,252992.5719,2606.985055,429641.1823,0,0,0,0
1452.869219,154267.4458,4155.812887,268249.9819,0,0,0,0
1844.724334,587196.6855,5276.691913,994031.3707,0,0,0,0
2223.78308,195298.1408,6360.950789,378640.1908,0,0,0,0
1319.70406,150734.3315,3774.898679,275078.6491,0,0,0,0
1055.641532,453753.2477,3019.582971,763174.1079,0,0,0,0
672.1252478,56605.53494,1922.564563,104303.0693,0,0,0,0
722.9080717,74801.2512,2067.822495,133351.0964,0,0,0,0
2159.115618,1396103.228,6175.983445,2298224.017,0,0,0,0
14310.01097,1419739.62,40932.61069,2916615.289,0,0,0,0
4192.545367,278296.0228,11992.45581,540512.2923,0,0,0,0
1282.464646,59819.18231,3668.376216,105873.8415,0,0,0,0
1291.900608,109055.0788,3695.385845,209597.0789,0,0,0,0
722067.2793,1603710.125,727591.5917,1759180.277,982894.9739,875166.8667,989144.7334,960009.0859
5278.720447,2489454.982,15099.34895,4144470.807,0,0,0,0
2226.074924,358537.419,6367.542788,636839.7201,0,0,0,0
1771.839541,358905.9187,5068.195833,578836.4667,0,0,0,0
121.1161593,27461.59312,346.6651604,57376.85299,280.8383481,13482.46161,803.0953277,28169.56811
0,91510.30041,0,181002.3218,3091.250824,170704.7827,8842.292124,337631.5794
4526.767165,806845.9376,12266.22574,1513706.905,7015.96562,420641.6745,20755.66119,789157.1085
6344.608033,655597.2633,18148.25208,1146963.283,0,0,0,0
3261.509502,2186413.908,9329.286957,3616469.117,0,0,0,0
862.6253038,177284.2826,2467.479327,235196.7541,0,0,0,0
2012.617103,184907.7475,5756.935693,378468.2757,0,0,0,0
3629.168679,398073.0044,10380.86742,774527.5699,104.7552045,0,299.7182428,0
3003.30854,224011.0109,8590.722048,464488.8094,0,0,0,0
1351.283841,153179.8351,3865.250437,272282.2701,0,0,0,0
320.2744243,60017.0284,916.1433658,125604.8163,367.5940977,24110.1628,1051.462853,50458.21509
1685.683558,125966.0368,4821.763088,243945.3897,0,0,0,0
2389.615002,184787.6779,6835.299952,377195.8058,0,0,0,0
1039.203146,99547.38788,2972.586611,173769.3926,0,0,0,0
4368.652503,647614.3537,12496.17857,1191908.204,0,0,0,0
2884.362193,237665.0425,8250.482203,458692.3977,0,0,0,0
1781.686019,153048.6829,5096.362082,286741.3554,0,0,0,0
1201.081344,359881.031,3435.600897,612693.6096,0,0,0,0
1691.416292,144912.1435,4838.1577,279854.1078,0,0,0,0
821.2310379,62981.37896,2349.057986,120213.1262,0,0,0,0
631.1346452,51399.8641,1805.305402,97313.48559,0,0,0,0
1045.944291,92668.84756,2991.837089,171222.8318,0,0,0,0
1453.198858,143211.8735,4156.763116,257279.8682,0,0,0,0
1320.471469,110924.1885,3777.103097,212118.339,0,0,0,0
2547.961051,249351.9358,7288.229538,464729.2542,0,0,0,0
3640.998708,1717901.076,10414.79633,2833604.606,0,0,0,0
1777.351829,689186.7021,5083.968541,1162379.458,0,0,0,0
2067.197467,166144.5593,5913.061076,315960.6898,0,0,0,0
1906.692058,203746.8785,5453.940634,351229.0304,0,0,0,0
1387.641535,440111.1981,3969.227729,745342.6682,0,0,0,0
1354.072732,130848.3604,3873.208726,253304.8651,0,0,0,0
1564.188426,1253628.658,4474.227568,2065478.932,0,0,0,0
1976.468988,233058.233,5653.527134,420387.9041,0,0,0,0
989.4227645,133670.0429,2829.2596,236381.7329,862.7648601,32905.31825,2468.843117,58189.67349
2217.489531,200268.5286,6342.938942,371888.2041,0,0,0,0
889.9291871,115070.3981,2545.568477,191307.0858,0,0,0,0
960.9182371,92199.19305,2748.634181,165544.0166,0,0,0,0
603.0893899,66964.27281,1725.08385,123822.6168,0,0,0,0
477.5615552,72022.57716,1366.021533,108631.6119,0,0,0,0
2404.844612,1540693.198,6878.864964,2495714.39,0,0,0,0
2493.703493,936447.899,7133.032094,1567035.277,0,0,0,0
3400.622906,138613.8586,9723.148739,285484.7624,989.8782524,17071.88423,2835.537598,35160.71814
4297.170935,294744.3207,12291.73114,613836.2723,0,0,0,0
2475.640121,215897.3348,7081.276609,433822.8031,721.5728356,26590.22945,2064.092018,53430.24676
4101.17601,1588583.343,11713.97671,2592211.63,1187.718154,195652.2327,3414.458602,317857.0834
4728.760078,479116.978,13519.85468,997584.0436,1375.485433,59008.74315,3940.846499,122863.9003
1399.463444,163766.8907,4002.4622,299014.4466,303.451276,0,868.5415707,0
5346.759798,814626.7612,15294.69577,1613537.047,2224.451175,121792.0269,6361.868695,241234.3379
2120.748445,133322.442,6066.219985,279097.5216,0,0,0,0
4026.117247,352543.3427,11513.82547,743207.6542,1909.181766,62728.40135,5463.587904,132239.7061
2368.059766,186732.4794,6773.648276,355401.8686,0,0,0,0
8722.450526,746652.7281,24949.85121,1603886.996,0,0,0,0
2970.935973,238255.1398,8498.113653,481000.8197,0,0,0,0
5989.142109,644113.268,17131.4558,1222997.647,0,0,0,0
3596.086215,1295194.701,10286.32625,2153496.391,0,0,0,0
2966.646652,236888.726,8485.845181,459199.0247,0,0,0,0
1821.808263,194946.9468,5211.141547,357284.8861,0,0,0,0
3325.982952,788874.7458,9513.708026,1364739.159,0,0,0,0
2549.487973,337516.8988,7292.593706,672546.6174,0,0,0,0
732109.2943,1186403.408,738294.0982,1437859.333,0,0,0,0
2322.951108,186946.8323,6644.623709,362524.9425,0,0,0,0
3215.207604,460666.271,9196.846518,865761.9994,0,0,0,0
3731.224002,255140.7459,10672.85865,523482.1012,0,0,0,0
5919.047162,384542.6522,16930.94881,812202.0701,0,0,0,0
3744.001389,239514.0317,10709.40707,483753.8843,0,0,0,0
1247.399491,360945.2213,3568.07798,627844.4623,0,0,0,0
3513.293725,299121.0996,10054.49007,643130.88,1619.857705,57044.32191,4628.826478,122649.2046
1858.013387,1907270.781,5314.843059,3135940.223,407.8624547,143507.6147,1166.515857,235955.6417
2236.784582,314695.7265,6398.138086,641803.9752,593.5192237,34884.29078,1697.71286,71144.52026
3702.12799,1399308.716,10589.63814,2416349.629,0,0,0,0
1629.37391,104851.7999,4660.693032,199384.9659,0,0,0,0
1756.783781,132251.3975,5025.13433,277090.9654,0,0,0,0
6078.178184,5695610.477,17386.13392,9342968.418,0,0,0,0
2663.35298,434386.918,7618.305627,768948.3363,0,0,0,0
1740.049886,98114.71978,4977.276951,184880.241,0,0,0,0
2750.235691,160896.9132,7866.831028,346105.4237,0,0,0,0
3969.258497,367912.0566,11353.7382,710066.7844,0,0,0,0
5000.562083,372541.4744,14303.72561,713445.273,0,0,0,0
4873.483358,373440.5006,13940.20228,734388.2543,12.45829499,0,35.63593829,0
4476.468822,299780.3005,12804.56864,623070.1152,0,0,0,0
4965.878231,792290.8833,14204.49489,1442774.987,0,0,0,0
1871.250841,136671.0437,5352.56984,280384.4557,0,0,0,0
1777.091328,123153.1218,5083.217278,261711.4239,0,0,0,0
1993.383745,113821.1454,5701.918149,235051.4484,0,0,0,0
2725.854554,187849.9999,7797.089792,391077.1997,0,0,0,0
2385.090649,668551.5255,6822.357803,1163604.867,0,0,0,0
1535.72216,102508.7284,4392.809345,204933.71,7.412793196,0,21.19520428,0
1468.942103,95821.91764,4201.796024,195705.9979,0,0,0,0
5987.770502,368161.712,17127.53479,782601.2439,0,0,0,0
6050.986939,657059.8183,17308.35407,1253939.969,0,0,0,0
5231.763728,461309.4867,14965.03885,912922.2447,0,0,0,0
3576.978835,415731.8161,10231.65496,801554.2781,0,0,0,0
2310.019865,164485.3916,6607.614734,343136.5981,0,0,0,0
2013.360607,151268.2241,5759.048267,308495.5303,0,0,0,0
4344.093287,602745.4346,12425.92486,1111912.152,0,0,0,0
2156.019241,124809.1098,6167.115619,237466.8271,0,0,0,0
1845.694938,163365.8968,5279.456217,316583.6785,0,0,0,0
3767.392066,284074.98,10776.32746,582355.8105,0,0,0,0
4371.754495,277049.3754,12505.04173,591822.6034,0,0,0,0
1848.395813,117983.2152,5287.182177,257106.9865,0,0,0,0
2678.453309,187176.5489,7661.506627,395529.9887,0,0,0,0
3391.232365,581240.9209,9700.354536,1055825.556,0,0,0,0
4094.812246,377564.7536,11712.87494,741148.7177,0,0,0,0
4121.210151,240788.5784,11788.37788,514972.1306,0,0,0,0
2517.907835,196391.2369,7202.269143,419430.4515,0,0,0,0
3755.875363,444982.7958,10743.37256,825203.1425,0,0,0,0
3374.140919,274861.5933,9651.452494,578887.424,0,0,0,0
1164.129105,82931.19229,3329.893107,162443.8659,0,0,0,0
8074.273259,777249.2146,23095.80096,1477118.104,0,0,0,0
2479.231789,190380.6684,7091.649277,392774.5667,0,0,0,0
3602.083287,224160.0581,10303.46949,460106.5063,0,0,0,0
3227.233056,394521.7997,9231.240855,703730.4663,0,0,0,0
2256.547768,174325.3135,6454.667857,345628.1027,0,0,0,0
1663.7615,68344.69367,4759.057038,141309.8929,0,0,0,0
1361.8199,90204.19554,3895.379203,192101.7424,0,0,0,0
10938.84399,947102.6727,31289.67692,1868961.503,0,0,0,0
4719.949692,323411.8163,13501.03074,651795.1735,0,0,0,0
6135.652386,775818.5835,17550.52634,1458846.638,0,0,0,0
8045.195379,528942.1475,23012.67758,1078733.233,57.17633674,0,163.5046205,0
3544.466742,271627.9074,10138.62795,536053.2362,267.5907267,0,765.4540821,0
2430.462699,440298.6974,6952.143796,801178.6344,0,0,0,0
1889.049381,132900.5466,5403.477609,276005.7707,0,0,0,0
2220.245856,146415.7267,6350.831062,307244.5113,0,0,0,0
3069.043034,189322.1788,8778.750894,406251.242,0,0,0,0
3382.524616,220843.4955,9675.43829,468321.982,0,0,0,0
1777.062333,133665.7885,5083.14072,282120.0822,0,0,0,0
2476.942919,189377.8541,7085.091231,401277.7736,0,0,0,0
1161.277286,85591.79945,3321.737214,179578.1694,0,0,0,0
1835.938861,113824.3946,5251.546042,242865.4487,0,0,0,0
2315.292512,172060.2821,6622.716113,348181.9901,0,0,0,0
5036.801323,531885.4794,14407.36825,1024312.232,0,0,0,0
5032.168027,374911.9385,14394.1133,747564.97,0,0,0,0
140229.7817,1037903.392,301409.5454,1961339.801,0,0,0,0
3351.548233,224358.0054,9586.826774,475482.2443,0,0,0,0
47726.38811,244394.6984,88961.2219,424307.6997,0,0,0,0
3000.020359,701750.3628,8581.318168,1244726.318,0,0,0,0
4510.695709,458352.5845,12901.42151,882772.8586,1170.679353,0,3349.526452,0
8361.216406,598285.7,23916.69047,1276797.985,958.3234866,0,2741.098032,0
2884.676674,564806.8827,8251.376917,1011556.281,0,0,0,0
3360.865424,220822.3793,9613.482524,457511.7658,0,0,0,0
2701.579476,188406.6692,7727.653483,395779.5439,0,0,0,0
6811.551261,1373480.692,19483.94267,1948308.441,0,0,0,0
8991.885937,1576066.108,25720.59909,2423647.493,0,0,0,0
7059.494494,534416.6368,20193.12298,715867.1982,0,0,0,0
6754.66078,824738.5174,19321.19143,1111062.356,0,0,0,0
735647.559,2606135.856,754537.5175,3456468.043,0,0,0,0
5524.896983,638045.8114,15803.52816,1098280.914,0,0,0,0
9778.380131,1047264.338,27970.27556,1728331.311,0,0,0,0
4886.735689,393599.1488,13978.10735,697315.2984,0,0,0,0
10291.61853,3807242.981,29438.35346,6179648.344,0,0,0,0
3613.661621,4140820.354,10336.5902,6745083.544,0,0,0,0
2626.818677,846391.1796,7513.801363,1392550.965,0,0,0,0
3769.738234,354526.8686,10783.03865,614596.3352,0,0,0,0
3069.513999,686187.912,8779.599939,1008391.885,2756.132196,79259.10789,7884.224556,156584.6771
6007.71782,1567740.978,17184.66362,2134332.342,5398.497959,169172.0051,15442.0869,278150.9909
10264.29677,2865004.041,29360.20534,4937055.073,2413.454748,39545.13388,6903.497216,68660.8873
1260.278928,300798.7143,3604.980245,460401.7544,800.1661605,39947.29185,2288.814719,52044.82164
873006.1597,2040809.051,878970.8921,2243491.017,554286.0095,304793.2286,557220.304,342609.2364
5748.701591,1178178.142,16443.70807,1696662.835,1358.975416,56881.83545,3887.247836,82087.68183
11516.29693,1830145.116,32941.97733,3468173.309,477.69234,72706.45433,1365.883164,154493.7453
8854.673834,1050484.54,25328.11074,1859842.097,261.0743997,35977.69914,746.7617442,74854.24294
1759024.847,7240618.124,3249507.137,12025219.57,63834.28576,0,117923.273,0
8401.028947,696008.1745,24030.45902,1239220.485,335.3738696,0,959.322391,0
7034.84205,1989869.704,20122.60967,3278602.193,0,0,0,0
9335.444146,1330040.481,26703.31625,2014148.87,0,0,0,0
5059.583403,481182.7996,14472.53487,806504.6341,0,0,0,0
1531251.972,2662706.666,1544790.84,3125634.787,0,0,0,0
3757.582375,405036.1632,10748.27077,660023.617,0,0,0,0
2657797.593,7495298.828,4186846.603,11473513.27,0,0,0,0
1874085.048,4952865.36,3992551.265,10425338.69,0,0,0,0
5433.614977,450260.131,15542.41252,813886.2276,0,0,0,0
5276.409342,984082.1871,15092.77018,1619523.776,0,0,0,0
4302.069671,456019.3484,12305.73176,780034.4003,0,0,0,0
2989.182812,624190.6592,8550.319547,1110295.598,0,0,0,0
2606.990367,890658.4066,7457.086915,1481195.714,0,0,0,0
3442.652026,473563.2565,9847.424208,868526.6527,0,0,0,0
13745.84847,1800400.604,39318.91115,2960294.064,0,0,0,0
5001.194083,1449770.715,14305.62745,1985296.418,782.8153646,0,2239.080276,0
3343775.494,5698148.155,3353205.08,5772697.409,1644619.248,824478.6808,1649257.142,835284.0094
702897.9394,1302080.31,709174.258,1521653.945,175547.3159,195526.6175,177114.8136,229672.883
1867475.719,3478105.304,2070052.662,4047597.579,431723.6237,0,478555.4251,0
4452.42536,532791.6544,12738.50352,859392.5607,590.1208621,0,1685.293368,0
3967.699488,844741.8969,11341.79722,1169229.616,2725.558493,109511.0987,7803.701028,195266.1896
3891.336582,1577382.83,11131.32643,2514867.959,2677.405606,353275.2486,7658.148387,530465.8096
1432457.422,5231074.371,3052570.074,10968619,419962.8621,795.1351983,894941.8287,4029.390611
1541.556458,462897.7656,4407.228598,659397.9228,1634.666225,320354.2773,4677.751573,458386.0275
481632.7067,4140686.798,805562.762,6743384.869,1279566.288,1936510.238,2435823.337,3158971.186
4410.020494,1126736.31,12614.57431,2045330.515,2067.969655,17680.18354,5915.200889,32314.3598
9127.698083,769380.9098,26109.0816,1435593.484,345.3362897,31257.28278,987.7696675,56364.6933
5585.032523,1013984.497,15975.25163,1964406.173,2623.370123,28033.30408,7504.264014,23180.8983
1475.283421,563914.0226,4219.800689,1158337.218,2679.745195,327264.2692,7665.198383,519342.8443
5911.976406,615283.3093,16910.73455,1071703.263,1051.852281,14249.23627,3008.739124,24726.64447
1509360.35,5441915.287,3217816.383,11271978.73,349376.2319,161228.8683,744837.747,333866.5812
6025.246709,482555.6024,17234.71766,938306.9151,402.6266237,22274.42565,1151.686764,43839.52554
5462.143887,641964.9354,15624.02625,877707.5,0,0,0,0
2928.749252,411025.1085,8377.41451,670098.8217,1000.101921,3387.137846,2860.752382,5561.436276
4825.624637,659892.9811,13803.01145,1239044.805,98.87498375,0,283.1311866,0
6823.617404,1745630.58,19518.25628,2769450.633,83.81951057,0,239.949359,0
7765.529003,1012211.341,22212.66971,1829485.726,0,0,0,0
6332.659086,586950.1372,18114.04628,1038451.927,41.90434981,0,119.883447,0
1821653.806,7420858.066,3360773.604,12120974.28,0,0,0,0
9438.298776,940996.3619,26997.49133,1724391.696,156.1825589,0,446.747595,0
3679538.735,13307527.09,7319130.83,23984520.69,12908.54584,0,25676.951,0
8855.731624,974891.7035,25330.93496,1723733.962,204.5097102,0,585.1568495,0
8246.015071,729305.8476,23587.06549,1351690.173,359.3043388,0,1027.761276,0
5876.787162,540344.6425,16809.47565,941253.4671,126.4102732,11728.71747,362.184512,20310.74465
11801.55601,932098.1066,33757.42833,1589761.6,111.0178178,0,317.5610245,0
6045.058145,491746.5922,17291.4181,868622.3653,0,0,0,0
7942.348694,766878.7537,22718.44144,1513581.028,0,0,0,0
3153.108168,314479.4788,9019.192495,583430.6092,18.80412045,0,53.8095008,0
4542.054335,322311.8746,12991.96996,613021.0312,59.71752313,0,171.0296297,0
5626.607545,522492.3697,16094.4699,955095.1334,0,0,0,0
4645.074671,341512.3152,13286.85657,677491.0249,0,0,0,0
4996.74388,833006.1463,14292.7871,1497188.427,0,0,0,0
5196.211469,360264.9313,14863.35116,665353.5418,0,0,0,0
5645.217103,637871.7089,16147.69425,1086205.1,0,0,0,0
10394.99607,936645.159,29734.06221,1637107.347,0,0,0,0
1820456.415,6679610.918,3357582.293,10896416.6,0,0,0,0
9861.418989,1011265.57,28207.79282,1839944.497,0,0,0,0
6658.946193,834757.8356,19047.37912,1516945.133,0,0,0,0
5751.453208,535365.3021,16451.57706,971603.5287,0,0,0,0
10875.04359,1067747.663,31107.19266,1981939.521,0,0,0,0
8478.494945,2943054.49,24252.05808,4839266.447,0,0,0,0
3200.858688,656739.4611,9155.962638,900257.5437,2034.343621,124749.0019,5818.871931,250999.0452
4547.405835,832865.8663,13007.49041,1315363.057,1861.407552,0,5324.407313,0
1674.093098,345431.2891,4784.574991,635321.3895,3149.230446,321565.8945,9012.389658,534268.8382
5521.557666,489018.8973,15793.95646,910811.7301,739.1004066,14915.52772,2114.148328,32718.14737
1819598.586,7478229.274,3354900.898,12565730.55,0,0,0,0
2879.764785,14736266.06,8237.32956,24035629.32,0,0,0,0
4674.743285,326543.8566,13371.72351,630621.3363,19.414459,0,55.53348324,0
7280.711249,1085756.46,20825.89546,1894221.316,72.28150671,0,206.7555011,0
11815.28627,1191924.277,33796.71977,1812251.568,0,0,0,0
5522.860825,624245.6515,15797.71326,1005869.288,0,0,0,0
4702.54237,506101.5032,13451.24509,970076.4119,0,0,0,0
6261.666579,660455.1835,17910.99168,1212347.614,0,0,0,0
6432.143913,533467.1735,18398.64101,1042000.517,0,0,0,0
8274.303634,749485.5438,23667.99429,1384514.175,0,0,0,0
9956.614647,891734.2759,28480.09969,1663871.528,0,0,0,0
7420.562482,800517.364,21225.92443,1439336.852,0,0,0,0
8054.941233,771920.2986,23040.50898,1442101.717,0,0,0,0
7067.212715,4390764.329,20215.20196,7238610.595,0,0,0,0
4788.345347,712880.6149,13696.68414,1278030.26,0,0,0,0
4457.852762,349397.2904,12751.33445,663684.7653,0,0,0,0
791553.4397,2730806.289,1461650.454,4321986.233,10255.3786,0,18937.16587,0
4586.599962,369821.9753,13119.60733,712590.1397,0,0,0,0
3300.895351,243493.058,9441.944741,471181.9579,0,0,0,0
2092.173045,155516.6188,5984.4871,297337.5707,0,0,0,0
952729.8614,1492315.152,962954.6189,1768469.161,0,0,0,0
6964.261206,521795.142,19920.71136,1018468.441,0,0,0,0
3332.037146,268935.4273,9530.97972,536933.8128,34.03099859,0,97.38744501,0
3500.718419,247488.4581,10013.52093,477751.6739,61.75777463,0,176.6530762,0
1812764.631,4912115.693,3861303.858,10401228.42,56066.34464,0,119424.8769,0
4674.034674,360429.9065,13369.71203,711507.6006,0,0,0,0
4385.864107,392960.8955,12545.40218,631200.7387,23.17728631,0,66.30715209,0
3692213.212,11575813.3,7342945.278,21190479.52,0,0,0,0
4393.342216,508189.1145,12566.79593,832482.0349,113.8111765,0,325.5490864,0
4958.262525,388836.7121,14182.71304,716898.9906,0,0,0,0
6496.046909,482327.8986,18581.42246,887969.778,0,0,0,0
2523.021449,224270.3179,7216.895629,411068.3436,78.88414465,0,225.6416157,0
4980.086417,447467.6517,14245.14792,836515.4138,0,0,0,0
3582.79048,319942.6076,10248.28988,573944.4639,43.36863822,0,124.0525726,0
5618.04073,456033.4589,16069.9648,789274.8013,5.669432566,0,16.21696712,0
6705.168194,1240493.73,19179.59974,1633076.578,0,0,0,0
2716.933958,475794.0351,7775.460708,675971.5291,288.4992886,0,821.4287992,0
4183.128646,472162.7553,11965.4937,753214.5106,0,0,0,0
2775.089672,369334.6274,7937.934774,588341.7485,0,0,0,0
2701.812259,569489.4048,7728.24222,816094.6319,617.2904191,0,1765.766293,0
4508.764239,772143.9699,12896.96186,1116498.534,0,0,0,0
7682.661424,1089344.297,21975.63514,1518955.449,0,0,0,0
9547.661649,758184.651,27310.33232,1435550.751,0,0,0,0
3615.834444,290987.8261,10342.80651,588322.257,104.0984169,0,297.7652324,0
10774.98299,695603.7928,30820.90727,1376460.143,154.1383638,0,440.9789411,0
7885.028777,605508.6178,22554.49533,1161393.912,0,0,0,0
4160.698966,282792.5467,11901.35163,574737.757,0,0,0,0
5865.653799,391938.5518,16778.23395,786189.8353,111.8825799,0,320.037883,0
6849.430983,482199.5046,19592.25301,971259.9089,30.5697116,0,87.4422307,0
4574.675867,283851.0922,13085.48743,581790.9976,0,0,0,0
1749167.887,2562506.066,1762887.782,2946642.47,0,0,0,0
5575.509761,784383.1483,15948.31435,1090618.105,0,0,0,0
5286.423262,630623.2876,15121.40739,833979.8907,0,0,0,0
3130.085348,986769.0696,8953.378405,1641283.021,0,0,0,0
10126.31112,1718542.723,28965.54648,2251738.583,0,0,0,0
717.6301342,122461.1795,2052.720866,168722.5142,0,0,0,0
2290.968389,274059.6929,6553.137823,363953.8007,0,0,0,0
4151.98901,551871.9976,11876.77611,912946.7779,328.8465756,0,940.2910462,0
4764.014503,715134.5905,13627.08344,1252636.343,0,0,0,0
5826.211901,750349.3227,16665.40494,1246689.399,0,0,0,0
5366.114229,606209.2599,15349.35118,1094531.309,0,0,0,0
5136.70022,723696.0223,14693.12742,1394853.902,0,0,0,0
3944.793892,1074569.185,11283.76359,1816008.31,0,0,0,0
2963.817603,316216.1927,8477.772676,429376.2713,242.9667396,0,694.981578,0
1010.846519,121632.1596,2891.637231,188652.3494,85.42875479,0,244.1850307,0
36859.7925,3849574.046,105434.1712,8093891.514,3021.608781,0,8643.267579,0
531.2028222,165853.2694,1519.468093,309969.7378,44.89306218,0,128.4063705,0
3219.918123,254746.3019,9210.560803,486558.8465,271.9445747,0,777.6347961,0
4634.163835,398783.0126,13255.90163,745767.2232,290.5817884,0,830.9460089,0
2404.195623,219375.6468,6877.002169,412537.4859,189.3069916,0,541.5022652,0
3794.608461,384228.52,10854.16667,727034.6901,300.214563,0,858.7391652,0
3425.449269,284703.2021,9797.646513,503945.775,120.4279854,0,345.0422281,0
1656.216183,401117.3322,4737.475017,777624.0314,0,0,0,0
1164554.855,1690755.25,1169867.778,1798874.252,0,0,0,0
580.1856188,86502.34989,1659.580651,133547.8746,0,0,0,0
4581.688495,654236.2778,13105.58053,891326.9006,0,0,0,0
405.2053379,53303.97451,1159.060444,69628.98617,0,0,0,0
294952.3661,1388957.445,547398.5707,2233064.153,0,0,0,0
2260.117479,259032.4135,6464.885203,430145.663,0,0,0,0
2876.763517,592376.7307,8228.758059,961438.9827,0,0,0,0
1840.261572,160018.4758,5263.925562,293452.8589,0,0,0,0
3525.625047,274570.0964,10084.77068,499232.1346,0,0,0,0
2302.469609,786222.8421,6586.017816,1333484.563,0,0,0,0
1958035.132,5190633.642,4171547.565,10923885.96,0,0,0,0
2435.863149,210960.0236,6967.598003,387510.4362,0,0,0,0
3858.828023,455871.4532,11037.86879,769070.4488,0,0,0,0
3559.155054,375422.6748,10180.67392,593830.293,0,0,0,0
1485.655388,196715.1006,4249.595993,280232.1623,0,0,0,0
2329.867647,208323.1149,6664.409608,384437.2818,0,0,0,0
1955925.917,5233740.085,4164608.012,10945799.14,0,0,0,0
2380.285218,123184.6796,6808.628541,220664.5155,0,0,0,0
2215.946727,556601.0997,6338.543443,954634.7135,0,0,0,0
4912.853188,446547.5947,14052.81962,854991.2934,0,0,0,0
4172.480486,377916.6158,11935.03998,702365.4766,0,0,0,0
3242.917016,385556.3523,9276.107226,702203.3043,0,0,0,0
1831.559847,1973369.247,5239.02304,3253517.985,0,0,0,0
1717680.726,6586375.571,3164733.988,10744195.65,0,0,0,0
2077.693048,308372.795,5943.092336,535960.5303,0,0,0,0
1953519.601,5033000.852,4160391.589,10607977.31,0,0,0,0
2470.006565,3929036.493,7065.253274,6430958.643,0,0,0,0
291241.5368,901417.4592,537119.4437,1514867.717,0,0,0,0
4455.373467,3006683.582,12744.24185,4935792.06,0,0,0,0
1712221.68,7367660.371,3151818.688,11966966.17,0,0,0,0
5866.18123,526079.0928,16779.74063,961185.9035,0,0,0,0
4058.535867,326894.9086,11609.11762,594874.2267,0,0,0,0
5587.67547,1624618.609,15983.09978,2679313.716,0,0,0,0
1314.024233,56422.22276,3758.666593,91300.54751,0,0,0,0
1315.335925,519233.0708,3762.424911,850952.2529,0,0,0,0
74397.88167,367640.3848,138813.0833,584472.3266,0,0,0,0
3144.143884,275939.2926,8993.518642,519162.7733,23.99276315,0,68.67880187,0
2148.21488,148759.7385,6144.788657,264269.2585,0,0,0,0
1711066.087,5909040.718,3148755.668,9597773.284,0,0,0,0
1810.610529,177614.9647,5179.101744,330375.4562,0,0,0,0
1449.22893,248966.3671,4145.400713,402618.207,0,0,0,0
3142.641197,272599.8499,8989.28493,476430.7551,0,0,0,0
1249.115136,177257.1437,3572.989276,313270.9229,0,0,0,0
2635.379866,158858.3326,7538.29305,286244.475,0,0,0,0
3368.531393,400903.5773,9635.305943,739300.7367,268.1025583,0,766.9943712,0
2386.201204,207626.465,6825.294878,394754.3921,115.0260156,0,329.2565625,0
3370.239819,345435.3088,9640.306569,661947.8624,238.0801002,0,681.0094465,0
2736.738896,1072151.579,7828.215958,1773775.383,0,0,0,0
4290.862222,1306598.066,12273.66099,2163723.538,0,0,0,0
3913.322576,442533.7535,11193.70612,755539.9586,38.55584963,0,110.3246336,0
1885.979838,205805.9086,5394.708019,324950.01,0,0,0,0
1953992.825,4941163.256,4161325.558,10456475.27,0,0,0,0
698.2278229,442798.03,1997.218797,713410.6824,0,0,0,0
1957.163616,482122.1679,5598.311583,803034.4726,0,0,0,0
1580.826854,201135.7376,4521.827871,300210.7116,0,0,0,0
2062.862518,341151.9691,5900.658901,575002.7361,0,0,0,0
3563.786002,360515.7666,10193.91735,652325.4669,0,0,0,0
1712482.754,5923944.619,3152157.638,9591012.374,0,0,0,0
3034.35169,307256.4112,8679.52146,527140.6555,0,0,0,0
2179.685879,228268.3689,6234.821912,390120.5326,0,0,0,0
293417.3619,997189.6893,543289.0798,1594277.689,0,0,0,0
3160.604083,283402.0929,9040.656894,535806.9534,0,0,0,0
2185.333802,190127.8187,6250.974237,327614.2823,0,0,0,0
1935.970552,217199.0768,5537.691076,387152.8964,0,0,0,0
1504.524699,135143.5298,4303.569309,239098.2108,0,0,0,0
6373.526615,594613.0494,18230.95386,1113429.784,0,0,0,0
3334.682763,259049.4855,9538.609713,480214.7096,0,0,0,0
4240.701754,438237.6397,12130.17904,857644.1572,0,0,0,0
2889.624982,231559.8323,8265.519074,442694.6252,38.60057533,0,110.4387646,0
3916.147721,268527.8663,11201.82688,512201.804,0,0,0,0
6789.04994,1413547.685,19419.53288,2374208.938,0,0,0,0
3498.126821,861525.5665,10006.1165,1448729.841,0,0,0,0
1631.068366,163437.195,4665.542321,303953.0258,0,0,0,0
3202.074588,183780.7817,9159.281702,344227.5415,0,0,0,0
2514.841349,196669.7636,7193.511054,383934.7225,0,0,0,0
2874.894718,235355.7763,8223.404659,458838.372,0,0,0,0
3383.375733,309698.8099,9677.877332,598811.4934,0,0,0,0
2030.939316,202489.3161,5809.354322,330557.7865,0,0,0,0
1819.125613,546802.5121,5203.460965,922513.5979,0,0,0,0
2062.28255,367757.2421,5898.986361,610143.4116,0,0,0,0
2180.814539,190443.4117,6238.038204,363063.6755,0,0,0,0
804.5099986,145184.4763,2301.229892,187595.373,0,0,0,0
4075.585266,333712.9487,11657.88036,655922.0058,0,0,0,0
6817.115163,838922.6181,19499.64391,1673375.053,313.4327453,0,896.7086941,0
8592.016698,717877.5602,24576.78069,1375256.712,0,0,0,0
4751.450857,429082.669,13591.14031,782147.6359,0,0,0,0
6061.921372,687442.5091,17339.41345,1270751.476,276.1354947,0,790.084216,0
2491.234708,1136785.295,7125.969794,1903067.705,0,0,0,0
5258.868558,663823.4186,15042.57798,1193531.426,0,0,0,0
1958754.438,5252677.684,4172802.069,11045290.63,0,0,0,0
3716.434319,390201.9736,10630.55702,732055.5007,0,0,0,0
3945.148346,279596.3215,11284.78208,573204.1398,168.7157131,0,482.5997595,0
6854.273325,754665.9092,19606.08772,1463559.727,276.2500989,0,790.1912822,0
3612.301635,240739.179,10332.78248,474989.4042,140.0440322,0,400.499084,0
1714583.875,5906099.511,3156363.035,9639993.742,0,0,0,0
8297.283942,766157.4332,23733.72177,1456650.833,0,0,0,0
3741.289511,258916.522,10701.65901,455512.7234,0,0,0,0
4597.991293,376218.3516,13152.18442,730734.885,20.05600112,0,57.36536056,0
3342.763038,274692.7563,9560.903497,521285.4059,186.9309532,0,535.5057155,0
3346.368462,245311.0057,9572.702117,482776.8423,177.7755116,0,507.8263169,0
2220.992411,200074.7796,6352.975683,390026.279,84.68946992,0,242.2476279,0
4022.654171,295365.8443,11506.48966,579629.2172,0,0,0,0
4778.561048,328145.1372,13668.69711,656942.705,0,0,0,0
4165.11097,332516.1133,11913.96723,658731.2018,0,0,0,0
296136.5125,2584451.319,551001.4051,4310096.862,0,0,0,0
3507.680414,408611.8781,10033.44979,763190.131,13.52997315,0,38.69418067,0
3942.468857,2053847.138,11277.12523,3406063.985,0,0,0,0
3302.501863,210711.1561,9446.968847,442733.2956,48.08784404,0,137.1801258,0
3017.764803,375990.3912,8632.098788,704114.3229,40.33783779,0,115.3542298,0
1758.824602,166741.9531,5031.053641,337308.3036,102.1727672,846.0878422,292.1697418,1711.54442
2597.936409,172132.2659,7431.188365,355975.3986,0,0,0,0
5022.989267,368778.0188,14367.86261,742054.6428,0,0,0,0
2819.1866,212854.8473,8064.060636,440774.9153,79.65234363,0,227.8392388,0
2743.011803,186941.2813,7846.160138,386671.6689,95.67114803,0,273.659467,0
3630.551005,285050.0829,10383.91998,561213.6573,155.693335,0,446.3349793,0
3675.458298,228281.9019,10513.37195,466835.2074,0,0,0,0
5389.748202,303037.7222,15416.94071,633380.885,0,0,0,0
3223.25425,206041.5529,9219.855201,427194.8173,40.5951342,0,116.1240832,0
3928.396213,233203.9661,11236.86235,485218.7657,25.76005275,0,73.6834119,0
4231.308221,300257.8047,12103.3114,618080.6283,0,0,0,0
4229.243381,1644619.461,12097.50936,2803452.569,175.9586893,0,503.2164968,0
5124.776492,311557.398,14659.02158,647653.2004,0,0,0,0
5229.978468,394263.4035,14959.93447,805321.1537,18.68618431,0,53.45033341,0
4125.141427,280711.376,11799.63491,589453.0677,0,0,0,0
4850.443902,316197.3798,13874.30945,659347.9846,207.0585791,0,592.2746162,0
4845.947004,387261.3934,13861.44969,727478.0879,0,0,0,0
3647.067634,302644.1934,10432.1487,596709.558,0,0,0,0
5235.771747,391821.5652,14976.50213,757207.8905,0,0,0,0
3944.876035,304363.1598,11283.99875,595161.2449,151.5903023,0,433.6117958,0
3430.716811,285624.3321,9814.056169,527177.9149,158.1126513,0,451.527762,0
2061.962373,520538.3061,5898.072371,920207.3608,0,0,0,0
4096.944482,279155.4728,11718.97427,552187.6051,0,0,0,0
3470.878563,250671.0258,9928.170692,503142.5926,124.6168682,0,356.4565906,0
2567.784846,190286.7825,7344.950379,371324.9606,0,0,0,0
4104.038624,337846.7064,11739.26619,669004.5941,169.6686295,0,485.336613,0
5018.123957,2233438.077,14353.94928,3628748.266,0,0,0,0
5298.298532,253094.0793,15155.13141,476282.5179,218.0554592,0,623.9787311,0
5271.489206,383995.9504,15078.66164,771186.648,44.16159265,0,126.3576064,0
4940.164436,356397.8144,14130.99542,736608.506,41.38754991,0,118.3568543,0
4685.331554,394866.953,13402.03819,753667.4998,39.26258806,0,112.3076774,0
8541.784598,533473.9545,24433.13903,1050634.598,71.57926096,0,204.7365144,0
961336.3287,10142268.16,987977.8834,16343597.65,0,0,0,0
11035.8616,1193590.712,31567.2261,2276498.04,0,0,0,0
2710.460801,306385.8394,7753.121864,557617.4307,174.4790636,0,499.0247901,0
683.3003256,84957.31585,1954.532473,143566.991,0,0,0,0
3799.727929,488569.2269,10868.82179,897278.1229,0,0,0,0
8232.030025,1276174.767,23547.0693,2282692.404,0,0,0,0
6594.1116,860371.6799,18861.80454,1699337.423,335.5009129,0,959.7990441,0
297050.9619,1248412.069,552546.453,2203701.803,0,0,0,0
5168.817725,1015474.332,14784.98568,1921680.03,0,0,0,0
2137.822957,1337134.026,6115.071096,2180620.657,0,0,0,0
1393.734653,122910.0569,3986.671654,228713.4791,0,0,0,0
463.2069576,46174.75967,1324.967333,93813.56753,0,0,0,0
5002.773731,1774895.633,14310.03357,3021027.607,0,0,0,0
1497916.714,6198614.637,3193147.62,12081711.75,0,0,0,0
1775.571443,274622.9042,5078.878089,456248.0782,0,0,0,0
2259.755991,283644.7692,6463.85234,464246.0984,0,0,0,0
3213.73274,726416.231,9192.631188,1237055.477,0,0,0,0
2312.823035,294646.6982,6615.641534,540665.4421,0,0,0,0
2147.499903,188930.3969,6142.758771,367656.8342,0,0,0,0
1680.632065,236169.573,4807.324645,426660.038,0,0,0,0
2363.148976,287622.2235,6759.594214,522931.325,0,0,0,0
2610.769769,291334.6137,7467.904543,530466.3994,0,0,0,0
2004423.287,5646972.083,4122230.413,11018123.19,0,0,0,0
1531.322821,192648.3565,4380.224805,354258.2852,0,0,0,0
545.3206527,61333.38172,1559.84685,107010.5607,0,0,0,0
193.3773317,258170.312,553.1351233,474482.2683,0,0,0,0
3432.621121,308229.8081,9818.734201,552771.5736,0,0,0,0
1127.622773,201690.2852,3225.47426,354601.8536,0,0,0,0
1062.683668,182599.8001,3039.714074,335722.8341,0,0,0,0
1944.774663,315420.1179,5562.87551,582307.249,0,0,0,0
2384.033148,346819.0125,6819.331729,649821.1518,0,0,0,0
1074.746858,182985.8773,3074.233148,331296.9146,0,0,0,0
2078.42914,424875.7413,5945.176304,740866.3398,0,0,0,0
3099.900911,551940.0527,8867.023767,972952.1744,0,0,0,0
2721.599709,298194.7218,7784.922861,553025.318,0,0,0,0
2463.072767,261920.814,7045.436985,499999.1134,0,0,0,0
3868.876922,220048.4601,11066.62573,426225.0961,0,0,0,0
6297.59926,831737.7301,18013.78274,1552901.81,0,0,0,0
3096.193692,247429.8379,8856.410306,488171.6569,0,0,0,0
1492469.507,4126611.53,3179630.426,8638965.088,0,0,0,0
1678.567994,145310.8322,4801.414673,284823.6964,0,0,0,0
2755.160714,409567.5439,7880.925654,741081.5532,0,0,0,0
5779.738261,886932.1022,16532.48337,1614434.865,0,0,0,0
3324.421063,469386.2755,9509.245894,867081.5585,17.19223777,0,49.17234392,0
1493438.421,3803004.221,3180492.794,8061482.304,0,0,0,0
1841.689469,612404.5425,5267.999252,1008534.452,0,0,0,0
4439.246434,2468430.037,12698.11439,4120609.219,0,0,0,0
1684.420942,367929.856,4818.275385,654205.7225,257.2647541,0,735.7609379,0
680411.7307,1265809.514,684199.0566,1354565.27,182892.7824,11080.66221,183884.3001,11284.04268
3036.830938,293744.8648,8686.606945,575874.2027,502.8426682,6712.212715,1438.340396,11836.759
6620.579018,901027.0744,18937.63619,1657119.209,39.38432419,0,112.6470379,0
4399.131962,806395.6418,12583.54106,1447875.624,90.03952415,0,257.3755087,0
6601.804589,475277.1192,18883.93685,958839.4204,549.9715322,0,1573.14916,0
3828.040822,396114.4647,10949.79699,806286.5403,240.3857311,0,687.6072255,0
4267.219659,363792.7027,12207.10311,733495.6134,360.4471529,0,1029.962717,0
2921.796795,381073.8992,8357.568332,732743.5395,454.3398879,3589.901095,1299.603267,6902.7998
3571.094832,337386.6532,10217.70816,676635.2603,679.6947372,10461.0232,1941.342087,20979.77821
4116.009955,412259.0497,11773.49826,800544.1118,162.7251276,0,465.4828725,0
6632.095272,662434.1519,18970.69858,1187608.638,364.0026915,0,1041.086389,0
3432.435437,534872.9327,9818.240706,992734.3765,634.4141138,0,1814.678953,0
2717.973824,280827.2464,7774.440499,527627.8297,607.7756529,3219.383021,1738.615837,6048.686864
4058.282218,385920.8749,11608.39646,752988.4171,989.9239399,18684.73763,2831.599416,36456.67266
5054.268901,504109.9468,14457.70958,1023906.765,1243.309723,0,3555.960786,0
1468.045885,194321.111,4200.260503,383507.7619,283.8155777,0,810.7942563,0
2037.051055,192084.51,5825.937893,376968.8592,636.8674332,27264.31159,1822.461684,53490.52513
5289.47531,431598.1263,15130.11629,861930.6147,19.43322301,0,55.58760674,0
3548.22088,596455.7423,10149.44816,1091753.253,322.8769447,0,923.5113921,0
2519.149912,256223.4114,7205.830546,480775.3667,0,0,0,0
2467.285093,116917.8481,7057.463083,237229.6083,0,0,0,0
4370.057356,398197.0348,12494.17683,789843.2049,215.4351805,0,622.1265052,0
2829.128799,188508.9074,8092.490701,391249.9666,0,0,0,0
1619.063305,126793.8559,4631.20175,257509.1049,0,0,0,0
4932.097295,442404.0488,14107.87712,872520.5965,0,0,0,0
4102.37757,330335.3241,11734.52824,656586.8252,0,0,0,0
4291.623467,269892.0009,12275.84908,555941.241,0,0,0,0
5232.685386,470804.4873,14967.68049,884972.5071,0,0,0,0
3305.833237,773390.4733,9456.07289,1335645.545,0,0,0,0
3999.689893,382671.876,11440.79202,720729.9581,0,0,0,0
2581.746261,2627732.106,7384.876303,4342584.652,0,0,0,0
2180.304248,175591.0956,6236.592467,350430.5691,0,0,0,0
2379.259075,269371.5995,6805.676484,501811.0367,0,0,0,0
2176.235643,206367.8543,6224.95495,420602.1746,0,0,0,0
3642.436352,490460.6812,10418.90042,881934.6203,0,0,0,0
3446.45587,294191.7396,9858.320465,560012.0737,0,0,0,0
2000725.884,5842970.757,4116407.841,11505059.88,0,0,0,0
4462.138127,646911.2934,12762.99887,1175946.139,234.8999006,8721.038746,672.507225,15862.65457
3836.457959,388682.29,10973.88107,767821.4086,0,0,0,0
3239.759297,253491.2297,9267.067154,517371.8553,0,0,0,0
2208.871128,276164.8897,6318.308606,518588.0371,0,0,0,0
2253.306898,184627.2947,6445.392607,368962.5165,0,0,0,0
1742.254111,130690.0907,4983.582586,258790.4164,0,0,0,0
1642.513331,129874.3552,4698.287442,256933.3689,0,0,0,0
1194.187167,196298.7526,3415.875102,346447.1532,0,0,0,0
1147.185424,105214.9424,3281.434586,204358.3286,0,0,0,0
7647.974207,692214.4025,21876.57848,1363509.537,447.036198,0,1278.549896,0
4825.50555,490109.0297,13802.94989,927242.495,729.6216201,0,2087.045449,0
8270.090146,600253.7943,23655.93355,1218424.898,75.56315077,0,216.1423687,0
658.5360168,58537.06364,1883.69465,115861.4147,0,0,0,0
10224.19401,323259.3303,24114.82091,645770.9741,1386.76629,0,3274.248215,0
10447.76829,248852.8895,24815.50915,438771.2039,2495.537526,0,5927.339577,0
8289.044186,400891.4205,20070.20173,742641.9295,4573.448929,44579.9811,11073.56612,84734.51668
21506.6437,253683.0063,49574.69793,482879.5581,2920.116637,0,6506.495301,0
11865.7259,962946.9734,29089.6312,1871717.424,2830.848252,0,6948.303626,0
10498.50088,356226.4264,23829.60853,684956.4465,5792.508344,40644.99037,13147.89681,78152.67512
34027.69691,1234424.876,77081.00611,2475884.736,0,0,0,0
59546.43249,1134896.607,134719.3818,2283128.434,0,0,0,0
41559.88721,928606.5435,94106.45552,1823010.624,3366.110291,0,7622.078154,0
6930.755922,427179.5927,16714.22628,807197.9071,0,0,0,0
10662.89898,174375.2994,24884.48049,371885.068,0,0,0,0
13223.54252,148691.7247,30669.3053,299251.5526,0,0,0,0
4205.842061,221605.4412,9509.589356,352470.2737,1015.511199,0,2296.123249,0
13109.07519,527200.615,29653.23677,1036382.016,0,0,0,0
24860.71111,580838.3364,56365.41991,1143335.392,0,0,0,0
16957.51478,297309.1438,38597.19697,622691.7541,0,0,0,0
7984.011529,131177.1694,18022.54088,274868.8377,0,0,0,0
33921.02476,620672.7161,77376.43365,1286353.602,0,0,0,0
12287.81851,311183.1124,28449.04138,589462.9155,7847.69865,27464.07363,18162.8171,50708.52325
5865.786052,4860741.29,14106.22659,7984849.683,1401.084035,0,3367.493153,0
35345.52135,642417.343,79959.22069,1313562.419,0,0,0,0
30546.08056,1009367.389,69306.99689,1859692.625,0,0,0,0
2156.198122,50497.74423,4858.391713,101193.8398,1428.808861,4325.196182,3218.672679,8955.183107
13236.96095,307707.6696,30595.91623,619511.8739,0,0,0,0
1732.235708,530058.4677,4266.670743,884755.2528,0,0,0,0
5797.662388,262795.1712,13992.89501,464702.1494,0,0,0,0
5023.452808,202283.9987,12499.67061,365175.102,0,0,0,0
2394.85353,48237.33932,5416.001265,89279.11759,0,0,0,0
33732.59685,604541.147,76813.18339,1276502.119,0,0,0,0
36819.58236,586442.7551,83156.0419,1223248.76,0,0,0,0
10957.79991,191885.3623,24858.82554,388432.6127,0,0,0,0
20243.08573,515568.3249,45790.73834,1002257.17,0,0,0,0
28797.52095,543934.5038,65770.77801,1136143.615,0,0,0,0
39502.26338,879084.7865,90090.29212,1742494.426,0,0,0,0
27381.20482,484342.8015,62261.63114,1005625.374,0,0,0,0
3190.70688,207027.7854,8212.86513,396616.1939,0,0,0,0
11233.18681,385624.1443,26061.80458,729364.5831,0,0,0,0
4431.010211,54620.335,10255.40272,115798.8061,0,0,0,0
23678.42255,383276.4642,53849.05872,808430.3474,0,0,0,0
31751.96307,660434.4442,71815.14179,1301819.25,0,0,0,0
32893.49322,616945.1436,74772.11015,1249942.811,0,0,0,0
23307.44233,507843.7404,53153.15035,999258.7078,0,0,0,0
15925.34878,237620.835,35871.62412,500315.5588,0,0,0,0
22534.04046,340386.2433,50983.18715,720529.9187,0,0,0,0
11869.76831,205142.6071,26728.15681,420949.0832,0,0,0,0
21427.36176,694051.5427,49005.43852,1326244.6,0,0,0,0
30416.26644,520332.4202,69435.01114,1092907.846,0,0,0,0
1059118.54,1934725.698,1086320.961,2388374.701,121772.8621,0,124503.0175,0
5033.996237,104748.7837,11382.20492,186760.2166,1052.582188,0,2378.962407,0
7563.180143,206563.4844,17150.55374,430952.2945,2550.155159,11389.71667,5782.583927,23762.30506
23212.06311,576014.5114,52839.53637,1200737.08,2676.94588,0,6093.752998,0
16016.0306,403520.3612,36414.70767,845945.1805,5400.353519,22249.73401,12253.70269,46644.62332
18310.55283,368516.9689,41735.58217,765671.4301,7472.314672,40984.74987,17038.16526,85154.63655
35024.48656,650207.524,79341.99629,1348222.56,0,0,0,0
20536.82775,498577.7488,46472.76945,1036281.235,6244.418456,0,14137.18282,0
21409.96751,646845.4057,48571.07152,1274563.274,0,0,0,0
13825.47661,351960.9028,32903.23891,696079.689,2104.903891,0,5009.402084,0
21594.74959,696151.7305,48758.26219,1366464.923,3287.701909,0,7423.357523,0
9712.711095,231442.2148,22161.89162,483968.1996,4197.318718,32977.06189,9577.186211,69089.62076
28108.19353,490466.6258,63690.99449,1020765.88,0,0,0,0
20305.87608,443099.4676,46356.14619,915800.8453,4911.712248,40738.08295,11212.79911,84197.25267
12287.40243,395471.651,27801.92725,736899.5389,1275.99998,0,2887.124341,0
31824.21899,645815.6491,71961.01404,1298739.293,0,0,0,0
22908.02251,870640.1448,51919.96749,1559256.501,0,0,0,0
5411.549164,137152.4429,12373.98512,273590.4276,2723.618223,17643.15464,6227.206091,35194.40211
13900.90678,306006.8522,31738.21415,623631.5568,0,0,0,0
2148.994988,37545.20395,4840.147543,74090.50373,0,0,0,0
21398.30633,351428.5399,48367.58852,727282.8583,0,0,0,0
15291.38621,308981.4698,34521.82274,603546.3964,0,0,0,0
13811.95984,214341.9006,31563.64882,434753.3714,1823.940091,0,4168.141607,0
16735.80782,500876.9865,38518.64459,1004141.621,4660.47431,0,10735.2858,0
16240.30505,361153.5732,37021.95953,753875.7897,5182.946562,4504.931643,11815.26381,9407.670951
26369.58701,989920.6775,59998.05382,1816050.476,0,0,0,0
38345.58511,697823.9135,86599.22774,1388790.472,0,0,0,0
17704.77982,413419.3169,40249.01482,875143.041,6224.206743,0,14156.86439,0
4857.735091,330446.8456,11410.68107,564532.474,0,0,0,0
18604.74042,561931.2922,42749.07878,1072725.97,0,0,0,0
26758.88848,426706.1415,60608.89955,856990.9639,0,0,0,0
16901.46137,393517.9834,38302.48438,740185.834,0,0,0,0
20376.86904,331028.87,46244.68715,677611.1872,0,0,0,0
7788.177404,343688.4505,17763.18862,633519.375,0,0,0,0
10003.62144,191180.5142,22720.14551,388876.1201,0,0,0,0
12998.71258,206775.6471,29363.28925,431179.9765,0,0,0,0
8209.365813,119448.3352,18539.58523,246384.1929,0,0,0,0
13912.72965,316756.3896,31527.54687,612389.3728,0,0,0,0
11581.60665,265971.3111,26442.34945,538019.6677,0,0,0,0
18198.524,396797.168,41372.85775,811057.6335,0,0,0,0
15274.00943,392710.5383,35081.49701,745960.8356,0,0,0,0
28660.69685,862618.5993,65256.60714,1648922.355,0,0,0,0
19553.84021,543223.993,44125.09153,1020998.823,0,0,0,0
7326.377982,126919.6629,16548.58468,265639.8933,0,0,0,0
21504.49645,509182.0028,48688.63148,986178.0445,0,0,0,0
8157.785192,125492.6092,18409.08969,262594.8806,0,0,0,0
20250.67345,577301.467,45988.34821,1090395.881,0,0,0,0
11697.19286,204415.6116,26485.42962,423960.5939,0,0,0,0
10659.89684,224585.1524,24289.46133,432821.8473,0,0,0,0
18358.89467,461279.9866,41382.9465,869678.0902,0,0,0,0
12833.16584,319598.7536,30259.61841,595812.6363,0,0,0,0
10717.15327,360323.5771,24137.26215,656425.2823,0,0,0,0
26341.54828,406959.1967,59488.77499,844561.4577,0,0,0,0
15049.65949,281863.4054,34143.0764,591611.8606,0,0,0,0
23669.5878,439306.3314,53762.52841,897890.0458,0,0,0,0
12822.20513,219038.3632,28903.25058,447937.7164,0,0,0,0
10494.66712,161944.6359,23718.99449,336585.2815,0,0,0,0
8904.00744,163263.1012,20191.31586,344506.816,0,0,0,0
11757.65322,260786.5407,26574.49215,545233.8636,0,0,0,0
5572.37967,232669.6752,12999.00359,443598.4225,4256.043757,50369.20577,9147.827884,95949.1746
9385.873829,152912.2453,21140.69384,316696.2402,0,0,0,0
17174.72695,295729.1051,39057.49189,620601.1203,0,0,0,0
13403.03929,3453783.72,31437.17416,5665354.019,0,0,0,0
28165.7908,803447.5334,63953.50777,1530516.391,0,0,0,0
36012.84041,968962.4425,81884.69113,1842060.276,0,0,0,0
10805.01022,1631385.02,24895.79002,2686452.237,0,0,0,0
32422.89476,744141.295,73881.83513,1471745.761,0,0,0,0
9378.561539,184795.3919,21579.67452,380245.1651,0,0,0,0
11031.28775,150038.5688,24912.76768,300446.3748,0,0,0,0
10914.01968,220617.5585,24672.1334,449629.5958,0,0,0,0
8886.319068,144491.2076,20136.73841,289168.9703,0,0,0,0
11328.56723,165939.9879,25533.33903,333238.8129,0,0,0,0
5702.631531,197048.6088,12845.43262,352683.1525,0,0,0,0
17152.38307,274417.6853,38668.71542,563546.7174,0,0,0,0
16463.69553,412972.595,37416.20486,815774.18,0,0,0,0
9600.554993,1023999.546,27395.0184,2227668.413,1858.737978,5795.778173,5303.876823,12608.47431
1892010.095,9990548.404,2034751.601,18823057.26,105331.9362,11198.35222,113375.2842,21098.66411
14850.22116,1424989.767,42338.18091,3091049.221,2875.111917,8065.359619,8196.982868,17495.15972
15225.84598,1125668.777,43366.72503,2365710.364,849.0149244,1261.756106,2418.190543,2651.712082
22820.95647,1982623.292,65082.13393,4177968.068,1272.529136,2222.311834,3629.072767,4683.062041
7530.081615,1337680.306,21446.10408,2512464.554,8.014722124,0,22.82638803,0
13387.87966,1584020.875,38099.484,3200507.83,55.17458301,0,157.0168837,0
9748.25583,1579795.31,27732.87433,3198576.178,65.96035435,0,187.651027,0
5937.216171,795709.3932,16836.52287,1308434.96,54.23637317,0,153.8013626,0
5550.856978,439460.9854,15741.8177,895191.3906,0,0,0,0
10149.02483,910473.3415,28852.78061,1736068.261,0,0,0,0
2623.275418,247971.9551,7483.7558,519506.7489,0,0,0,0
2437.906385,266913.7708,6952.015834,524268.7854,0,0,0,0
1871.736778,3521907.587,5314.467972,5741332.514,0,0,0,0
1268.730125,98225.1483,3600.776421,201186.3645,0,0,0,0
1585.160786,123135.5292,4496.237468,251085.0913,0,0,0,0
1982.276793,307635.3102,5626.079085,554806.4715,0,0,0,0
1119.055172,96829.25839,3175.59843,191004.4623,0,0,0,0
1579.802761,451295.8503,4481.426964,782155.5771,0,0,0,0
2645.86306,311588.5737,7522.517231,616629.9409,0,0,0,0
1612.799895,306216.6742,4579.542967,550408.5962,0,0,0,0
7462.966633,857843.5568,21285.82063,1864475.382,2450.227678,30621.9926,6991.601002,66555.20216
9058.527345,1099757.566,25861.00542,2381640.347,3116.474318,26073.01138,8896.790942,56463.84055
7772.039802,956638.6961,22167.30463,1992534.364,2673.860701,22679.95454,7596.068662,47238.93041
17096.12577,2866251.238,48793.39957,5934930.813,5420.411108,30007.28609,15470.18831,62133.82989
21583.48875,1846349.706,61462.90999,3579244.801,289.3430593,0,823.9569894,0
942.7913821,205059.9718,2687.396466,437916.9095,309.6222909,7319.916652,881.1168075,15632.09079
8759.829132,1063146.081,24991.61717,2017515.52,101.2409947,12458.1406,288.8422625,23641.61657
1485.82435,323122.1768,4225.328028,599869.2439,19.9186039,0,56.64373135,0
5960.495033,391865.6785,16922.05154,713742.2479,68.89423041,4591.953831,195.5878851,8363.762456
4638.928699,702995.3005,13234.78929,1388261.988,3059.654151,327869.477,8726.255844,647485.916
2444.043987,284052.3651,6930.193658,583951.2499,1372.579624,59126.24972,3891.401466,121550.9944
450.5047225,923308.0239,1276.805201,1590722.332,452.135604,485089.261,1285.07405,835736.6129
4870.97021,494947.3078,13872.08296,1043786.937,435.646084,0,1240.680677,0
6781.503033,720390.5058,19381.05113,1617516.783,605.6111934,0,1733.387531,0
854.8854717,133344.0595,2431.200065,281777.8645,1275.509101,67330.71459,3631.77672,142273.4705
9648.906575,827549.3768,27512.397,1777869.287,1751.081396,107295.8314,4997.048274,230509.4639
8074.216003,700220.659,23003.89285,1512876.86,1466.519189,90787.03924,4178.195167,196151.8974
5584.636932,602396.0374,15930.39971,1287270.958,499.4744589,0,1424.758217,0
149.2463279,16495.35984,424.1516451,33676.25209,132.0011389,7762.327686,374.4519266,15859.89773
10373.88777,1029521.52,29544.11447,2051043.77,62.79489055,6328.458855,178.8355027,12607.74627
38628.85362,2672209.56,109828.8666,5269485.72,233.8106443,16426.04639,664.8126345,32391.4779
18739.46671,1586467.457,53336.77579,3118297.856,111.3114057,9620.312856,316.8175264,18909.30748
6528.597031,846664.316,18549.99516,1407491.611,23.53867086,0,66.88147982,0
4523.828269,350623.9947,12857.74248,776934.4998,0,0,0,0
6836.007192,565892.2399,19456.64356,1152933.603,851.5189658,2999.850889,2423.593267,6111.815375
1599.017456,287227.2742,4549.434751,581421.4303,2.987883552,632.0420214,8.500958645,1279.67147
9061.598216,721380.278,25745.23603,1469928.703,16.93227311,1587.711963,48.10689652,3235.219283
4822.860294,532551.7367,13693.05442,1051301.008,2523.800365,108035.2507,7161.585763,212452.5867
5378.01388,457386.9979,15274.46037,909352.3492,48.65014491,0,138.1470432,0
6519.268697,608352.5883,18521.18411,1298779.659,0,0,0,0
2873.184791,369898.2656,8155.339666,665682.4809,0,0,0,0
2008.782277,253998.2171,5732.724254,553146.0281,641.1674309,34005.3955,1830.431403,74055.43891
2931.57842,294799.5032,8368.482669,646545.7261,936.0320584,39467.89001,2672.016444,86559.83247
810.2439284,164258.8933,2303.468471,341488.2369,741.1393746,35250.42673,2105.836097,73284.34906
1464.51926,5658577.81,4173.350593,9237018.29,974.6364686,1565095.063,2764.208046,2555050.347
3387.118532,435972.0692,9629.922284,939677.5988,1169.75718,37283.70003,3324.030551,80359.86751
2297.079692,269337.4482,6533.25335,600074.4162,1618.793807,82349.57903,4605.452689,183467.4288
8054.498545,995339.2217,22886.39707,1998679.659,901.2687236,60982.98048,2561.107559,122456.1838
4980.20322,499689.2592,14149.91808,1078589.23,2329.468188,123266.5723,6618.871313,265802.0921
4098.157682,498847.2127,11662.23785,1021774.697,456.0773689,0,1297.87167,0
3424622.154,4879321.136,3444009.304,5528778.933,0,0,0,0
7097.405882,607774.9972,20173.8837,1251669.937,0,0,0,0
7869.162026,556186.4936,22366.10677,1199786.963,0,0,0,0
6209.276022,473227.1781,17645.73701,990737.448,537.5398396,0,1527.68535,0
5283.846094,351899.9473,14997.78761,747757.2494,0,0,0,0
3932.361735,433022.0588,11243.21316,926636.5173,0,0,0,0
1242.399359,142880.0937,3523.728705,244591.4233,0,0,0,0
10297.82573,900414.3792,29208.40009,1789766.046,0,0,0,0
3005.832202,211858.1341,8528.085609,424097.0538,0,0,0,0
4065.997672,297534.8484,11547.25885,623217.1704,0,0,0,0
2751.094566,1196626.516,7812.623988,2043156.994,0,0,0,0
2272.986157,391028.2794,6450.010541,708418.4142,0,0,0,0
4774.330873,616995.2043,13572.71852,1115533.792,0,0,0,0
14401.95113,1149429.401,40975.03855,2332763.101,0,0,0,0
3099883.385,4814790.912,3116671.039,5328948.508,100324.0334,88905.94103,100867.3459,98399.94933
10563.36923,754452.2111,29965.02403,1558321.348,0,0,0,0
6053.996616,513410.0788,17177.33003,1040717.091,0,0,0,0
2811.008673,1334427.811,7971.062396,2237295.425,0,0,0,0
2447.43707,247199.6472,6979.099083,518470.7252,0,0,0,0
3188.431546,271929.3643,9053.720665,511573.7581,0,0,0,0
2108.138502,147234.985,5984.262151,306355.7866,0,0,0,0
3466.361347,253722.9377,9851.000734,542833.2646,0,0,0,0
4691.236051,344508.6124,13326.49144,724377.3827,0,0,0,0
1267.698596,85448.77762,3598.610532,182121.1431,0,0,0,0
920.2380591,1676810.234,2614.133236,2747380.3,0,0,0,0
4980.150462,368033.0965,14166.32972,784075.151,0,0,0,0
1418.74266,155628.9048,4050.694273,338262.7131,735.3451893,46780.40907,2099.541477,101678.2076
4485.506313,363035.4888,12758.34542,772605.0371,0,0,0,0
1284.943669,93581.17777,3650.539463,199577.01,0,0,0,0
7636.240236,572984.6827,21744.86621,1232780.988,0,0,0,0
861.8516152,196277.7101,2458.362214,272073.8764,0,0,0,0
3877.99746,589335.0244,11006.81578,1092865.151,0,0,0,0
3402.899911,227955.5872,9663.311249,492217.7367,0,0,0,0
1674.029908,113963.4513,4753.660874,244498.228,0,0,0,0
1935.215966,443281.259,5494.721861,778956.1676,8.260145428,0,23.45160372,0
2880.454904,227709.8769,8174.498131,472209.5168,0,0,0,0
3183.362383,716351.7151,9072.350307,1297121.225,1089.997059,91488.91486,3106.412015,165661.9379
2123.480084,293640.273,6031.065149,536029.5955,41.10242857,0,116.6932189,0
2875.859156,209631.4976,8167.837251,412404.4932,0,0,0,0
5339.525605,2456392.903,15170.21701,4182456.726,0,0,0,0
6153.037571,671786.8926,17475.90033,1201044.916,38.22909018,0,105.4517798,0
4858.672187,1152942.228,13790.25396,1990106.653,0,0,0,0
2985.862415,233936.3647,8466.028801,437740.4852,0,0,0,0
2121.446018,156292.532,6021.143913,326474.4545,0,0,0,0
616.0231104,49299.78131,1747.93234,98139.20617,0,0,0,0
612.7436831,55372.4739,1740.464764,112200.6638,0,0,0,0
6229.128159,3188165.864,17675.27764,5314588.186,0,0,0,0
1922.351281,147969.0207,5458.048089,290409.991,0,0,0,0
66965.15016,6197014.015,190638.0963,11135087.38,0,0,0,0
19931.0164,2429344.341,56677.1203,4562493.086,6135.424824,36244.92488,17451.11768,68070.72032
4163.777201,368402.5915,11872.9739,764433.5201,0,0,0,0
8704.560702,684956.1499,24791.74039,1449566.474,0,0,0,0
4622.79132,368677.2293,13155.60632,780865.538,0,0,0,0
8618.278073,1371517.128,24558.45913,2631674.664,0,0,0,0
4744.116769,375861.464,13510.22248,796027.8151,0,0,0,3.97904E-13
4570.678365,312731.6801,13005.56211,692003.9432,0,0,0,0
4223.183843,371290.2949,12017.46199,766975.5263,2402.111861,149593.9128,6835.710594,309016.6146
11747.27916,950968.446,33476.41427,2034983.674,0,0,0,0
1566.888009,1489746.515,4451.154042,2445530.888,0,0,0,0
1547.574227,789962.1355,4391.059513,1324229.983,0,0,0,0
2613.175674,210258.2372,7416.442224,396999.2114,0,0,0,0
2261.514408,261774.4157,6420.064875,512702.8117,0,0,0,0
4473.826221,651359.2749,12709.62278,1211770.111,0,0,0,0
6030.232954,296507.1619,14854.41384,604038.9399,0,0,0,0
12405.16327,354152.8637,29403.81658,677185.2456,6515.824813,31120.27106,15435.17046,61825.15152
24019.49377,423656.2971,55141.16871,851268.2742,0,0,0,0
28989.39348,537190.8935,68903.32615,1105130.305,0,0,0,0
13464.9144,512006.821,30559.81782,1052460.688,0,0,0,0
11193.60062,189077.4466,25353.37587,383345.7472,2784.298198,3408.847686,6306.403195,6911.280465
30932.52437,777505.9762,69834.27879,1454310.765,0,0,0,0
16676.31617,557780.1394,37632.04985,1017499.301,0,0,0,0
14600.13701,367976.9899,32998.61767,745582.4767,3044.071275,0,6875.307447,0
16128.84978,500555.4769,36452.30569,917365.6267,0,0,0,0
25813.66874,691219.5003,58791.2802,1356449.028,7357.249316,27999.22417,16694.00923,54945.67269
31916.82101,1957725.198,72291.43057,3457885.966,9293.920743,73392.31536,21050.68126,129631.1952
1562.767853,152788.552,3874.504268,279772.437,808.842094,31263.40634,2003.330697,57246.69334
7256.624316,307788.7124,17099.32056,589904.2432,4338.327494,57797.86234,10227.34943,106327.4437
7993.004133,414584.4796,18669.49967,709278.0551,6439.237422,135626.9731,15067.01204,231734.0035
6624.236921,3776507.109,15391.37832,6094015.02,3960.05329,680809.4797,9209.880903,1144360.619
13552.50644,373836.9832,30890.5884,766800.0083,10944.28567,122296.8561,24922.33318,250850.5967
11540.16117,235326.9095,26064.27552,501121.2626,4059.839544,20946.41379,9173.137075,44604.73027
16412.31341,494811.232,37007.98777,951802.107,4903.001795,14155.61805,11063.32794,28205.99871
16299.37717,414015.7673,36896.61665,797695.7763,1231.280582,0,2723.885548,0
22823.53844,441290.1373,51526.27502,872868.5057,0,0,0,0
12530.45632,166080.1209,28314.93345,345547.307,0,0,0,0
3264.177757,103007.3317,8271.456155,220479.8451,0,0,0,0
1691.18484,47117.00296,3932.856599,87153.46727,0,0,0,0
1878.112618,85799.49767,4836.736953,157129.306,0,0,0,0
9990.214952,211538.8209,23237.50771,425132.8836,0,0,0,0
5943.043225,89225.70772,13414.95896,183186.3183,0,0,0,0
17708.41873,309629.0435,40189.93837,618564.9235,0,0,0,0
11502.26261,187328.5219,26088.27318,394378.8582,0,0,0,0
15595.24718,270922.1382,35448.78821,534700.7217,0,0,0,0
28362.30371,386337.3963,64197.1241,821186.6605,0,0,0,0
14591.57151,495338.9127,33224.66712,905135.2193,0,0,0,0
14393.0309,208290.7378,32452.42268,431709.7138,0,0,0,0
10661.9344,131162.6989,24080.07152,275513.7091,0,0,0,0
10198.37443,134863.9926,22987.29368,288238.8044,0,0,0,0
9117.196803,124840.511,20563.22412,259711.5183,0,0,0,0
14310.9591,480077.8326,32420.71519,892658.8935,0,0,0,0
11991.53982,297729.1707,27134.70255,563268.7659,0,0,0,0
15549.37511,189040.6539,35287.18205,397157.7174,0,0,0,0
23477.57336,81020.89039,52941.04344,155507.7211,0,0,0,0
6398.450405,1006470.173,15569.03449,1693892.352,0,0,0,0
9228.679242,474115.5218,21081.30091,975032.0762,0,0,0,0
15832.14073,225026.2159,35734.40135,487824.2292,0,0,0,0
36603.32253,2870833.447,82930.01124,5045371.971,0,0,0,0
8813.532171,218683.6962,20005.23174,426385.3356,0,0,0,0
32777.36792,482158.1263,74475.73366,1019066.919,0,0,0,0
1506.85566,91150.98134,4119.892789,173380.0729,975.890337,40286.1672,2670.027559,76624.76053
7375.174517,221822.1122,16911.09015,405725.6992,4773.298861,98078.75819,10941.37063,179391.0832
437604.2968,1695510.2,442875.0342,2360139.419,279552.0327,664865.6907,282847.3751,926041.0065
22216.78029,549162.2844,50347.21638,1089277.926,9753.840964,27912.09563,22094.00981,55489.27973
230068.8227,8388986.722,424599.868,13584682.64,114898.598,2225750.364,212067.8722,3604187.651
15627.20242,361715.3866,35501.71354,764644.3561,0,0,0,0
13617.48965,542484.049,30746.37714,980141.5077,0,0,0,0
2893.642149,116827.0367,6637.550276,229476.4439,726.0995316,7541.279539,1668.233619,14812.88972
910775.1017,2083460.59,937176.7065,2736002.685,547318.538,503206.9733,563095.7112,660811.9379
14612.07258,266581.8787,33152.53263,564600.9184,4024.720191,10208.87755,9137.97036,21621.65587
31751.38673,736044.942,72065.20186,1502965.748,16638.86429,133964.5495,37760.32485,273548.6895
23057.25673,395426.7154,52274.25669,839887.8873,5627.146726,13318.12192,12764.0219,28287.74295
17937.6386,1753536.759,41457.91081,2936480.455,0,0,0,0
19562.41196,421787.8371,44380.88015,884177.4436,0,0,0,0
16199.46996,1426652.619,36743.9945,2406627.416,0,0,0,0
38188.77543,1386635.948,87094.63656,2553606.594,0,0,0,0
61237.90563,1028043.847,139072.4949,2157770.991,0,0,0,0
19796.02029,346351.0022,46284.87949,700808.8819,0,0,0,0
12668.28213,191834.4423,28889.15397,410329.6198,0,0,0,0
27992.6511,390934.7602,63409.27724,832376.0406,0,0,0,0
30868.41601,662334.6809,70150.85463,1337750.068,1141.200863,0,2593.466922,0
47840.31001,2016696.519,108530.4981,3659225.9,5118.773933,33691.80612,11612.55727,61132.61385
19133.63035,845933.105,43540.32041,1527830.039,0,0,0,0
38554.51477,1241344.062,87762.45706,2284168.705,0,0,0,0
13187.79833,385944.7929,30079.61969,602132.8116,0,0,0,0
10984.7143,575009.1799,24926.44018,880485.9447,0,0,0,0
15545.48589,626264.9618,35262.0284,1073018.674,0,0,0,0
11699.80563,219091.5479,26450.16335,401401.3252,0,0,0,0
7491.943251,121392.4818,16913.83991,247777.2329,0,0,0,0
7469.783598,206724.3285,16883.68111,392825.5954,0,0,0,0
8333.188083,103906.7072,18797.02889,219813.7468,0,0,0,0
14532.01849,184839.4708,32758.25075,395273.2333,0,0,0,0
9132.854923,129726.5932,20588.82177,260052.9826,0,0,0,0
16403.31959,259705.1594,37029.1777,539927.6636,0,0,0,0
17911.97786,327786.8711,40583.65147,627713.3162,360.6257111,0,817.1774989,0
17928.45831,353530.149,40754.81592,619048.0446,0,0,0,0
20990.47753,1931768.674,47776.57019,3299399.748,0,0,0,0
19968.6481,269322.454,45275.40418,532994.3952,0,0,0,0
16656.18742,255316.5422,37665.19496,521778.9729,0,0,0,0
11353.13502,238649.9943,25798.30933,447216.5327,0,0,0,0
11103.41582,340359.7966,25148.41669,631906.6135,0,0,0,0
11551.87159,298373.7557,26388.03466,561372.6479,0,0,0,0
29934.87383,501980.1756,67682.29346,1010402.846,0,0,0,0
16241.05168,260639.3904,36616.85607,489157.1208,0,0,0,0
8784.165839,132175.4807,19814.1027,281777.7548,0,0,0,0
6948.656878,90345.2328,15698.62741,189819.2869,0,0,0,0
10782.66063,142392.693,24351.59514,303294.8235,0,0,0,0
13763.35726,186597.3682,31084.05191,397577.1308,0,0,0,0
15915.56577,227026.568,35902.67789,480114.4644,0,0,0,0
9665.797461,148268.9102,21887.15015,307939.7746,0,0,0,0
23922.37401,697608.065,54081.12671,1286173.939,0,0,0,0
15606.99414,185484.6957,35320.05091,394042.4338,0,0,0,0
25508.68048,713117.6397,57717.29907,1312076.553,17231.35515,254917.8505,39050.41569,470113.8035
15087.84253,282866.6937,34057.01978,604814.4293,2426.803327,0,5480.897703,0
18187.54809,689089.7958,41030.39472,1226889.108,0,0,0,0
18123.8128,1163628.979,41032.05447,1987659.868,0,0,0,0
9369.589335,173091.8671,21106.55208,369098.9419,0,0,0,0
3737.958381,458290.577,8486.258065,766160.7666,1254.664218,26408.56164,2845.23529,44149.29052
18568.6774,882762.4199,41873.94755,1525657.054,0,0,0,0
22278.10878,807661.3717,50280.06836,1438305.555,0,0,0,0
22954.98126,328256.1215,51821.70283,696968.6165,0,0,0,0
11238.89142,271574.9744,25415.49341,517081.3629,0,0,0,0
15061.60941,199280.8332,34062.43392,426601.9046,16.72529861,0,37.82493378,0
11101.14687,488832.3677,25143.75542,877042.9246,2305.593148,15840.58941,5222.0974,28420.53387
4945.870394,86807.52472,11210.09692,169736.3726,0,0,0,0
2613.733741,323781.1908,7476.401094,728657.5347,1792.286407,155847.819,5126.70303,348651.9355
4428.956994,291698.6874,12669.3416,584370.8468,1382.854099,40308.35318,3954.931176,80759.60901
2923.97873,224517.5849,8363.777441,464843.5817,1706.358052,20238.34194,4880.909929,41901.67715
1696.876975,295558.6233,4850.844476,622584.9176,1656.767957,146332.5991,4741.806447,307818.4823
308.972451,27517.15771,883.7953801,46025.77207,0,0,0,0
1744.732688,130277.554,4990.680543,228399.6323,151.894962,4539.14353,434.4844552,7957.922766
2241.859626,270620.0284,6412.675992,601484.9677,0,0,0,0
327.3690976,30284.44027,936.4069529,51157.11791,0,0,0,0
0,609.8359721,0,1459.46108,0,183.5727501,0,439.3155094
3417050.836,11949572.29,6290716.119,19505952.84,0,0,0,0
433.3691929,39049.03377,1239.623421,76102.46825,0,0,0,0
1610.770936,213921.5993,4607.334633,416436.6522,1067.063508,26640.20644,3052.355362,51859.88881
1430.638832,127250.8535,4092.326495,257340.2357,1038.845832,72134.84516,2971.465895,145878.5451
2452.240329,157074.5746,7011.479041,331083.0604,250.273885,2419.899584,718.6811978,5103.018511
1079054.617,2970868.822,2298767.941,6265445.073,74092.31191,114162.5968,157842.8271,240764.4101
1161.973945,135884.2034,3323.055358,255836.4258,69.40016675,0,199.1795823,0
1211.870932,95265.6616,3466.469109,186896.6172,0,0,0,0
1652.556454,220730.4542,4724.569042,401782.4996,276.9064494,0,794.4836048,0
1561.312803,182003.255,4466.020896,325047.7817,236.2943549,0,675.9047355,0
944.7838853,87064.38512,2702.488745,172551.0582,0,0,0,0
1037.175135,1526741.309,2966.751047,2468820.792,22.28269871,36255.63974,63.73775992,58627.2715
1986.601591,179976.6057,5682.521532,331298.4425,0,0,0,0
1695.263565,121292.9462,4849.067405,228796.7906,140.0123105,3425.497179,400.6006212,6461.569161
626.9911419,61126.74805,1793.463944,115011.2142,0,0,0,0
899.1169786,117771.9268,2571.857002,201995.4529,0,0,0,0
8987.556265,805264.054,25708.20704,1559577.998,0,0,0,0
9578.945701,713649.1886,27399.80143,1494918.412,0,0,0,0
42519.28584,3482557.014,121622.9213,7627848.854,0,0,0,0
3281.383518,362530.228,9386.145583,674866.4351,0,0,0,0
5657.176477,350598.5433,16181.93043,652825.0047,0,0,0,0
6513.200488,479009.5331,18630.52434,908731.8037,0,0,0,0
11051.33263,601617.4141,31611.48507,1162423.483,0,0,0,0
8763.322527,662511.7096,25066.7914,1322092.661,0,0,0,0
6554.310556,567338.4936,18748.07907,1039582.355,0,0,0,0
4654810.622,16386524.59,8572034.199,26849130.4,0,0,0,0
5220.583764,721232.4402,14933.06842,1282980.117,0,0,0,0
13442.31897,1442203.555,38450.69864,2845299.941,0,0,0,0
10839.47497,759095.5781,31005.18158,1511825.003,0,0,0,0
2270.181492,283379.4309,6493.671191,509021.7813,0,0,0,0
8449.27635,4508192.758,24168.48267,7495879.59,0,0,0,0
12731.11107,1477680.821,36416.3204,2783625.707,0,0,0,0
12977.70148,1537638.176,37121.6615,2893327.789,0,0,0,0
8960.793876,713636.4443,25631.63097,1386121.255,0,0,0,0
6073.95577,395659.609,17374.05597,837494.4044,0,0,0,0
5595.715459,532952.0486,16006.09384,1014339.376,0,0,0,0
5491.140615,670150.6448,15706.9647,1253137.392,0,0,0,0
5310.121369,314477.2393,15189.16836,639523.332,0,0,0,0
4855.149944,307368.481,13887.77234,615170.5969,0,0,0,0
5778.842156,460376.1802,16529.92377,892407.9427,0,0,0,0
4684.723173,456256.1176,13400.27654,870825.9794,0,0,0,0
3874.176599,345798.4661,11081.75595,696366.7037,0,0,0,0
1474.462666,90209.05084,4217.586936,185252.5703,0,0,0,0
6298.981102,1296924.785,18017.73011,2322817.052,0,0,0,0
6460.723359,344170.9518,18480.38444,727737.9412,0,0,0,0
5142.586887,818411.3873,14709.95817,1466243.739,0,0,0,0
4832.69949,284002.3967,13823.54759,585604.252,0,0,0,0
4234.008572,282723.8225,12111.04232,592519.1886,0,0,0,0
3083.982033,181791.6194,8821.487191,363344.334,0,0,0,0
3204478.803,8130347.572,6824609.689,17266005.54,0,0,0,0
2641.831791,363874.2694,7556.748135,655552.3556,0,0,0,0
2978.83787,277144.5673,8520.727793,528948.028,0,0,0,0
3759.665117,329723.0605,10754.20506,654229.1513,0,0,0,0
3919.891,401229.1534,11212.53535,765675.9369,0,0,0,0
15896.06534,542312.4386,36201.9987,1133435.286,0,0,0,0
6091.123418,267263.1395,15500.29229,540692.7724,0,0,0,0
19955.14135,458712.9957,47489.60023,919013.2919,0,0,0,0
19206.29157,764480.4794,45973.56537,1536836.924,0,0,0,0
10974.95537,449092.174,27679.31405,933066.8493,0,0,0,0
14665.06356,605749.7215,32631.01062,1189285.429,0,0,0,0
5790.272913,198446.1136,12785.70485,352794.5197,0,0,0,0
10386.94084,427775.2945,23510.43926,821296.7529,0,0,0,0
6757.158761,191664.9426,15437.71502,365879.7327,0,0,0,0
20362.09437,1070173.231,46690.46928,2152769.466,0,0,0,0
10095.42226,375060.0088,23602.93471,696986.6602,0,0,0,0
12721.06594,360852.9039,28101.27771,702369.2852,0,0,0,0
9334.543868,265544.4884,20683.07619,447723.4745,0,0,0,0
6014.879007,168407.5547,13177.50345,335993.6723,0,0,0,0
4733.459273,203545.3867,10675.15887,402802.0662,0,0,0,0
10678.92158,1093076.918,23964.23335,1867004.627,0,0,0,0
13921.9046,762542.9408,30758.62842,1291215.476,0,0,0,0
11746.92279,395383.9683,26040.99584,673415.2165,0,0,0,0
10218.46643,333823.4989,22817.69847,645238.2256,0,0,0,0
20848.99126,1020045.947,46220.01868,2196708.531,0,0,0,0
1879.50935,114809.8046,4785.888284,231427.1333,0,0,0,0
2903.18827,85744.464,6709.764398,181367.7339,0,0,0,0
6083.330317,113944.6099,13900.13447,241357.2158,0,0,0,0
3819.556883,203279.8462,8539.778038,408219.5049,0,0,0,0
996008.3282,2973517.605,2121488.248,6179014.018,0,0,0,0
12147.63669,337427.4669,27244.20378,693250.6715,0,0,0,0
1718.031633,4262145.818,4432.618799,6898760.816,0,0,0,0
1218.004352,220602.8594,2949.57035,326808.7685,0,0,0,0
5535.632868,245352.6344,12546.11681,431607.6681,0,0,0,0
3105.792537,216394.4373,6823.336185,359732.884,0,0,0,0
4541.025976,99175.36189,9867.61838,206786.8466,0,0,0,0
6646.669189,237597.1577,15101.92079,446311.549,0,0,0,0
6484.164898,180306.7552,14407.81824,351975.5535,0,0,0,0
4581.14163,237951.5472,11348.05913,473018.5147,0,0,0,0
12233.85589,367913.9591,27193.03411,752460.2992,0,0,0,0
13882.89194,775212.0351,30516.85166,1427374.222,0,0,0,0
1000460.816,2828779.056,2130660.207,5939570.259,0,0,0,0
10165.99188,257409.5579,22353.57839,532444.6743,0,0,0,0
11020.77859,408687.3516,25472.67147,785276.4265,0,0,0,0
989966.3703,2594698.665,2107966.68,5493123.364,0,0,0,0
19445.49764,521131.8204,43161.84676,1077411.31,0,0,0,0
9469.118915,359508.0764,21338.57717,679757.6166,0,0,0,0
7575.828116,445525.4321,16951.47537,781989.9615,0,0,0,0
9018.887749,759663.2906,20032.65452,1307242.482,0,0,0,0
10241.91915,574606.2746,24239.87705,1207191.168,0,0,0,0
8852.049857,268280.4572,19946.57333,535021.2936,0,0,0,0
5362.465387,404122.8199,11793.38534,705020.7133,0,0,0,0
16406.62528,485082.4732,36184.82636,1000538.926,0,0,0,0
7674.257518,183162.2929,16844.21905,371826.8126,0,0,0,0
5709.1904,161678.9203,12534.90737,325082.2891,0,0,0,0
7070.502604,416999.6526,15295.0947,734710.4846,0,0,0,0
5616.104115,118992.0297,12144.55072,248043.8673,0,0,0,0
12511.35471,844550.358,27946.53678,1491923.076,0,0,0,0
5609.097612,448510.514,13041.14855,852600.5581,0,0,0,0
4117.244981,101161.5468,8941.692271,209407.3626,0,0,0,0
3348.320515,402556.4754,7306.546205,681560.1778,0,0,0,0
6197.416785,350748.5576,13675.02351,636926.8807,0,0,0,0
5326.30158,114081.4332,11572.50755,235641.6284,0,0,0,0
9245.841055,228021.6328,20156.3141,466149.802,0,0,0,0
8565.188861,218533.9044,18938.78174,441181.5671,0,0,0,0
7511.016987,278229.6819,17915.34502,558792.0448,0,0,0,0
9888.394614,202631.1124,21732.84743,420508.8186,0,0,0,0
8851.845312,274485.1786,19664.58173,565734.7717,0,0,0,0
4694.514857,164459.3483,10789.46708,338845.962,0,0,0,0
12416.88986,426089.0689,28405.98684,836308.2243,0,0,0,0
4892.799238,161139.2416,11560.66229,317943.9446,0,0,0,0
13752.73713,391294.1621,31045.38174,786567.9144,0,0,0,0
11577.29695,3483507.394,25735.50669,5723092.528,0,0,0,0
16590.98774,836807.114,37110.00019,1552571.022,0,0,0,0
8277.385849,244349.9456,18758.15127,499772.4212,0,0,0,0
8754.395034,288127.2406,20336.36536,500640.772,0,0,0,0
2680.29171,1465120.958,5911.115227,2382963.56,0,0,0,0
3703.428619,232052.0309,8315.834004,424649.6901,0,0,0,0
972.4206838,46733.45584,2119.734666,66764.91659,0,0,0,0
7413.886139,320812.5923,16404.74681,570562.1738,0,0,0,0
4453.502638,147680.6168,9832.606563,272593.7867,0,0,0,0
5065.850598,220077.0579,11264.97296,376747.7651,0,0,0,0
4140.18191,114206.0053,9033.312346,220103.5049,0,0,0,0
3384.584084,182618.4838,7351.651629,325434.3935,0,0,0,0
3591.167745,94715.68594,7823.481098,187959.0555,0,0,0,0
5443.577821,1502780.061,12477.68163,2460209.417,0,0,0,0
8581.081821,245305.0587,20708.12829,503360.9537,0,0,0,0
995593.3562,2768878.999,2121013.944,5872713.508,0,0,0,0
7563.477681,194333.2515,16820.26808,391324.0917,0,0,0,0
12684.33561,351965.951,28477.10745,737516.6647,0,0,0,0
10453.99428,256304.8847,23458.77885,525376.3416,0,0,0,0
7482.53283,213520.2411,16688.37152,443159.2541,0,0,0,0
12470.33097,291200.8734,27791.75327,611403.0635,0,0,0,0
7656.236772,208826.5741,16987.96058,425663.2779,0,0,0,0
9833.161235,270575.6701,22104.24668,562579.2686,0,0,0,0
1001067.421,2937267.999,2133058.507,6144649.877,0,0,0,0
5217.660173,284984.833,11627.63356,506621.5023,0,0,0,0
23508.4047,864190.3914,51842.17197,1670227.235,0,0,0,0
5960.075363,178045.2656,13132.90176,368596.8194,0,0,0,0
2255.14728,67237.16362,4995.808545,134557.3494,0,0,0,0
1785.910011,82378.13956,3951.547885,166206.454,0,0,0,0
12275.70277,331314.0285,27533.61117,647934.3432,0,0,0,0
4297.76596,152595.1668,9599.576723,305672.2952,0,0,0,0
12250.43373,420020.298,27640.92021,831910.9833,0,0,0,0
5773.839954,266732.7683,12780.37137,505655.4327,0,0,0,0
5164.898452,323418.6598,11376.98987,596823.0633,0,0,0,0
6298.100407,175247.8498,13990.59553,360847.9438,0,0,0,0
5696.767996,467091.1067,12675.31336,803294.6088,0,0,0,0
4737.266539,281600.2899,10537.95041,514814.2948,0,0,0,0
4654.997533,276502.9458,10262.92449,501464.0714,0,0,0,0
4659.992753,123419.9287,10183.46136,256016.8552,0,0,0,0
998399.109,2701378.426,2126909.515,5722509.851,0,0,0,0
4154.943519,420762.1064,9206.024674,719927.7896,0,0,0,0
11324.72633,329700.8286,25458.86592,693388.4981,0,0,0,0
9187.095382,251306.4192,20605.1627,505750.165,0,0,0,0
16719.23021,799447.1226,36881.22187,1499234.726,0,0,0,0
5024.174678,515237.3459,11107.57209,890196.0632,0,0,0,0
6986.187048,1803418.239,16554.44319,3001498.863,0,0,0,0
11063.89133,1323636.618,24926.23485,2287457.075,0,0,0,0
13506.55838,570654.5649,30244.4072,1081735.575,0,0,0,0
4758.29294,139811.2438,10738.1736,281689.464,0,0,0,0
12578.65953,475411.1401,28235.76411,899111.9183,0,0,0,0
13996.10663,656724.5753,31869.60983,1264812.825,0,0,0,0
6736.277957,270201.001,14747.17925,505313.8836,0,0,0,0
5840.185913,302588.7801,13222.87268,486458.8408,0,0,0,0
4167.333547,154608.5794,9121.568479,279419.7842,0,0,0,0
3241.103415,85075.14213,7102.22753,165477.7891,0,0,0,0
4484.295747,202968.1093,9866.456738,376179.5024,0,0,0,0
2066.882804,51211.37007,4521.158975,95680.88978,0,0,0,0
2949.488546,589038.194,6417.31302,975371.1081,0,0,0,0
3289.600587,63903.70768,7119.944662,117443.5176,0,0,0,0
2732.816312,79136.59816,5887.673714,146326.6204,0,0,0,0
8604.807084,254955.7313,19592.57899,516494.9608,0,0,0,0
5236.75793,211164.6316,11606.61913,458061.6564,0,0,0,0
9439.704778,201206.8581,20843.95366,418687.5762,0,0,0,0
9955.926887,426955.1006,21782.67437,792194.5442,0,0,0,0
9812.223355,280439.0989,21926.17218,571682.0082,0,0,0,0
13755.61852,510495.2991,31006.7894,1000224.731,0,0,0,0
17432.99022,450562.9581,38536.90396,946134.6838,0,0,0,0
8788.095152,211926.3413,19458.72605,440328.2391,0,0,0,0
2735.436395,80539.68553,5894.002585,144783.5711,0,0,0,0
5267.494091,215516.4061,11339.49289,387562.8851,0,0,0,0
3196.408836,85951.03166,6868.989767,159038.5163,0,0,0,0
4710.941108,107316.2439,10154.94878,204131.7991,0,0,0,0
4023.775396,116345.7207,8658.214783,223812.7699,0,0,0,0
2157.319701,66677.64631,4677.614988,119034.5266,0,0,0,0
2569.342448,75374.02422,5545.15034,137123.0175,0,0,0,0
4026.700647,104823.2783,8668.957628,198742.1342,0,0,0,0
2976.203803,86125.19903,6410.095319,159522.0542,0,0,0,0
1297.018914,49597.62139,2804.875796,83046.40602,0,0,0,0
1882.022695,61672.43967,4082.475567,108557.2022,0,0,0,0
2236.495911,79160.62166,4842.171203,145109.5377,0,0,0,0
2427.202425,76076.06719,5222.965997,138586.0432,0,0,0,0
4547.016987,199535.2328,9825.3951,371873.5722,0,0,0,0
1890.647429,43956.43358,4110.14998,88777.58666,0,0,0,0
2297.292444,54840.2248,4958.905285,111300.4747,0,0,0,0
2199.593675,48329.29035,4751.860539,97715.05329,0,0,0,0
1535.729052,37272.89647,3323.007858,74509.9857,0,0,0,0
2074.340096,52934.41267,4478.908819,107282.7102,0,0,0,0
1055.242385,26832.63486,2293.909983,52675.80472,0,0,0,0
854.4862281,21927.74394,1882.902826,42621.11341,0,0,0,0
1308.64867,33442.44827,2838.910345,66522.54852,0,0,0,0
923.5168169,25702.30934,2043.10926,50898.89683,0,0,0,0
857.5960445,22316.13065,1879.549491,43327.40267,0,0,0,0
1185.099688,30038.6962,2599.65943,59675.03207,0,0,0,0
1116.829653,29629.3015,2436.569161,58636.47796,0,0,0,0
1850.823926,44826.95871,4013.484712,90476.59649,0,0,0,0
736.1795377,18709.4767,1614.027976,35726.91457,0,0,0,0
751.4355696,21483.60034,1633.486092,41380.45562,0,0,0,0
913.347381,26404.20597,1977.518956,52303.4083,0,0,0,0
532.0914359,15243.0553,1159.120372,28283.48266,0,0,0,0
6601.311019,1932709.212,15353.95152,3231969.213,0,0,0,0
3985.385343,99218.88332,8626.499006,195120.5268,0,0,0,0
5764.989408,241373.919,12685.08198,452686.9369,0,0,0,0
3181.661568,78946.05011,6979.241977,153486.486,0,0,0,0
7612.383065,194194.6999,16714.88434,397675.7122,0,0,0,0
6222.179098,241067.8456,13610.96474,451052.9971,0,0,0,0
2407.280635,156309.828,5293.05322,272125.6497,0,0,0,0
2838.871969,73791.86067,6197.264195,142194.158,0,0,0,0
2572.986646,77940.45255,5637.625444,150946.1008,0,0,0,0
2403.881691,72333.67179,5279.123009,139262.3217,0,0,0,0
4264.763597,189307.5766,9326.632917,341714.3148,0,0,0,0
3472.166977,92838.04198,7562.807794,182096.8442,0,0,0,0
4469.112931,297835.9796,9847.688313,526664.5401,0,0,0,0
3372.938085,164918.4744,7494.837972,300466.085,0,0,0,0
3184.27314,91426.73575,7012.806977,180085.2034,0,0,0,0
3832.341466,100021.4936,8373.759715,197544.281,0,0,0,0
3894.021981,115389.2335,8523.573426,229756.4514,0,0,0,0
4603.852658,707276.0177,13163.22249,1482828.64,2500.043789,0,7157.020284,0
3603.058174,319795.8489,10310.09702,647395.7191,1958.855947,0,5600.063506,0
2704.834851,487231.3775,7739.661163,915894.4776,1470.077316,0,4202.748913,0
1033.7781,105081.1407,2954.725855,203292.5653,316.1421239,0,906.3664428,0
1383.725883,155723.9925,3954.946406,284749.0926,423.0838026,0,1212.96206,0
724.6062926,314606.4105,2073.454802,397508.5413,711.0135541,55981.91115,2033.196822,70751.14436
2925.267041,342872.7693,8367.488077,662956.1585,0,0,0,0
1602.005174,137860.7599,4582.412279,273584.7132,0,0,0,0
1554.070097,432291.3776,4445.266252,750154.468,140.3072334,0,401.3456011,0
2288.893389,928664.0993,6542.03774,1589779.783,928.8593282,0,2661.19905,0
3241.279601,1846565.523,9271.432925,3040733.741,0,0,0,0
2727.991515,448229.6115,7803.209044,798938.4695,0,0,0,0
4330.032994,603575.0644,12385.70357,1104048.348,0,0,0,0
6105.381495,777827.3681,17463.96448,1398909.383,0,0,0,0
5060.713744,1403975.375,14475.77914,2373347.183,0,0,0,0
4812.61771,637491.3226,13766.11816,1142569.662,0,0,0,0
4635.747622,1838658.39,13260.1897,3118215.673,0,0,0,0
4437.097491,566323.4197,12691.80162,1075044.788,0,0,0,0
2781.495671,311928.2955,7956.237429,597242.8829,0,0,0,0
3141.736042,365496.0439,8986.684198,694967.9426,0,0,0,0
2566.644444,287727.4364,7341.679002,558948.736,0,0,0,0
2393.931853,236731.4052,6847.641668,452501.0823,0,0,0,0
2050.87963,217908.5625,5866.374428,418100.0716,0,0,0,0
2442.728111,262491.4481,6987.23531,487805.6305,0,0,0,0
1602.168867,142176.3026,4582.869775,285334.8367,0,0,0,0
3979.511113,368879.6818,11383.13978,703094.1078,0,0,0,0
1703.9857,175001.8913,4874.114736,354167.9716,0,0,0,0
3388.276618,369761.6281,9691.900839,670903.5078,0,0,0,0
2345.204686,406579.132,6708.915973,767222.0898,2972.197589,179844.4099,8501.572146,339340.4327
981.9814964,363577.0785,2812.679044,625137.5604,1024.998433,97916.18859,2928.39181,168356.9543
1917.302573,273740.8123,5484.277674,494030.7337,142.3848917,0,407.2799857,0
1919.850382,139701.3198,5491.579961,279203.5083,0,0,0,0
1746.334594,258445.3247,4995.256012,486925.2689,0,0,0,0
1911.50983,268105.5319,5467.714048,495829.2617,0,0,0,0
7037.543998,728970.3791,20130.32281,1378331.813,0,0,0,0
4857.508958,507989.1767,13894.46199,956703.7903,0,0,0,0
443882.2342,1362952.62,820779.7485,2351276.932,0,0,0,0
3898.063562,451252.5354,11150.08965,853689.2161,0,0,0,0
5117.059971,457062.7064,14636.93494,898181.8159,0,0,0,0
3923.998445,392219.5314,11224.27879,757056.4218,0,0,0,0
7298.698596,647815.6955,20877.33743,1290738.884,0,0,0,0
4064.579389,512976.5395,11626.3975,985842.4053,0,0,0,0
1909.614504,491490.1935,5462.303198,840246.2768,0,0,0,0
654.7868648,55817.48181,1872.959963,109716.9531,0,0,0,0
1176.883088,98411.44367,3366.380312,192902.0248,0,0,0,0
707.9376073,208293.9824,2024.997321,347189.4555,0,0,0,0
2056.733261,276810.2484,5883.116336,518172.6153,0,0,0,0
2663.526499,267901.1091,7618.799595,519504.0297,0,0,0,0
1761.903694,216215.7007,5039.792447,400416.4146,0,0,0,0
2238.14403,264614.2334,6402.030555,493172.2843,0,0,0,0
2562.418766,344629.9243,7329.593907,602529.3973,0,0,0,0
2861.978857,253224.6899,8186.468943,517438.8931,0,0,0,0
4637.841553,1018382.21,13266.17007,1816675.708,0,0,0,0
2473.823551,197042.1474,7076.178309,386964.0139,0,0,0,0
1628.334896,148268.6745,4657.712562,280691.2742,0,0,0,0
1497.309666,223099.6032,4282.934777,394153.4028,0,0,0,0
1926.198105,161881.4093,5509.740044,310533.3314,0,0,0,0
1657.809341,246721.9477,4742.01675,442448.8551,0,0,0,0
1349.983076,238568.3761,3861.519581,416408.0054,0,0,0,0
2508.623719,286754.3193,7175.709849,537109.9028,0,0,0,0
3074.017029,415654.0917,8792.989721,795157.0812,0,0,0,0
1815921.625,4823945.396,3867710.506,10162005.39,0,0,0,0
993.6089635,85371.48395,2842.145291,177586.1068,0,0,0,0
1008.533895,69757.22446,2884.832156,146290.5191,0,0,0,0
1226.333275,184025.1954,3507.824794,341209.7996,0,0,0,0
993.5529656,353737.4244,2841.977946,609434.9975,0,0,0,0
1833.480236,133231.6128,5244.512335,279836.0192,0,0,0,0
1133.111106,159881.8884,3241.17166,291059.3689,0,0,0,0
1477.120293,104795.9884,4225.187613,219727.9775,0,0,0,0
859.3877943,71421.33485,2458.207442,149396.5304,0,0,0,0
1817906.565,4844336.564,3872411.274,10240508.25,0,0,0,0
2164.322978,166368.722,6190.864234,348817.9443,0,0,0,0
1980.390359,313170.2296,5664.747606,568494.2817,0,0,0,0
797.1878322,60678.52078,2280.290633,126595.3135,0,0,0,0
1232.784958,363289.1657,3526.283087,617671.3832,0,0,0,0
857.0859885,65027.62051,2451.619652,135138.4713,0,0,0,0
3103.941591,403156.3921,8878.569961,766122.7673,317.116403,0,907.0854228,0
2231.352515,305146.7728,6382.595539,565865.1969,0,0,0,0
854.6721998,117052.3701,2445.500217,226072.5764,289.6398639,0,827.7295894,0
1954.772498,512131.3783,5591.467835,899125.5006,0,0,0,0
503993.7929,2057544.581,929948.6264,3431930.351,0,0,0,0
1175.050701,435081.5382,3361.216107,773192.7974,667.2027365,3609.756248,1908.352037,6414.908194
2041.143549,179574.1346,5838.706739,357015.8538,102.2075213,0,292.1628471,0
2197.014863,181065.0274,6284.384325,360439.0906,0,0,0,0
851.2652469,201834.512,2434.476291,374548.6293,965.752751,53735.75947,2762.762811,99836.06764
1968.701338,494888.0957,5631.300261,878539.3941,3.065363702,0,8.768744292,0
262215.5961,1877561.326,483598.0015,3124518.734,225917.0737,284704.9048,416822.223,473662.3604
1842.123955,250854.5144,5269.250206,463990.2678,0,0,0,0
5459.79533,300276.8083,15617.33113,606817.1285,0,0,0,0
4885.417693,325900.5733,13974.37151,690769.9987,0,0,0,0
7824.289053,1167442.705,22380.75379,2345006.893,0,0,0,0
895963.1318,2581394.256,1910881.035,5434924.422,0,0,0,0
1769.587302,198717.3947,5061.752345,380846.4442,0,0,0,0
2068408.593,6594415.363,4065402.506,11668049.1,0,0,0,0
2164.25659,231924.1794,6190.671687,450514.9792,0,0,0,0
1318.239726,241669.5697,3770.721636,438418.9016,0,0,0,0
3548.191321,868920.0886,10149.31376,1538476.111,0,0,0,0
2389.743436,286451.809,6835.671866,540380.149,0,0,0,0
2343.434776,213659.2997,6703.205634,412227.4495,0,0,0,0
3708.198258,415617.3568,10607.00268,797251.9704,0,0,0,0
4282.596648,525125.292,12250.016,1006780.863,0,0,0,0
2755.26546,1383431.433,7881.224833,2300396.877,0,0,0,0
4762.567074,1435442.795,13622.94643,2396821.455,0,0,0,0
2248.80224,279970.2686,6432.242994,508116.8706,1183.654639,45868.6885,3386.026661,83295.07264
1635.036717,1244165.321,4676.883399,2056034.822,251.8500991,0,720.395778,0
4118.294235,754694.1211,11780.05327,1330209.818,0,0,0,0
3074.174602,760671.5753,8793.424432,1307928.815,0,0,0,0
3880.754536,402525.9672,11100.57649,764901.2588,0,0,0,0
4314.917896,459084.5196,12342.46762,888796.7869,0,0,0,0
5665.234609,641697.3032,16204.94622,1221384.776,0,0,0,0
7882.226836,1127812.071,22546.48165,2060418.679,0,0,0,0
3595.363427,2657849.259,10284.26034,4328565.962,0,0,0,0
1816.24922,266915.7315,5195.230812,487291.3879,0,0,0,0
2167.376342,204700.2281,6199.597116,382510.8063,0,0,0,0
1515.591333,420537.0992,4335.221779,728602.0055,0,0,0,0
1495.462201,425149.1279,4277.652979,744378.7663,0,0,0,0
1508.781773,2455454.914,4315.754508,4029059.484,0,0,0,0
1953.642422,1247348.698,5588.23139,2075552.9,0,0,0,0
892481.0838,2484274.735,1901213.053,5193380.099,0,0,0,0
1319.336322,315114.2323,3773.851908,564664.3219,0,0,0,0
5137.416141,601780.0813,14695.16354,1100267.724,0,0,0,0
1722.118861,482877.9934,4925.983691,838706.4279,0,0,0,0
1736.254988,238056.7405,4966.415914,438574.5023,0,0,0,0
2099.772174,178939.1158,6006.225628,363271.349,0,0,0,0
3496.927923,376708.746,10002.67638,709551.2992,0,0,0,0
4872.362751,400166.2961,13937.0164,782935.7422,0,0,0,0
1953.70193,253080.2512,5588.401833,451384.6723,0,0,0,0
2742.165489,321616.5058,7843.741106,597051.3189,0,0,0,0
2259.471716,193451.6401,6463.025746,384931.3645,0,0,0,0
1535.07046,203491.5997,4390.941537,374393.2346,0,0,0,0
2210.947597,158954.6905,6324.236498,308656.3477,0,0,0,0
968.9651495,141260.481,2771.646225,244104.8998,0,0,0,0
7108.016426,896778.2843,20331.90619,1674388.595,0,0,0,0
3293.034246,241983.3931,9419.457632,497949.0309,0,0,0,0
2062.979029,274470.9351,5900.991115,495002.2091,0,0,0,0
598.5747737,66033.75631,1712.202766,136202.0052,0,0,0,0
1481.828561,368327.0481,4238.653508,657124.7979,0,0,0,0
1458.111791,148852.0955,4170.805599,290367.1378,0,0,0,0
2567.02422,301347.6185,7342.766041,577899.9591,0,0,0,0
1106.540739,253549.2479,3165.174568,449061.7137,0,0,0,0
1942.022327,238160.4725,5554.991714,451054.4445,0,0,0,0
1825.107473,379673.9108,5220.564978,648313.1747,0,0,0,0
1275.245277,251402.3815,3647.732747,448454.4923,0,0,0,0
2199.968501,152684.913,6292.83894,312145.7276,0,0,0,0
2393.011548,175059.5543,6845.021003,367481.8126,0,0,0,0
2103.52909,278126.5092,6016.976536,524027.0936,0,0,0,0
1529.387853,267131.3175,4374.692876,489904.9553,0,0,0,0
1052.018648,77020.89309,3009.212187,160743.9498,0,0,0,0
833.5987064,53039.38158,2384.438378,110103.3164,0,0,0,0
3491.643813,385814.6645,9987.551223,754359.3778,0,0,0,0
503.0649361,37930.24505,1438.981461,77825.3039,0,0,0,0
1944.967163,245267.0044,5563.418148,456809.7576,0,0,0,0
2750.707109,332455.8868,7868.182901,626723.8948,0,0,0,0
2584.822833,202569.3309,7393.676546,419704.5747,0,0,0,0
2090.761293,158817.6914,5980.460706,332308.4766,0,0,0,0
1065.364975,154798.9962,3047.399308,285031.7495,0,0,0,0
1139.490649,83882.4817,3259.414435,174179.9063,0,0,0,0
2039.483196,157959.0265,5833.776859,325207.697,0,0,0,0
1112.434179,170382.3424,3182.019535,308668.1107,0,0,0,0
3761.670952,268844.8853,10759.96568,570070.9399,0,0,0,0
1801.027577,137163.9154,5151.693413,282553.8916,0,0,0,0
1362.900397,98537.94684,3898.463792,202332.0312,0,0,0,0
1496.303761,118883.0235,4280.047189,245858.9071,0,0,0,0
1344.192975,195721.9421,3844.955126,363333.3531,0,0,0,0
2209.854976,164629.7051,6321.115109,342848.4541,0,0,0,0
886.2987879,73195.68073,2535.187792,147863.3085,0,0,0,0
892298.4663,2373194.76,1901099.323,5032459.151,0,0,0,0
2406.578937,189582.2384,6883.815365,394121.1176,0,0,0,0
3833.590347,987991.7251,10965.6678,1752193.892,0,0,0,0
3065.582428,214653.0958,8768.855552,424377.3283,0,0,0,0
2141.132435,333948.9172,6124.540252,596562.5408,0,0,0,0
2871.652867,920251.6082,8214.128227,1580280.157,0,0,0,0
4812.230596,481601.4261,13764.9865,939927.8395,0,0,0,0
1060.691615,129378.6728,3034.025528,230427.548,0,0,0,0
3805.289605,408958.182,10884.72085,790997.9907,0,0,0,0
2270.213631,209957.1381,6493.765906,401961.6695,0,0,0,0
2637.313684,324898.4939,7543.816409,601812.7406,0,0,0,0
2161.861265,199159.8257,6183.833468,379199.1595,0,0,0,0
1646.542624,162715.7075,4709.802518,301722.621,0,0,0,0
2366.744705,205884.3987,6769.876454,392856.9797,0,0,0,0
1535.238904,228028.0068,4391.425331,403094.4945,0,0,0,0
786.9509138,86392.18757,2251.000741,140978.3144,0,0,0,0
3208.843863,415027.9511,9178.638684,777008.5239,0,0,0,0
3475.880964,777079.4083,9942.474704,1387207.064,0,0,0,0
1592.210409,128418.4265,4554.39061,247830.0144,0,0,0,0
1772.80936,174457.6476,5070.983566,344198.4653,0,0,0,0
2284.1225,185589.6033,6533.551098,368635.1214,0,0,0,0
3546.694589,309646.1224,10145.02278,628017.7935,0,0,0,0
5587.027471,523681.0941,15981.23544,1045110.949,0,0,0,0
2913.92846,304623.2781,8335.055108,582657.931,0,0,0,0
3096.376233,391524.8863,8856.92412,771126.8732,0,0,0,0
2273.884896,195221.5597,6504.25962,372235.3814,0,0,0,0
1980.551876,184536.1307,5665.198994,349736.8218,0,0,0,0
3684.388427,265217.1808,10538.90474,566908.1627,0,0,0,0
960.7875364,85677.12034,2748.247324,164994.08,0,0,0,0
2715.072328,541350.5908,7766.239848,974126.8614,0,0,0,0
2302.875174,379768.2058,6587.192185,683007.6927,0,0,0,0
1538.493236,361390.5821,4400.740578,637873.4494,0,0,0,0
1261.442404,106826.0551,3608.259463,210507.1711,0,0,0,0
1842.181185,142677.2135,5269.401994,288416.0844,0,0,0,0
1338.76525,259400.0402,3829.429998,460448.0858,0,0,0,0
1699.914962,219768.4338,4862.469619,411366.0869,0,0,0,0
1520.065847,119519.2235,4348.025701,237769.3597,0,0,0,0
1075.313458,181730.4043,3075.852369,332132.9393,0,0,0,0
1450.742558,298118.9783,4149.736759,524593.9886,0,0,0,0
897.6752481,58822.03428,2567.726582,95560.48526,0,0,0,0
1892.01594,279879.3959,5411.955943,521507.8406,0,0,0,0
836.7619561,80895.68508,2393.496231,138814.8412,0,0,0,0
1780.700098,368764.9067,5093.543457,640604.2209,0,0,0,0
1019.785681,111320.5277,2917.010004,202993.4944,0,0,0,0
1183.762996,163550.1067,3386.048551,302663.6913,0,0,0,0
672.5330085,43101.81018,1923.716485,90902.36152,0,0,0,0
328.6423581,21592.26067,940.0560832,45465.17384,0,0,0,0
1469.158848,89416.92578,4202.408969,188605.5525,0,0,0,0
1498.564918,320095.7193,4286.512469,549226.9211,0,0,0,0
567.4232385,53318.49261,1623.061691,95622.95921,0,0,0,0
948.2414868,85751.09102,2712.361769,164114.3584,0,0,0,0
2425.849077,117842.8379,6938.979718,254819.9377,0,0,0,0
238.9840774,318450.0063,683.6037531,509818.1591,0,0,0,0
93.96507519,168063.3538,268.7850547,262304.1684,0,0,0,0
183.8602064,25358.5021,525.9240711,33378.461,0,0,0,0
191.6970673,26056.22179,548.3323342,34717.90478,0,0,0,0
123.760189,23951.3243,354.001646,29808.55992,0,0,0,0
134.329938,23631.89017,384.244599,29277.25093,0,0,0,0
186.5743315,26048.32269,533.679229,34844.76493,0,0,0,0
785.9140313,48162.95875,2248.020239,93274.07854,0,0,0,0
309.5438442,26026.00248,885.4259059,40352.89829,0,0,0,0
318.5335943,27929.79223,911.1445802,44813.0734,0,0,0,0
442.2536834,35408.3344,1265.015492,62969.29321,0,0,0,0
241.1295255,187138.1655,689.7273828,300239.1817,0,0,0,0
254.6355933,170374.3675,728.3680657,273895.7531,0,0,0,0
422.4130862,33182.72667,1208.266995,57596.13225,0,0,0,0
236.760151,24838.81738,677.2283528,37500.0264,0,0,0,0
206.1735499,23567.01299,589.7463398,34483.57718,0,0,0,0
107.755062,19575.33709,308.2228736,24915.55309,0,0,0,0
136.6801823,21959.48437,390.9562358,30727.18721,0,0,0,0
170.5863541,23108.80733,487.8770834,33528.72959,0,0,0,0
244.4175479,26677.4049,699.1436539,41984.66435,0,0,0,0
131.6877931,21683.47074,376.6823484,30078.05669,0,0,0,0
215.1408377,25459.78257,615.3957002,39149.9237,0,0,0,0
234.2484552,25527.75231,670.0503484,39323.8509,0,0,0,0
186.8314296,23436.20426,534.4121384,34264.5786,0,0,0,0
102.3714114,19836.96521,292.8184009,25580.2858,0,0,0,0
427.2060846,161552.6904,1221.99395,270976.4143,0,0,0,0
264.6238632,10989.39835,756.9309972,22627.89684,0,0,0,0
137.552679,7241.455109,393.4648433,13658.04929,0,0,0,0
169.6003156,8130.334429,485.1355547,15785.77018,0,0,0,0
236.8514891,10363.46427,677.4984704,21025.43213,0,0,0,0
197.638894,9068.98259,565.3287559,18029.68938,0,0,0,0
155.9983958,103272.6915,446.2265871,173459.4677,0,0,0,0
182.053597,8769.617638,520.7510212,17315.3724,0,0,0,0
275.0396052,84025.22927,786.7332988,141393.9831,0,0,0,0
176.4893693,8614.475551,504.8377591,16945.61106,0,0,0,0
127.6266369,6897.925646,365.06656,12835.83874,0,0,0,0
252.9462543,10911.26919,723.541622,23260.28394,0,0,0,0
141.7283445,7222.506366,405.4088493,14437.45687,0,0,0,0
127.6503864,15642.37709,365.1321212,34581.72362,0,0,0,0
773.0565982,30292.5773,2211.271081,69634.50597,0,0,0,0
148.2163019,7329.24653,423.9634705,14685.63306,0,0,0,0
272.2979527,12816.43981,778.8888488,27818.44143,0,0,0,0
87.18918789,5247.73552,249.4018868,9708.859527,0,0,0,0
376.867164,16325.64065,1078.007137,37017.09722,0,0,0,0
152.6276802,6637.648942,436.5828924,13961.68967,0,0,0,0
190.4587611,201149.9789,544.7896083,367506.452,0,0,0,0
80.61068848,221209.4717,230.5780077,359381.0602,0,0,0,0
64.36526899,3501.931941,184.11796,6425.992122,0,0,0,0
68.18069429,3993.201953,195.0251823,7608.692757,0,0,0,0
88.14228388,4650.74238,252.1200472,9183.595574,0,0,0,0
103.9564836,5393.05733,297.3660711,10963.76789,0,0,0,0
106.8579093,5074.939506,305.6661803,10197.58893,0,0,0,0
223.4818966,10452.60604,639.2488148,23066.06971,0,0,0,0
2231.301873,81999.84771,6382.468272,194279.6527,0,0,0,0
172.6271219,7931.337509,493.7888777,16954.20525,0,0,0,0
448.1351072,24449.48601,1281.839062,45434.82708,0,0,0,0
130.9765616,6306.905151,374.6548375,12576.57993,0,0,0,0
196.2854868,9526.927883,561.4562257,18219.83156,0,0,0,0
104.4902116,5012.578291,298.8861156,9572.292404,0,0,0,0
158.1129861,7052.076078,452.265306,13873.67716,0,0,0,0
137.9205023,6276.987194,394.509711,13095.55745,0,0,0,0
153.1318747,8062.408639,438.0252699,14909.05957,0,0,0,0
155.5110544,7018.730197,444.8332667,14181.86612,0,0,0,0
148.4872092,6948.245483,424.7353366,13035.09709,0,0,0,0
206.3017492,9147.829305,590.1062365,19663.6722,0,0,0,0
96.18162744,4222.658971,275.1120722,8961.82468,0,0,0,0
93.67584506,4916.061857,267.9548158,10625.7455,0,0,0,0
122.5361646,5751.854169,350.5043717,12653.26857,0,0,0,0
101.8805943,7026.239645,291.4118828,15619.2411,0,0,0,0
78.45871449,4316.167795,224.4232849,9222.964842,0,0,0,0
111.0470964,5748.085085,317.6475697,12627.67081,0,0,0,0
160.8289278,6732.445105,460.0323501,14910.6369,0,0,0,0
141.3557946,6900.267535,404.3306678,15393.93322,0,0,0,0
1446074.799,4869379.198,3084466.024,9382763.12,0,0,0,0
10413.43479,1359454.415,29786.82307,2118542.802,0,0,0,0
9739.163378,1384104.415,27858.1234,2060942.687,0,0,0,0
4415.191859,617109.8254,12629.3175,926994.5484,0,0,0,0
7300.36569,1036756.893,20882.12849,1391395.934,0,0,0,0
7380.455572,1087088.799,21111.22772,1393614.443,0,0,0,0
1671.606977,275583.8323,4781.50127,404659.7099,0,0,0,0
6053.523091,650981.1744,17315.61196,1171957.845,0,0,0,0
10404.20021,1423008.959,29760.38385,2437327.316,0,0,0,0
3384.364899,369676.0862,9680.705404,596431.5148,0,0,0,0
1460440.485,5317232.32,2692277.334,8638813.52,0,0,0,0
4491.828805,515932.9751,12848.50699,995040.3681,0,0,0,0
4012.270506,381384.3962,11476.77773,662361.3026,0,0,0,0
1153.719846,649790.6025,3300.123399,1051918.208,0,0,0,0
1932.014336,137792.8878,5526.365224,273321.5012,0,0,0,0
3644.96429,1436128.394,10426.13275,2349775.044,0,0,0,0
1136.131459,61908.10493,3249.808212,132497.8682,0,0,0,0
1691.598123,309141.4744,4838.678908,540742.6346,0,0,0,0
5512.999374,354116.8588,15769.49966,532310.156,0,0,0,0
4423.428996,500686.1248,12652.85809,896467.4211,0,0,0,0
3563.595021,202312.1578,10193.36811,378169.3379,0,0,0,0
3308.554402,471948.2885,9463.849561,838631.9997,0,0,0,0
2710.316588,535184.2819,7752.649669,908111.0233,0,0,0,0
1456606.688,5005541.236,2681621.58,8155858.263,0,0,0,0
2291.341025,141871.5904,6554.193277,290851.14,0,0,0,0
1298.885892,248331.9138,3715.361914,440695.73,0,0,0,0
1493.958941,83987.03726,4273.348345,175247.6554,0,0,0,0
1401.843037,168208.2156,4009.864091,320898.951,0,0,0,0
884.5860348,54083.39751,2530.276059,115482.3174,0,0,0,0
6359.410536,418169.5984,18190.5977,795017.2408,0,0,0,0
1567.695305,194826.9777,4484.27034,280920.5562,0,0,0,0
3567.766722,566535.2887,10205.31527,1185881.948,0,0,0,0
4303.999331,197077.1949,12311.24632,382065.2531,0,0,0,0
4681.497111,774144.7946,13391.04391,1361426.063,0,0,0,0
4193.533235,361697.576,11995.25507,679163.9801,0,0,0,0
2893881.57,8976718.818,5743306.714,16449818.09,0,0,0,0
1269.609195,82903.94985,3631.613026,168853.4814,0,0,0,0
1187.795168,77969.94078,3397.589291,159212.2603,0,0,0,0
1630.857686,134031.2388,4664.93252,281152.2309,0,0,0,0
1505.762951,119196.6941,4307.112926,237460.8071,0,0,0,0
2388.950634,177317.2592,6833.412649,352108.9641,0,0,0,0
1458358.853,5087900.64,2687563.676,8356647.471,0,0,0,0
2267.084724,188662.6689,6484.808981,327460.0773,0,0,0,0
5802.830058,476213.8863,16598.53538,896912.2271,0,0,0,0
1454231.774,4998689.138,2676867.801,8163919.59,0,0,0,0
1114.061466,76394.15914,3186.687809,159657.7348,0,0,0,0
1456304.157,5146454.376,2683637.132,8475380.851,0,0,0,0
3176.370218,168211.7655,9085.749153,349182.6996,0,0,0,0
2730.100574,172043.9295,7809.232111,356669.3451,0,0,0,0
1549956.019,4072419.547,2856548.072,6718344.146,0,0,0,0
2054.895798,104429.5999,5877.869504,221783.2107,0,0,0,0
5217.159644,950335.6121,14923.26787,1655433.601,0,0,0,0
3359.488576,4031259.368,9609.54232,6516205.143,0,0,0,0
1930.709242,414602.4347,5522.631279,699806.9418,0,0,0,0
3744.54528,407145.7483,10710.9667,663108.143,0,0,0,0
1637.968951,126872.0584,4685.458285,236160.4523,113.8665662,0,325.5265184,0
1446.318061,87360.29337,4137.079493,181012.7824,0,0,0,0
654950.0854,924945.9593,658964.9914,1024014.754,0,0,0,0
1704.737575,104309.0163,4876.263121,213407.6995,0,0,0,0
1119.301119,100558.6342,3199.445789,200384.6636,290.0601275,0,831.8405819,0
1026.640407,77985.91248,2936.619418,156346.9176,0,0,0,0
1365224.038,3372143.796,2513247.077,5494278.822,0,0,0,0
1163373.109,1587357.315,1169109.74,1715569.014,0,0,0,0
1514.239768,97871.78779,4331.366334,204172.9651,0,0,0,0
948.1226409,61067.48917,2712.035457,129730.1675,0,0,0,0
1532.391836,104793.1792,4383.278635,187375.5768,0,0,0,0
1740.367828,120197.506,4978.83618,244375.513,330.3868919,0,944.4240427,0
4358.25883,369253.9729,12466.46647,672135.8881,0,0,0,0
4164.360951,298809.5753,11911.82448,647592.528,0,0,0,0
3649.261625,231654.5389,10438.41456,476828.564,0,0,0,0
1463087.143,5170928.429,2694249.515,8457441.793,0,0,0,0
2884.539273,269896.1676,8250.997251,536408.1348,0,0,0,0
3109.874107,1928332.783,8895.535752,3187279.713,0,0,0,0
2956.110773,176072.1933,8455.710786,378238.1904,0,0,0,0
2070.104124,955962.9666,5921.358453,1609007.163,0,0,0,0
2398.539015,190728.4953,6860.82686,347358.9517,0,0,0,0
772.0786259,103347.2299,2208.466005,150841.7478,0,0,0,0
430.8261355,82940.55321,1232.343265,105092.4596,0,0,0,0
1402037.304,4778631.103,2582868.237,7805041.133,612880.1174,549291.4572,1128980.646,891069.8482
2115122.73,6028583.857,3892821.011,9781027.383,426173.0114,245819.8931,784370.0824,398793.3918
2914.355199,280940.8521,8336.267126,475708.5431,314.2075283,0,898.764121,0
3105621.98,7887219.744,4937967.274,11926184.27,740046.1643,212030.7647,1176696.117,320902.4414
2826.666835,253101.8946,8085.654996,472690.7126,393.5896236,0,1125.627211,0
2161.811968,165287.2411,6183.692381,312822.3398,0,0,0,0
1144.839819,162359.14,3274.719979,289773.0942,116.512077,0,333.2731969,0
1748.171913,133950.384,5001.318734,262821.4219,183.4595716,0,523.9511635,0
708.9093057,384010.6778,2027.781419,420040.4193,0,0,0,0
1314.611548,448653.2078,3760.332004,556645.4115,0,0,0,0
1470.743073,109294.6291,4206.957539,221030.9468,183.8480196,0,525.8824464,0
2235000.136,7118367.38,4115426.863,11421273.53,354652.4191,0,653040.7175,0
6149.228489,400391.8937,17589.37145,842777.4292,0,0,0,0
1801.442496,92109.56265,5152.888995,199455.3286,0,0,0,0
1369.604405,73504.81856,3917.63678,156545.7265,0,0,0,0
1567.447035,85256.46894,4483.550689,185847.3608,0,0,0,0
2194.11319,127764.2135,6276.08748,278278.3927,0,0,0,0
1460.91837,84715.07138,4178.841073,180225.8905,0,0,0,0
1662.814603,256062.7916,4756.341646,476385.9867,0,0,0,0
607.2080697,43544.77534,1736.875681,88063.98709,0,0,0,0
3539.168535,185678.7984,10123.50652,406738.3163,0,0,0,0
1648.596488,87817.61084,4715.671325,191171.0634,0,0,0,0
4587.921404,267712.4444,13123.37195,552323.6937,0,0,0,0
3351.726218,197719.2173,9587.336596,424400.3156,0,0,0,0
2467.984951,401673.2952,7059.464944,727536.4399,0,0,0,0
2194.053385,116107.6444,6275.918739,255724.585,0,0,0,0
3640.374887,211657.3873,10413.00243,456355.6083,0,0,0,0
3093.67424,224379.2083,8849.196632,470653.3708,0,0,0,0
2819.633659,156902.4128,8065.333597,343265.7498,0,0,0,0
270657.7046,1662999.98,581692.936,2741883.633,0,0,0,0
5301.180317,839075.734,15163.61915,1254122.902,0,0,0,0
2034182.08,2885661.712,2044756.172,3040186.896,0,0,0,0
1676.452254,263563.7445,4795.363297,348418.1929,0,0,0,0
551.7507678,79090.83115,1578.241353,125320.8533,0,0,0,0
4335.809025,1193909.263,12402.23212,1976510.483,0,0,0,0
1745.82489,1020884.495,4993.789321,1710339.122,0,0,0,0
3552.703302,2468767.202,10162.2269,4106364.571,0,0,0,0
1278.291493,5070569.896,3656.389065,7673321.288,0,0,0,0
1678.804206,383768.6773,4802.063441,554229.9873,0,0,0,0
1829.461879,250648.7788,5233.034308,401561.1135,0,0,0,0
2803.396312,655852.2192,8018.899779,964747.9722,0,0,0,0
1548.08343,164148.1699,4428.164524,283733.1233,0,0,0,0
3787.898279,290458.0634,10834.96874,563761.5657,0,0,0,0
3972.50896,325076.4548,11363.03367,623127.5615,0,0,0,0
2420.541334,370096.0858,6923.782323,675143.3096,0,0,0,0
4481.89694,503437.8218,12820.11691,917547.2074,0,0,0,0
3479.360509,366616.2193,9952.439326,692642.6733,0,0,0,0
1708.153779,143330.0015,4886.031466,284726.748,0,0,0,0
2976.431433,205478.5817,8513.838389,401960.0427,0,0,0,0
3118.762012,331662.1331,8920.982161,608021.3939,0,0,0,0
2696.926688,338005.1901,7714.345742,606150.1817,0,0,0,0
1554.453388,133150.2624,4446.387009,259433.9235,0,0,0,0
5660.701645,628524.4444,16191.99215,997344.6678,0,0,0,0
1703.662085,155903.9918,4873.19241,298761.3772,179.4445663,0,513.2874277,0
3057.675439,564716.879,8746.236521,991830.9265,0,0,0,0
2722.163324,185497.96,7786.527323,364699.0074,0,0,0,0
2968.534435,552455.6763,8491.226923,804602.6283,0,0,0,0
1220.089752,111890.0451,3489.96499,193878.6687,0,0,0,0
1109.331935,102424.5044,3173.158874,180823.8975,0,0,0,0
742.8135794,83844.74504,2124.755068,133210.3375,0,0,0,0
799.1113787,69261.45955,2285.781049,123985.1056,0,0,0,0
1371.99384,212318.1338,3924.4795,370663.0632,0,0,0,0
3381.194023,723003.476,9671.632637,1190890.566,0,0,0,0
1724.005175,140042.305,4931.372951,269642.7606,0,0,0,0
1431.489658,101220.4211,4094.654393,202242.214,0,0,0,0
722.2398432,66656.08399,2065.899411,129111.8987,0,0,0,0
2093.877024,171191.2434,5989.368439,320895.298,0,0,0,0
2621.246161,183974.411,7497.810491,347096.2144,182.229362,0,521.3100614,0
1283.410918,129741.899,3671.104502,210271.8258,0,0,0,0
2006.906599,234998.2973,5740.594377,433790.1595,0,0,0,0
951.4398846,84682.31378,2721.511073,153449.4516,0,0,0,0
560.9686288,61121.14715,1604.489923,111584.3144,182.3063261,0,521.5599771,0
139.4186738,19386.62946,398.8010005,34580.41751,86.71294519,3009.674363,248.0373081,5368.016893
137.7031204,154479.4631,393.8877646,254459.1446,0,0,0,0
3622420.205,4705725.991,3631674.7,4777551.37,0,0,0,0
721.3201333,204702.4718,2063.26242,323620.4055,0,0,0,0
2519.107705,289458.8858,7205.710528,500180.6652,0,0,0,0
1816.434742,139183.177,5195.767569,263941.0394,0,0,0,0
2205.921686,379368.6566,6309.727667,696064.4667,466.5758211,0,1334.736661,0
1116.25743,75379.99082,3192.970406,152826.4256,47.06392556,0,134.6228187,0
1195.504788,91760.87861,3419.652395,187187.9183,0,0,0,0
1259.630905,97668.3009,3603.079627,177153.6508,0,0,0,0
2365.652788,200769.8462,6766.767608,376541.7034,0,0,0,0
2878.800914,210591.0981,8234.582816,389741.7244,0,0,0,0
3487.952674,269023.7444,9977.000221,525849.3394,0,0,0,0
2584.391211,163942.7801,7392.443004,329189.6082,0,0,0,0
2773.444863,230159.0536,7933.216996,435784.9277,0,0,0,0
2424.315014,161857.3478,6934.563709,324266.1081,0,0,0,0
3305.225374,426126.141,9454.330464,761580.0721,0,0,0,0
1427.87862,369293.5752,4084.332235,639173.147,0,0,0,0
2529.807467,173959.6293,7236.304653,346148.7296,0,0,0,0
3328.198648,308786.3409,9520.046688,588502.5534,0,0,0,0
1514.233928,383555.1762,4331.339288,672837.4908,0,0,0,0
1707.968203,191883.7478,4885.509432,361886.1029,0,0,0,0
265480.0446,764063.0638,566520.9962,1624231.631,0,0,0,0
1337.293099,105057.342,3825.222072,203930.5148,0,0,0,0
1952.725368,137996.3393,5585.61222,284515.4009,0,0,0,0
811059.4741,2873415.882,1495090.928,4745267.614,0,0,0,0
1391.517755,86056.17421,3980.325367,180610.2274,0,0,0,0
397.093582,29999.98516,1135.851517,58976.41297,0,0,0,0
1323.67865,78295.43271,3786.281958,140409.7858,0,0,0,0
2659.391317,168251.8131,7606.969114,343182.1187,0,0,0,0
1440.553938,107174.065,4120.586422,218154.165,0,0,0,0
2083.159295,121760.3235,5958.713602,248600.9783,0,0,0,0
1399.150568,105541.0162,4002.153115,212881.9674,0,0,0,0
1211.112588,341301.2293,3464.286168,586429.8433,0,0,0,0
2206.063615,136217.8867,6310.273011,280507.8338,0,0,0,0
1406.631396,105136.2349,4023.554916,212191.8684,0,0,0,0
796.1587836,93430.43495,2277.352812,146895.1582,0,0,0,0
916.0578798,72267.2527,2620.314401,145010.621,0,0,0,0
1480.217773,96421.04085,4234.048454,196664.9481,0,0,0,0
882.4270693,59991.88571,2524.109524,117930.6449,0,0,0,0
554.386573,41610.64705,1585.772745,77546.36371,0,0,0,0
263887.4903,709933.1165,562348.4535,1497463.703,0,0,0,0
497.2816149,44805.43483,1422.436135,84367.23577,0,0,0,0
1309.318582,186575.6315,3745.196095,342398.6909,0,0,0,0
4297.339051,854763.1373,12077.25194,1127091.676,0,0,0,0
1484.93506,307984.1995,4206.265409,412254.3276,0,0,0,0
4560.864438,654510.0897,12569.59209,920635.4871,0,0,0,0
2721.902955,1441030.041,7712.505653,2166854.567,0,0,0,0
3994.127136,589772.88,10656.81097,885459.1053,0,0,0,0
4305.884329,847309.396,11185.57154,1294048.442,0,0,0,0
1230.587512,164300.2003,3235.740585,251617.8567,0,0,0,0
2844.659677,468373.3723,7412.874987,783216.6939,0,0,0,0
1034.126866,123961.7379,2741.997373,213771.4384,0,0,0,0
4075.427056,295250.7017,10620.00853,524683.793,0,0,0,0
3801.556481,592572.0693,9908.677998,1041891.392,0,0,0,0
2651.771476,133823.3111,6824.192179,258378.623,0,0,0,0
1230.037734,113173.9303,3187.55196,199052.5577,0,0,0,0
1809.031035,93706.99422,4677.351313,187495.658,0,0,0,0
1015.123464,58630.68538,2587.487446,113841.3648,0,0,0,0
703.786746,39585.47528,1797.630679,75105.81932,0,0,0,0
698.7416593,42554.53411,1784.913306,81123.05727,0,0,0,0
1356.696085,94627.21382,3481.22816,166793.0597,0,0,0,0
872.3804711,49209.30069,2248.392517,96274.8265,0,0,0,0
1303.465188,75432.54649,3329.335945,149158.4864,0,0,0,0
821.8142616,46224.67655,2096.21798,89565.01951,0,0,0,0
1892.814032,170046.9421,4876.459229,311954.726,0,0,0,0
755.1530936,42467.66583,1946.435193,81106.42541,0,0,0,0
1384.736301,73782.04573,3558.197073,145132.3207,0,0,0,0
1101.224942,59008.30424,2829.496381,114777.7017,0,0,0,0
1279.860773,71647.58137,3276.627873,139817.4673,0,0,0,0
544.1085848,28792.28798,1407.347314,59481.41784,0,0,0,0
310.725863,15559.73788,801.4762765,31737.4987,0,0,0,0
435.8118911,21928.68824,1122.119458,44768.42557,0,0,0,0
339.5771849,17854.64709,876.4803595,36439.84304,0,0,0,0
390.4100108,21273.73652,1001.554429,43270.5604,0,0,0,0
266.8743764,11227.67948,679.7249606,22673.76297,0,0,0,0
742.8447295,47617.42541,1959.785361,90616.89114,0,0,0,0
491.6588739,29380.97921,1276.356911,54421.68866,0,0,0,0
431.4329183,25568.28492,1128.987641,46868.84905,0,0,0,0
362.5611633,19639.32054,934.3866551,35754.61196,1.378780894,73.08925578,3.553375499,132.0933384
598.5632421,35779.03449,1569.285404,66527.21382,0,0,0,0
522.0800202,31729.99242,1334.260721,60625.05196,0,0,0,0
178.1350585,11708.47737,456.61073,20745.04445,0,0,0,0
4787059.787,9568603.321,6986169.932,13832311.75,0,0,0,0
742.9028122,243438.8944,1951.401975,395405.4752,0,0,0,0
264.4022962,28511.29471,688.9346629,44212.11096,0,0,0,0
531.2524491,29143.20615,1367.572681,56587.24156,0,0,0,0
984.6974174,53015.22462,2532.472791,105379.8695,0,0,0,0
740.4400193,41845.25637,1891.079948,82271.5044,0,0,0,0
175389.4046,3534835.563,329045.3355,5540461.511,0,0,0,0
538780.1202,1223042.31,995702.8629,1855307.949,0,0,0,0
479083.9157,2150038.936,885681.0622,3421415.975,0,0,0,0
448750.5168,1430581.662,828479.5102,2276361.523,0,0,0,0
505961.6615,1716211.253,934187.7779,2756870.092,0,0,0,0
18588736.32,40420269.24,29774465.74,61344788.84,236764.7548,0,368059.9029,0
356175.5848,1358625.608,658532.335,2185662.361,0,0,0,0
359162.6534,3941183.894,663805.5994,6220408.682,0,0,0,0
511216.8354,2598185.641,944127.4029,4161672.38,0,0,3.55271E-14,0
542530.3459,2906260.765,1002890.685,4756482.378,0,0,0,0
363258.0269,1790664.089,670691.9688,2967459.166,6097.235987,0,11257.47239,0
424486.046,2692035.706,782226.6673,4439375.288,274703.73,308032.4609,508061.3249,504650.64
657744.805,2832203.01,1214247.63,4696300.158,0,0,0,0
1770354.136,4948629.366,3535200.605,9207331.93,0,0,0,0
658430.7683,2447950.3,1216307.75,4031736.426,0,0,0,0
662551.2818,2816297.713,1223275.221,4686038.317,1644.596476,0,3036.435327,0
235629.6233,1201724.212,435019.2778,1992715.104,11509.43428,0,21265.1346,0
295746.7256,949298.7634,545900.4561,1578569.798,0,0,0,0
431463.3311,2046207.405,796422.8894,3418825.739,21075.64249,0,38902.78241,0
983306.9989,4708469.568,1815616.189,7735093.018,0,0,0,0
780539.1028,3581600.654,1441101.099,5749772.418,0,0,0,0
871024.0757,3395091.578,1607930.194,5645823.349,0,0,0,0
4670.491294,1132477.57,13359.58234,1477011.881,0,0,0,0
7086.186245,1244548.951,20269.4968,1547431.858,0,0,0,0
6180.091232,1304408.398,17677.70734,1835496.545,0,0,0,0
1952.329564,743047.1311,5584.489985,1147634.246,0,0,0,0
1314591.79,7570474.688,2420336.28,12100158.6,0,0,0,0
570.5572602,541324.1313,1632.0282,967172.4504,0,0,0,0
2271992.784,5620945.725,3573467.66,8334165.265,0,0,0,0
1103.824615,159637.3742,3157.391828,274601.7384,0,0,0,0
1451049.217,2013131.114,1455213.776,2046749.796,0,0,0,0
1383.611333,484978.1727,3957.711507,613572.9634,0,0,0,0
171.5826275,75125.64272,490.8036638,92888.80761,0,0,0,0
105.7825033,25363.59879,302.5930319,35694.16381,0,0,0,0
1890.677694,272769.7828,5408.13679,457343.8221,0,0,0,0
1338.694497,180848.2493,3829.226002,302031.6031,0,0,0,0
1117.081811,538979.3346,3195.323175,881722.5109,0,0,0,0
3203.14897,1316201.891,9162.358851,1991301.149,0,0,0,0
286.3258029,119903.7115,818.9797043,152251.3832,277.412577,33055.85704,793.5650695,44888.89002
254.5658741,123545.5751,728.1573343,150329.9816,0,0,0,0
1236478.586,3863011.57,2279629.223,6044734.571,0,0,0,0
1961.922722,1011830.478,5611.932348,1448118.016,0,0,0,0
2690.077759,696882.7448,7694.74775,1018756.639,0,0,0,0
2492.571724,569959.88,7129.797112,784059.223,0,0,0,0
1783.499043,676011.137,5101.555431,938506.4574,0,0,0,0
1249.458185,634045.7247,3573.963115,867264.0964,0,0,0,0
511.8152935,495310.6494,1464.043829,630346.5506,31.42052289,0,89.85513092,0
1262.113141,452883.1269,3610.168023,719828.77,0,0,0,0
51.23081815,35299.6723,146.5473816,39671.11665,0,0,0,0
1316161.032,4478922.152,2421918.697,7279534.037,0,0,0,0
581.9809294,60991.64923,1664.707194,108347.7329,0,0,0,0
3100679.381,8551094.895,6604123.365,17758158.85,0,0,0,0
909.637423,104838.2526,2601.948984,184694.1092,0,0,0,0
929.7578122,129915.0339,2659.496125,234288.8651,0,0,0,0
276.8418391,162454.9952,791.8754399,257732.8396,0,0,0,0
300.536928,49720.16632,859.6571223,74130.8675,0,0,0,0
998.685938,184076.8443,2856.652878,303293.6426,0,0,0,0
2387.0896,1134435.084,6828.077034,1905662.863,0,0,0,0
753.4466271,103665.9109,2155.155583,181889.607,0,0,0,0
290.0740089,99030.20856,829.7371635,172024.2083,0,0,0,0
3574.277539,1114657.971,10223.94293,1867178.544,0,0,0,0
98047.67202,975401.0816,102724.0448,1509427.346,0,0,0,0
1606.139579,170533.0496,4594.238879,305665.0762,0,0,0,0
1393.30572,166774.6322,3985.441719,296574.0037,0,0,0,0
927.715727,78580.9828,2653.642278,125591.3323,0,0,0,0
1362.189739,243832.9308,3896.489359,419481.7085,0,0,0,0
1265.114889,143623.3062,3618.769756,253995.5961,0,0,0,0
1375.541739,152873.3789,3934.635439,270593.7973,0,0,0,0
397.4092005,56181.52593,1136.759318,88743.08542,0,0,0,0
1797.878233,678159.1851,5142.695701,1117099.731,0,0,0,0
1482.158438,131661.8926,4239.598465,260434.9786,0,0,0,0
542.313612,61357.91158,1551.257414,114520.6557,0,0,0,0
709.2089846,70297.04845,2028.637066,133448.5489,0,0,0,0
4076.153555,564916.3916,11659.41978,979984.1089,0,0,0,0
1316.360677,142372.7471,3765.362965,264701.4747,0,0,0,0
1410.655428,320507.1915,4035.098102,563965.4226,0,0,0,0
1214.048861,307034.7122,3472.683988,523378.8709,0,0,0,0
1021.458644,94326.85931,2921.758785,167567.2192,0,0,0,0
4090.228726,412681.0357,11699.65827,758771.8653,0,0,0,0
2489.736137,240977.7147,7121.69746,460255.9767,0,0,0,0
1053.850836,125917.6367,3014.458651,230997.3602,0,0,0,0
808.907514,85564.75228,2313.783833,151552.2062,0,0,0,0
1907.560484,183260.5041,5456.398204,343843.3142,0,0,0,0
2011.64914,163965.7951,5754.166454,305335.8354,0,0,0,0
486.8766601,70570.19221,1392.672852,123861.7697,0,0,0,0
1798.936073,102401.4762,5145.719574,221044.1229,0,0,0,0
1191.532469,124230.3355,3408.289291,244212.0382,0,0,0,0
2340.961288,271382.0049,6696.141866,483407.1897,0,0,0,0
1254.02902,146462.1,3587.053044,274042.1317,0,0,0,0
920.5244793,295208.8729,2633.116964,523697.0405,0,0,0,0
694.4605156,57876.37344,1986.477095,108514.4029,0,0,0,0
924.6754236,74665.73013,2644.934649,145605.5445,0,0,0,0
168.3768104,22481.71644,481.6213025,35709.77263,0,0,0,0
3388980.739,8453192.592,6237075.269,13755160.9,0,0,0,0
1705085.007,5122872.116,3136973.575,8228602.766,0,0,0,0
511.2901568,164443.941,1462.503552,199440.8209,0,0,0,0
6773223.963,16682825.43,12460106.24,26710443.38,0,0,0,0
1392.873272,387559.1972,3984.198093,647784.1204,0,0,0,0
1210.19037,324903.8672,3461.650108,515924.6555,0,0,0,0
956.2501088,169057.5601,2735.287229,266083.6062,0,0,0,0
1681.241496,627679.4713,4809.058499,1032777.699,0,0,0,0
1139.122788,178278.5822,3258.363561,283278.1987,0,0,0,0
883.8399139,244088.839,2528.150848,380139.3639,0,0,0,0
1101.617588,162807.1861,3151.090953,252250.9768,0,0,0,0
6774340.271,16340109,12461386.12,26498171.17,0,0,0,0
2657.265184,467215.6771,7600.896778,774519.3191,0,0,0,0
1222.050954,261044.3062,3495.578932,437583.457,0,0,0,0
3725.239189,480764.2716,10655.73318,816493.6721,0,0,0,0
955.7560027,205623.2517,2733.864117,346153.3985,0,0,0,0
476.3758302,74492.55375,1362.631093,115920.6314,0,0,0,0
537.6425394,180047.7271,1537.879493,292652.0891,0,0,0,0
1131.054506,138345.4991,3235.298191,237257.4102,0,0,0,0
504.3431306,138469.8066,1442.633976,227615.6081,0,0,0,0
691.2583874,132791.3439,1977.284924,260185.4412,0,0,0,0
571.9441716,186027.8194,1635.994452,306506.6487,0,0,0,0
550.8997031,162179.7264,1575.811928,265696.8132,0,0,0,0
469.5377225,68043.31266,1343.081551,114676.8413,0,0,0,0
107.8221542,31924.43032,308.4148499,49315.57481,137.5926005,8081.608813,393.5811189,12350.14944
147865.6944,2548349.025,275115.4484,3366572.966,0,0,0,0
894.3137198,152868.4416,2558.102778,234252.985,0,0,0,0
495.4120499,194677.1078,1417.080883,309457.7437,0,0,0,0
708.2927996,171495.9544,2026.008415,226997.6363,0,0,0,0
212.6382895,105844.9936,608.2310929,131704.0501,2.826550336,0,8.085074209,0
698.1110262,56485.1062,1996.896639,72629.22758,0,0,0,0
190.5388475,121546.0309,545.0190503,138580.6748,0,0,0,0
494.0718157,167196.9049,1413.261292,207132.2946,0,0,0,0
281.1151674,112593.815,804.102615,175038.7596,0,0,0,0
438.354988,73291.64172,1253.883867,107255.1667,0,0,0,0
0,0,0,0,0,0,0,0
0,0,0,0,0,0,0,0
0,0,0,0,0,0,0,0
0,0,0,0,0,0,0,0
0,0,0,0,0,0,0,0
0,0,0,0,0,0,0,0
0,0,0,0,0,0,0,0
0,0,0,0,0,0,0,0
0,0,0,0,0,0,0,0
0,0,0,0,0,0,0,0
0,0,0,0,0,0,0,0
0,0,0,0,0,0,0,0
0,0,0,0,0,0,0,0
0,0,0,0,0,0,0,0
0,0,0,0,0,0,0,0
0,0,0,0,0,0,0,0
0,0,0,0,0,0,0,0
0,0,0,0,0,0,0,0
0,0,0,0,0,0,0,0
0,0,0,0,0,0,0,0
0,0,0,0,0,0,0,0
0,0,0,0,0,0,0,0
0,0,0,0,0,0,0,0
0,0,0,0,0,0,0,0
0,0,0,0,0,0,0,0
0,0,0,0,0,0,0,0
0,0,0,0,0,0,0,0
0,0,0,0,0,0,0,0
0,0,0,0,0,0,0,0
0,0,0,0,0,0,0,0
0,0,0,0,0,0,0,0
0,0,0,0,0,0,0,0
0,0,0,0,0,0,0,0
0,0,0,0,0,0,0,0
0,0,0,0,0,0,0,0
0,0,0,0,0,0,0,0
0,0,0,0,0,0,0,0
0,0,0,0,0,0,0,0
0,0,0,0,0,0,0,0
0,0,0,0,0,0,0,0
0,0,0,0,0,0,0,0
0,0,0,0,0,0,0,0
0,0,0,0,0,0,0,0
0,0,0,0,0,0,0,0
0,0,0,0,0,0,0,0
0,0,0,0,0,0,0,0
0,0,0,0,0,0,0,0
4410.266321,351076.3682,12614.35292,722689.654,3050.980084,63975.80622,8728.423128,131694.0058
